+ set -o pipefail
+ export -f Usage
++ realpath sequence_handling_fastp
+ SCRIPT=/users/3/pier0273/morrell_lab/sequence_handling/sequence_handling_fastp
+++ dirname sequence_handling_fastp
++ cd .
++ pwd
+ SEQUENCE_HANDLING=/users/3/pier0273/morrell_lab/sequence_handling
+ VALID_SEQ_PLATFORMS=('CAPILLARY' 'LS454' 'ILLUMINA' 'SOLID' 'HELICOS' 'IONTORRENT' 'ONT' 'PACBIO')
+ [[ 2 -lt 1 ]]
+ ROUTINE=Fastp
+++ dirname Config_fastp
++ cd .
++ pwd
++ basename Config_fastp
+ CONFIG=/users/3/pier0273/morrell_lab/sequence_handling/Config_fastp
+ [[ -f /users/3/pier0273/morrell_lab/sequence_handling/Config_fastp ]]
+ source /users/3/pier0273/morrell_lab/sequence_handling/Config_fastp
++ OUT_DIR=/users/3/pier0273/morrell_lab/drosphila
++ PROJECT=drosophila_full_dataset
++ EMAIL=pier0273@umn.edu
++ QUAL_ENCODING=illumina
++ SEQ_PLATFORM=ILLUMINA
++ REF_GEN=/users/3/pier0273/morrell_lab/drosphila/drosophila_genome/ncbi_dataset
++ BARLEY=false
++ MSI=true
++ USE_PBS=false
++ USE_SLURM=true
++ FIX_QUALITY_SCORES=false
++ TMP=/home/morrellp/large/soybean_toy-all-libs/tmp
++ GD_QUEUE=small
++ GD_SBATCH='--nodes=1 --ntasks-per-node=4 --mem=1gb --tmp=1gb -t 06:00:00 --mail-type=ALL --mail-user=pier0273@umn.edu -p small'
++ GD_QSUB=mem=1gb,nodes=1:ppn=4,walltime=6:00:00
++ GBS_SAMPLES=
++ KEY_FILE=
++ LINE_ENDING=
++ MISMATCH_TOL=1
++ PARTIAL=0
++ FILE_TYPE=
++ module unload perl
++ local _mlredir=1
++ '[' -n '' ']'
++ case " $@ " in
++ '[' 1 -eq 0 ']'
++ _module_raw unload perl
++ unset _mlre _mlIFS
++ '[' -n x ']'
++ _mlIFS=' 	
'
++ IFS=' '
++ for _mlv in ${MODULES_RUN_QUARANTINE:-}
++ '[' LD_LIBRARY_PATH = LD_LIBRARY_PATH ']'
++ '[' LD_LIBRARY_PATH = LD_LIBRARY_PATH ']'
+++ eval 'echo ${LD_LIBRARY_PATH+x}'
++++ echo x
++ '[' -n x ']'
+++ eval 'echo ${LD_LIBRARY_PATH}'
++++ echo /common/software/install/migrated/cuda/11.2/lib64:/common/software/install/migrated/openmpi/el6/3.1.6/gnu-8.2.0-cuda/lib:/common/software/install/migrated/java/openjdk-11.0.2/lib:/common/software/install/migrated/java/openjdk-11.0.2/lib/jli:/common/software/install/migrated/java/openjdk-11.0.2/lib/server:/common/software/install/migrated/gcc/8.2.0/lib64:/common/software/install/migrated/isl/0.19_gcc8.1.0/lib:/common/software/install/migrated/mpc/1.1.0_gcc8.1.0/lib:/common/software/install/migrated/mpfr/4.0.1_gcc8.1.0/lib:/common/software/install/migrated/gmp/6.1.2_gcc8.1.0/lib:/common/software/install/migrated/gcc/8.1.0/lib64:/common/software/install/migrated/amber/amber20/lib
++ _mlre='__MODULES_QUAR_LD_LIBRARY_PATH='\''/common/software/install/migrated/cuda/11.2/lib64:/common/software/install/migrated/openmpi/el6/3.1.6/gnu-8.2.0-cuda/lib:/common/software/install/migrated/java/openjdk-11.0.2/lib:/common/software/install/migrated/java/openjdk-11.0.2/lib/jli:/common/software/install/migrated/java/openjdk-11.0.2/lib/server:/common/software/install/migrated/gcc/8.2.0/lib64:/common/software/install/migrated/isl/0.19_gcc8.1.0/lib:/common/software/install/migrated/mpc/1.1.0_gcc8.1.0/lib:/common/software/install/migrated/mpfr/4.0.1_gcc8.1.0/lib:/common/software/install/migrated/gmp/6.1.2_gcc8.1.0/lib:/common/software/install/migrated/gcc/8.1.0/lib64:/common/software/install/migrated/amber/amber20/lib'\'' '
++ _mlrv=MODULES_RUNENV_LD_LIBRARY_PATH
+++ eval 'echo ${MODULES_RUNENV_LD_LIBRARY_PATH:-}'
++++ echo
++ _mlre='__MODULES_QUAR_LD_LIBRARY_PATH='\''/common/software/install/migrated/cuda/11.2/lib64:/common/software/install/migrated/openmpi/el6/3.1.6/gnu-8.2.0-cuda/lib:/common/software/install/migrated/java/openjdk-11.0.2/lib:/common/software/install/migrated/java/openjdk-11.0.2/lib/jli:/common/software/install/migrated/java/openjdk-11.0.2/lib/server:/common/software/install/migrated/gcc/8.2.0/lib64:/common/software/install/migrated/isl/0.19_gcc8.1.0/lib:/common/software/install/migrated/mpc/1.1.0_gcc8.1.0/lib:/common/software/install/migrated/mpfr/4.0.1_gcc8.1.0/lib:/common/software/install/migrated/gmp/6.1.2_gcc8.1.0/lib:/common/software/install/migrated/gcc/8.1.0/lib64:/common/software/install/migrated/amber/amber20/lib'\'' LD_LIBRARY_PATH='\'''\'' '
++ for _mlv in ${MODULES_RUN_QUARANTINE:-}
++ '[' LD_PRELOAD = LD_PRELOAD ']'
++ '[' LD_PRELOAD = LD_PRELOAD ']'
+++ eval 'echo ${LD_PRELOAD+x}'
++++ echo
++ '[' -n '' ']'
++ _mlrv=MODULES_RUNENV_LD_PRELOAD
+++ eval 'echo ${MODULES_RUNENV_LD_PRELOAD:-}'
++++ echo
++ _mlre='__MODULES_QUAR_LD_LIBRARY_PATH='\''/common/software/install/migrated/cuda/11.2/lib64:/common/software/install/migrated/openmpi/el6/3.1.6/gnu-8.2.0-cuda/lib:/common/software/install/migrated/java/openjdk-11.0.2/lib:/common/software/install/migrated/java/openjdk-11.0.2/lib/jli:/common/software/install/migrated/java/openjdk-11.0.2/lib/server:/common/software/install/migrated/gcc/8.2.0/lib64:/common/software/install/migrated/isl/0.19_gcc8.1.0/lib:/common/software/install/migrated/mpc/1.1.0_gcc8.1.0/lib:/common/software/install/migrated/mpfr/4.0.1_gcc8.1.0/lib:/common/software/install/migrated/gmp/6.1.2_gcc8.1.0/lib:/common/software/install/migrated/gcc/8.1.0/lib64:/common/software/install/migrated/amber/amber20/lib'\'' LD_LIBRARY_PATH='\'''\'' LD_PRELOAD='\'''\'' '
++ '[' -n '__MODULES_QUAR_LD_LIBRARY_PATH='\''/common/software/install/migrated/cuda/11.2/lib64:/common/software/install/migrated/openmpi/el6/3.1.6/gnu-8.2.0-cuda/lib:/common/software/install/migrated/java/openjdk-11.0.2/lib:/common/software/install/migrated/java/openjdk-11.0.2/lib/jli:/common/software/install/migrated/java/openjdk-11.0.2/lib/server:/common/software/install/migrated/gcc/8.2.0/lib64:/common/software/install/migrated/isl/0.19_gcc8.1.0/lib:/common/software/install/migrated/mpc/1.1.0_gcc8.1.0/lib:/common/software/install/migrated/mpfr/4.0.1_gcc8.1.0/lib:/common/software/install/migrated/gmp/6.1.2_gcc8.1.0/lib:/common/software/install/migrated/gcc/8.1.0/lib64:/common/software/install/migrated/amber/amber20/lib'\'' LD_LIBRARY_PATH='\'''\'' LD_PRELOAD='\'''\'' ' ']'
++ _mlre='__MODULES_QUAR_LD_LIBRARY_PATH='\''/common/software/install/migrated/cuda/11.2/lib64:/common/software/install/migrated/openmpi/el6/3.1.6/gnu-8.2.0-cuda/lib:/common/software/install/migrated/java/openjdk-11.0.2/lib:/common/software/install/migrated/java/openjdk-11.0.2/lib/jli:/common/software/install/migrated/java/openjdk-11.0.2/lib/server:/common/software/install/migrated/gcc/8.2.0/lib64:/common/software/install/migrated/isl/0.19_gcc8.1.0/lib:/common/software/install/migrated/mpc/1.1.0_gcc8.1.0/lib:/common/software/install/migrated/mpfr/4.0.1_gcc8.1.0/lib:/common/software/install/migrated/gmp/6.1.2_gcc8.1.0/lib:/common/software/install/migrated/gcc/8.1.0/lib64:/common/software/install/migrated/amber/amber20/lib'\'' LD_LIBRARY_PATH='\'''\'' LD_PRELOAD='\'''\'' __MODULES_QUARANTINE_SET=1 '
+++ eval '__MODULES_QUAR_LD_LIBRARY_PATH='\''/common/software/install/migrated/cuda/11.2/lib64:/common/software/install/migrated/openmpi/el6/3.1.6/gnu-8.2.0-cuda/lib:/common/software/install/migrated/java/openjdk-11.0.2/lib:/common/software/install/migrated/java/openjdk-11.0.2/lib/jli:/common/software/install/migrated/java/openjdk-11.0.2/lib/server:/common/software/install/migrated/gcc/8.2.0/lib64:/common/software/install/migrated/isl/0.19_gcc8.1.0/lib:/common/software/install/migrated/mpc/1.1.0_gcc8.1.0/lib:/common/software/install/migrated/mpfr/4.0.1_gcc8.1.0/lib:/common/software/install/migrated/gmp/6.1.2_gcc8.1.0/lib:/common/software/install/migrated/gcc/8.1.0/lib64:/common/software/install/migrated/amber/amber20/lib'\''' 'LD_LIBRARY_PATH='\'''\''' 'LD_PRELOAD='\'''\''' __MODULES_QUARANTINE_SET=1 /usr/bin/tclsh /usr/share/Modules/libexec/modulecmd.tcl bash '"$@"'
++++ __MODULES_QUAR_LD_LIBRARY_PATH=/common/software/install/migrated/cuda/11.2/lib64:/common/software/install/migrated/openmpi/el6/3.1.6/gnu-8.2.0-cuda/lib:/common/software/install/migrated/java/openjdk-11.0.2/lib:/common/software/install/migrated/java/openjdk-11.0.2/lib/jli:/common/software/install/migrated/java/openjdk-11.0.2/lib/server:/common/software/install/migrated/gcc/8.2.0/lib64:/common/software/install/migrated/isl/0.19_gcc8.1.0/lib:/common/software/install/migrated/mpc/1.1.0_gcc8.1.0/lib:/common/software/install/migrated/mpfr/4.0.1_gcc8.1.0/lib:/common/software/install/migrated/gmp/6.1.2_gcc8.1.0/lib:/common/software/install/migrated/gcc/8.1.0/lib64:/common/software/install/migrated/amber/amber20/lib
++++ LD_LIBRARY_PATH=
++++ LD_PRELOAD=
++++ __MODULES_QUARANTINE_SET=1
++++ /usr/bin/tclsh /usr/share/Modules/libexec/modulecmd.tcl bash unload perl
++ eval ''
++ _mlstatus=0
++ '[' -n x ']'
++ IFS=' 	
'
++ unset _mlre _mlv _mlrv _mlIFS
++ return 0
++ module load fastqc
++ local _mlredir=1
++ '[' -n '' ']'
++ case " $@ " in
++ '[' 1 -eq 0 ']'
++ _module_raw load fastqc
++ unset _mlre _mlIFS
++ '[' -n x ']'
++ _mlIFS=' 	
'
++ IFS=' '
++ for _mlv in ${MODULES_RUN_QUARANTINE:-}
++ '[' LD_LIBRARY_PATH = LD_LIBRARY_PATH ']'
++ '[' LD_LIBRARY_PATH = LD_LIBRARY_PATH ']'
+++ eval 'echo ${LD_LIBRARY_PATH+x}'
++++ echo x
++ '[' -n x ']'
+++ eval 'echo ${LD_LIBRARY_PATH}'
++++ echo /common/software/install/migrated/cuda/11.2/lib64:/common/software/install/migrated/openmpi/el6/3.1.6/gnu-8.2.0-cuda/lib:/common/software/install/migrated/java/openjdk-11.0.2/lib:/common/software/install/migrated/java/openjdk-11.0.2/lib/jli:/common/software/install/migrated/java/openjdk-11.0.2/lib/server:/common/software/install/migrated/gcc/8.2.0/lib64:/common/software/install/migrated/isl/0.19_gcc8.1.0/lib:/common/software/install/migrated/mpc/1.1.0_gcc8.1.0/lib:/common/software/install/migrated/mpfr/4.0.1_gcc8.1.0/lib:/common/software/install/migrated/gmp/6.1.2_gcc8.1.0/lib:/common/software/install/migrated/gcc/8.1.0/lib64:/common/software/install/migrated/amber/amber20/lib
++ _mlre='__MODULES_QUAR_LD_LIBRARY_PATH='\''/common/software/install/migrated/cuda/11.2/lib64:/common/software/install/migrated/openmpi/el6/3.1.6/gnu-8.2.0-cuda/lib:/common/software/install/migrated/java/openjdk-11.0.2/lib:/common/software/install/migrated/java/openjdk-11.0.2/lib/jli:/common/software/install/migrated/java/openjdk-11.0.2/lib/server:/common/software/install/migrated/gcc/8.2.0/lib64:/common/software/install/migrated/isl/0.19_gcc8.1.0/lib:/common/software/install/migrated/mpc/1.1.0_gcc8.1.0/lib:/common/software/install/migrated/mpfr/4.0.1_gcc8.1.0/lib:/common/software/install/migrated/gmp/6.1.2_gcc8.1.0/lib:/common/software/install/migrated/gcc/8.1.0/lib64:/common/software/install/migrated/amber/amber20/lib'\'' '
++ _mlrv=MODULES_RUNENV_LD_LIBRARY_PATH
+++ eval 'echo ${MODULES_RUNENV_LD_LIBRARY_PATH:-}'
++++ echo
++ _mlre='__MODULES_QUAR_LD_LIBRARY_PATH='\''/common/software/install/migrated/cuda/11.2/lib64:/common/software/install/migrated/openmpi/el6/3.1.6/gnu-8.2.0-cuda/lib:/common/software/install/migrated/java/openjdk-11.0.2/lib:/common/software/install/migrated/java/openjdk-11.0.2/lib/jli:/common/software/install/migrated/java/openjdk-11.0.2/lib/server:/common/software/install/migrated/gcc/8.2.0/lib64:/common/software/install/migrated/isl/0.19_gcc8.1.0/lib:/common/software/install/migrated/mpc/1.1.0_gcc8.1.0/lib:/common/software/install/migrated/mpfr/4.0.1_gcc8.1.0/lib:/common/software/install/migrated/gmp/6.1.2_gcc8.1.0/lib:/common/software/install/migrated/gcc/8.1.0/lib64:/common/software/install/migrated/amber/amber20/lib'\'' LD_LIBRARY_PATH='\'''\'' '
++ for _mlv in ${MODULES_RUN_QUARANTINE:-}
++ '[' LD_PRELOAD = LD_PRELOAD ']'
++ '[' LD_PRELOAD = LD_PRELOAD ']'
+++ eval 'echo ${LD_PRELOAD+x}'
++++ echo
++ '[' -n '' ']'
++ _mlrv=MODULES_RUNENV_LD_PRELOAD
+++ eval 'echo ${MODULES_RUNENV_LD_PRELOAD:-}'
++++ echo
++ _mlre='__MODULES_QUAR_LD_LIBRARY_PATH='\''/common/software/install/migrated/cuda/11.2/lib64:/common/software/install/migrated/openmpi/el6/3.1.6/gnu-8.2.0-cuda/lib:/common/software/install/migrated/java/openjdk-11.0.2/lib:/common/software/install/migrated/java/openjdk-11.0.2/lib/jli:/common/software/install/migrated/java/openjdk-11.0.2/lib/server:/common/software/install/migrated/gcc/8.2.0/lib64:/common/software/install/migrated/isl/0.19_gcc8.1.0/lib:/common/software/install/migrated/mpc/1.1.0_gcc8.1.0/lib:/common/software/install/migrated/mpfr/4.0.1_gcc8.1.0/lib:/common/software/install/migrated/gmp/6.1.2_gcc8.1.0/lib:/common/software/install/migrated/gcc/8.1.0/lib64:/common/software/install/migrated/amber/amber20/lib'\'' LD_LIBRARY_PATH='\'''\'' LD_PRELOAD='\'''\'' '
++ '[' -n '__MODULES_QUAR_LD_LIBRARY_PATH='\''/common/software/install/migrated/cuda/11.2/lib64:/common/software/install/migrated/openmpi/el6/3.1.6/gnu-8.2.0-cuda/lib:/common/software/install/migrated/java/openjdk-11.0.2/lib:/common/software/install/migrated/java/openjdk-11.0.2/lib/jli:/common/software/install/migrated/java/openjdk-11.0.2/lib/server:/common/software/install/migrated/gcc/8.2.0/lib64:/common/software/install/migrated/isl/0.19_gcc8.1.0/lib:/common/software/install/migrated/mpc/1.1.0_gcc8.1.0/lib:/common/software/install/migrated/mpfr/4.0.1_gcc8.1.0/lib:/common/software/install/migrated/gmp/6.1.2_gcc8.1.0/lib:/common/software/install/migrated/gcc/8.1.0/lib64:/common/software/install/migrated/amber/amber20/lib'\'' LD_LIBRARY_PATH='\'''\'' LD_PRELOAD='\'''\'' ' ']'
++ _mlre='__MODULES_QUAR_LD_LIBRARY_PATH='\''/common/software/install/migrated/cuda/11.2/lib64:/common/software/install/migrated/openmpi/el6/3.1.6/gnu-8.2.0-cuda/lib:/common/software/install/migrated/java/openjdk-11.0.2/lib:/common/software/install/migrated/java/openjdk-11.0.2/lib/jli:/common/software/install/migrated/java/openjdk-11.0.2/lib/server:/common/software/install/migrated/gcc/8.2.0/lib64:/common/software/install/migrated/isl/0.19_gcc8.1.0/lib:/common/software/install/migrated/mpc/1.1.0_gcc8.1.0/lib:/common/software/install/migrated/mpfr/4.0.1_gcc8.1.0/lib:/common/software/install/migrated/gmp/6.1.2_gcc8.1.0/lib:/common/software/install/migrated/gcc/8.1.0/lib64:/common/software/install/migrated/amber/amber20/lib'\'' LD_LIBRARY_PATH='\'''\'' LD_PRELOAD='\'''\'' __MODULES_QUARANTINE_SET=1 '
+++ eval '__MODULES_QUAR_LD_LIBRARY_PATH='\''/common/software/install/migrated/cuda/11.2/lib64:/common/software/install/migrated/openmpi/el6/3.1.6/gnu-8.2.0-cuda/lib:/common/software/install/migrated/java/openjdk-11.0.2/lib:/common/software/install/migrated/java/openjdk-11.0.2/lib/jli:/common/software/install/migrated/java/openjdk-11.0.2/lib/server:/common/software/install/migrated/gcc/8.2.0/lib64:/common/software/install/migrated/isl/0.19_gcc8.1.0/lib:/common/software/install/migrated/mpc/1.1.0_gcc8.1.0/lib:/common/software/install/migrated/mpfr/4.0.1_gcc8.1.0/lib:/common/software/install/migrated/gmp/6.1.2_gcc8.1.0/lib:/common/software/install/migrated/gcc/8.1.0/lib64:/common/software/install/migrated/amber/amber20/lib'\''' 'LD_LIBRARY_PATH='\'''\''' 'LD_PRELOAD='\'''\''' __MODULES_QUARANTINE_SET=1 /usr/bin/tclsh /usr/share/Modules/libexec/modulecmd.tcl bash '"$@"'
++++ __MODULES_QUAR_LD_LIBRARY_PATH=/common/software/install/migrated/cuda/11.2/lib64:/common/software/install/migrated/openmpi/el6/3.1.6/gnu-8.2.0-cuda/lib:/common/software/install/migrated/java/openjdk-11.0.2/lib:/common/software/install/migrated/java/openjdk-11.0.2/lib/jli:/common/software/install/migrated/java/openjdk-11.0.2/lib/server:/common/software/install/migrated/gcc/8.2.0/lib64:/common/software/install/migrated/isl/0.19_gcc8.1.0/lib:/common/software/install/migrated/mpc/1.1.0_gcc8.1.0/lib:/common/software/install/migrated/mpfr/4.0.1_gcc8.1.0/lib:/common/software/install/migrated/gmp/6.1.2_gcc8.1.0/lib:/common/software/install/migrated/gcc/8.1.0/lib64:/common/software/install/migrated/amber/amber20/lib
++++ LD_LIBRARY_PATH=
++++ LD_PRELOAD=
++++ __MODULES_QUARANTINE_SET=1
++++ /usr/bin/tclsh /usr/share/Modules/libexec/modulecmd.tcl bash load fastqc
++ eval 'LD_LIBRARY_PATH=/common/software/install/migrated/java/openjdk-8_202/lib:/common/software/install/migrated/java/openjdk-8_202/jre/lib/amd64/server:/common/software/install/migrated/cuda/11.2/lib64:/common/software/install/migrated/openmpi/el6/3.1.6/gnu-8.2.0-cuda/lib:/common/software/install/migrated/java/openjdk-11.0.2/lib:/common/software/install/migrated/java/openjdk-11.0.2/lib/jli:/common/software/install/migrated/java/openjdk-11.0.2/lib/server:/common/software/install/migrated/gcc/8.2.0/lib64:/common/software/install/migrated/isl/0.19_gcc8.1.0/lib:/common/software/install/migrated/mpc/1.1.0_gcc8.1.0/lib:/common/software/install/migrated/mpfr/4.0.1_gcc8.1.0/lib:/common/software/install/migrated/gmp/6.1.2_gcc8.1.0/lib:/common/software/install/migrated/gcc/8.1.0/lib64:/common/software/install/migrated/amber/amber20/lib; export LD_LIBRARY_PATH;
CPATH=/common/software/install/migrated/java/openjdk-8_202/include:/common/software/install/migrated/cuda/11.2/include:/common/software/install/migrated/openmpi/el6/3.1.6/gnu-8.2.0-cuda/include:/common/software/install/migrated/java/openjdk-11.0.2/include:/common/software/install/migrated/gcc/8.2.0/include:/common/software/install/migrated/isl/0.19_gcc8.1.0/include:/common/software/install/migrated/mpc/1.1.0_gcc8.1.0/include:/common/software/install/migrated/mpfr/4.0.1_gcc8.1.0/include:/common/software/install/migrated/gmp/6.1.2_gcc8.1.0/include; export CPATH;
MANPATH=/common/software/install/migrated/java/openjdk-8_202/man:/common/software/install/migrated/openmpi/el6/3.1.6/gnu-8.2.0-cuda/share/man:/common/software/install/migrated/java/openjdk-11.0.2/man:/common/software/install/migrated/gcc/8.2.0/share/man::/opt/puppetlabs/puppet/share/man:/opt/slurm/rocky8/ofed-24.07/x86_64/23.11.8/share/man; export MANPATH;
JAVA_HOME=/common/software/install/migrated/java/openjdk-8_202; export JAVA_HOME;
LOADEDMODULES=gmp/6.1.2_gcc8.1.0:mpfr/4.0.1_gcc8.1.0:mpc/1.1.0_gcc8.1.0:isl/0.19_gcc8.1.0:gcc/8.2.0:java/openjdk-11.0.2:ompi/3.1.6/gnu-8.2.0-cuda:cuda/11.2:amber/20:conda/4.4.7-py36_0:java/openjdk-8_202:fastqc/0.12.1; export LOADEDMODULES;
_LMFILES_=/common/software/modulefiles/migrated/common/gmp/6.1.2_gcc8.1.0:/common/software/modulefiles/migrated/common/mpfr/4.0.1_gcc8.1.0:/common/software/modulefiles/migrated/common/mpc/1.1.0_gcc8.1.0:/common/software/modulefiles/migrated/common/isl/0.19_gcc8.1.0:/common/software/modulefiles/migrated/hpc/gcc/8.2.0:/common/software/modulefiles/migrated/common/java/openjdk-11.0.2:/common/software/modulefiles/migrated/hpc/ompi/3.1.6/gnu-8.2.0-cuda:/common/software/modulefiles/migrated/hpc/cuda/11.2:/common/software/modulefiles/migrated/hpc/amber/20:/home/lmnp/knut0297/software/modulesfiles/conda/4.4.7-py36_0:/common/software/modulefiles/migrated/common/java/openjdk-8_202:/common/software/modulefiles/manual/common/fastqc/0.12.1; export _LMFILES_;
__MODULES_LMTAG=gmp/6.1.2_gcc8.1.0\&auto-loaded:mpfr/4.0.1_gcc8.1.0\&auto-loaded:mpc/1.1.0_gcc8.1.0\&auto-loaded:isl/0.19_gcc8.1.0\&auto-loaded:gcc/8.2.0\&auto-loaded:java/openjdk-11.0.2\&auto-loaded:ompi/3.1.6/gnu-8.2.0-cuda\&auto-loaded:cuda/11.2\&auto-loaded:java/openjdk-8_202\&auto-loaded; export __MODULES_LMTAG;
INCLUDE=/common/software/install/migrated/java/openjdk-8_202/include:/common/software/install/migrated/cuda/11.2/include:/common/software/install/migrated/openmpi/el6/3.1.6/gnu-8.2.0-cuda/include:/common/software/install/migrated/java/openjdk-11.0.2/include:/common/software/install/migrated/gcc/8.2.0/include:/common/software/install/migrated/isl/0.19_gcc8.1.0/include:/common/software/install/migrated/mpc/1.1.0_gcc8.1.0/include:/common/software/install/migrated/mpfr/4.0.1_gcc8.1.0/include:/common/software/install/migrated/gmp/6.1.2_gcc8.1.0/include; export INCLUDE;
CPLUS_INCLUDE_PATH=/common/software/install/migrated/java/openjdk-8_202/include:/common/software/install/migrated/cuda/11.2/include:/common/software/install/migrated/openmpi/el6/3.1.6/gnu-8.2.0-cuda/include:/common/software/install/migrated/java/openjdk-11.0.2/include:/common/software/install/migrated/gcc/8.2.0/include:/common/software/install/migrated/isl/0.19_gcc8.1.0/include:/common/software/install/migrated/mpc/1.1.0_gcc8.1.0/include:/common/software/install/migrated/mpfr/4.0.1_gcc8.1.0/include:/common/software/install/migrated/gmp/6.1.2_gcc8.1.0/include; export CPLUS_INCLUDE_PATH;
__MODULES_LMALTNAME=gcc/8.2.0\&gcc/default\&gcc:cuda/11.2\&cuda\&as\|cuda/default:conda/4.4.7-py36_0\&conda/default\&conda\&as\|conda/latest:java/openjdk-8_202\&java\&as\|java/default:fastqc/0.12.1\&as\|fastqc/default\&as\|fastqc/latest; export __MODULES_LMALTNAME;
__MODULES_SHARE_MANPATH=:1; export __MODULES_SHARE_MANPATH;
C_INCLUDE_PATH=/common/software/install/migrated/java/openjdk-8_202/include:/common/software/install/migrated/cuda/11.2/include:/common/software/install/migrated/openmpi/el6/3.1.6/gnu-8.2.0-cuda/include:/common/software/install/migrated/java/openjdk-11.0.2/include:/common/software/install/migrated/gcc/8.2.0/include:/common/software/install/migrated/isl/0.19_gcc8.1.0/include:/common/software/install/migrated/mpc/1.1.0_gcc8.1.0/include:/common/software/install/migrated/mpfr/4.0.1_gcc8.1.0/include:/common/software/install/migrated/gmp/6.1.2_gcc8.1.0/include; export C_INCLUDE_PATH;
CLASSPATH=/common/software/install/migrated/java/openjdk-8_202/lib:/common/software/install/migrated/java/openjdk-11.0.2/lib; export CLASSPATH;
unset _JAVA_OPTIONS;
PATH=/common/software/install/manual/fastqc/0.12.1:/common/software/install/migrated/java/openjdk-8_202/bin:/users/3/pier0273/bin:/users/3/pier0273/vim/bin:/home/lmnp/knut0297/software/modules/conda/4.4.7-py36_0/bin:/common/software/install/migrated/cuda/11.2/bin:/common/software/install/migrated/openmpi/el6/3.1.6/gnu-8.2.0-cuda/bin:/common/software/install/migrated/java/openjdk-11.0.2/bin:/common/software/install/migrated/gcc/8.2.0/bin:/users/3/pier0273/vim/bin:/opt/msi/bin:/usr/share/Modules/bin:/usr/local/bin:/usr/bin:/usr/local/sbin:/usr/sbin:/opt/puppetlabs/bin:/common/software/install/migrated/amber/amber20/bin; export PATH;
test 0;'
+++ LD_LIBRARY_PATH=/common/software/install/migrated/java/openjdk-8_202/lib:/common/software/install/migrated/java/openjdk-8_202/jre/lib/amd64/server:/common/software/install/migrated/cuda/11.2/lib64:/common/software/install/migrated/openmpi/el6/3.1.6/gnu-8.2.0-cuda/lib:/common/software/install/migrated/java/openjdk-11.0.2/lib:/common/software/install/migrated/java/openjdk-11.0.2/lib/jli:/common/software/install/migrated/java/openjdk-11.0.2/lib/server:/common/software/install/migrated/gcc/8.2.0/lib64:/common/software/install/migrated/isl/0.19_gcc8.1.0/lib:/common/software/install/migrated/mpc/1.1.0_gcc8.1.0/lib:/common/software/install/migrated/mpfr/4.0.1_gcc8.1.0/lib:/common/software/install/migrated/gmp/6.1.2_gcc8.1.0/lib:/common/software/install/migrated/gcc/8.1.0/lib64:/common/software/install/migrated/amber/amber20/lib
+++ export LD_LIBRARY_PATH
+++ CPATH=/common/software/install/migrated/java/openjdk-8_202/include:/common/software/install/migrated/cuda/11.2/include:/common/software/install/migrated/openmpi/el6/3.1.6/gnu-8.2.0-cuda/include:/common/software/install/migrated/java/openjdk-11.0.2/include:/common/software/install/migrated/gcc/8.2.0/include:/common/software/install/migrated/isl/0.19_gcc8.1.0/include:/common/software/install/migrated/mpc/1.1.0_gcc8.1.0/include:/common/software/install/migrated/mpfr/4.0.1_gcc8.1.0/include:/common/software/install/migrated/gmp/6.1.2_gcc8.1.0/include
+++ export CPATH
+++ MANPATH=/common/software/install/migrated/java/openjdk-8_202/man:/common/software/install/migrated/openmpi/el6/3.1.6/gnu-8.2.0-cuda/share/man:/common/software/install/migrated/java/openjdk-11.0.2/man:/common/software/install/migrated/gcc/8.2.0/share/man::/opt/puppetlabs/puppet/share/man:/opt/slurm/rocky8/ofed-24.07/x86_64/23.11.8/share/man
+++ export MANPATH
+++ JAVA_HOME=/common/software/install/migrated/java/openjdk-8_202
+++ export JAVA_HOME
+++ LOADEDMODULES=gmp/6.1.2_gcc8.1.0:mpfr/4.0.1_gcc8.1.0:mpc/1.1.0_gcc8.1.0:isl/0.19_gcc8.1.0:gcc/8.2.0:java/openjdk-11.0.2:ompi/3.1.6/gnu-8.2.0-cuda:cuda/11.2:amber/20:conda/4.4.7-py36_0:java/openjdk-8_202:fastqc/0.12.1
+++ export LOADEDMODULES
+++ _LMFILES_=/common/software/modulefiles/migrated/common/gmp/6.1.2_gcc8.1.0:/common/software/modulefiles/migrated/common/mpfr/4.0.1_gcc8.1.0:/common/software/modulefiles/migrated/common/mpc/1.1.0_gcc8.1.0:/common/software/modulefiles/migrated/common/isl/0.19_gcc8.1.0:/common/software/modulefiles/migrated/hpc/gcc/8.2.0:/common/software/modulefiles/migrated/common/java/openjdk-11.0.2:/common/software/modulefiles/migrated/hpc/ompi/3.1.6/gnu-8.2.0-cuda:/common/software/modulefiles/migrated/hpc/cuda/11.2:/common/software/modulefiles/migrated/hpc/amber/20:/home/lmnp/knut0297/software/modulesfiles/conda/4.4.7-py36_0:/common/software/modulefiles/migrated/common/java/openjdk-8_202:/common/software/modulefiles/manual/common/fastqc/0.12.1
+++ export _LMFILES_
+++ __MODULES_LMTAG='gmp/6.1.2_gcc8.1.0&auto-loaded:mpfr/4.0.1_gcc8.1.0&auto-loaded:mpc/1.1.0_gcc8.1.0&auto-loaded:isl/0.19_gcc8.1.0&auto-loaded:gcc/8.2.0&auto-loaded:java/openjdk-11.0.2&auto-loaded:ompi/3.1.6/gnu-8.2.0-cuda&auto-loaded:cuda/11.2&auto-loaded:java/openjdk-8_202&auto-loaded'
+++ export __MODULES_LMTAG
+++ INCLUDE=/common/software/install/migrated/java/openjdk-8_202/include:/common/software/install/migrated/cuda/11.2/include:/common/software/install/migrated/openmpi/el6/3.1.6/gnu-8.2.0-cuda/include:/common/software/install/migrated/java/openjdk-11.0.2/include:/common/software/install/migrated/gcc/8.2.0/include:/common/software/install/migrated/isl/0.19_gcc8.1.0/include:/common/software/install/migrated/mpc/1.1.0_gcc8.1.0/include:/common/software/install/migrated/mpfr/4.0.1_gcc8.1.0/include:/common/software/install/migrated/gmp/6.1.2_gcc8.1.0/include
+++ export INCLUDE
+++ CPLUS_INCLUDE_PATH=/common/software/install/migrated/java/openjdk-8_202/include:/common/software/install/migrated/cuda/11.2/include:/common/software/install/migrated/openmpi/el6/3.1.6/gnu-8.2.0-cuda/include:/common/software/install/migrated/java/openjdk-11.0.2/include:/common/software/install/migrated/gcc/8.2.0/include:/common/software/install/migrated/isl/0.19_gcc8.1.0/include:/common/software/install/migrated/mpc/1.1.0_gcc8.1.0/include:/common/software/install/migrated/mpfr/4.0.1_gcc8.1.0/include:/common/software/install/migrated/gmp/6.1.2_gcc8.1.0/include
+++ export CPLUS_INCLUDE_PATH
+++ __MODULES_LMALTNAME='gcc/8.2.0&gcc/default&gcc:cuda/11.2&cuda&as|cuda/default:conda/4.4.7-py36_0&conda/default&conda&as|conda/latest:java/openjdk-8_202&java&as|java/default:fastqc/0.12.1&as|fastqc/default&as|fastqc/latest'
+++ export __MODULES_LMALTNAME
+++ __MODULES_SHARE_MANPATH=:1
+++ export __MODULES_SHARE_MANPATH
+++ C_INCLUDE_PATH=/common/software/install/migrated/java/openjdk-8_202/include:/common/software/install/migrated/cuda/11.2/include:/common/software/install/migrated/openmpi/el6/3.1.6/gnu-8.2.0-cuda/include:/common/software/install/migrated/java/openjdk-11.0.2/include:/common/software/install/migrated/gcc/8.2.0/include:/common/software/install/migrated/isl/0.19_gcc8.1.0/include:/common/software/install/migrated/mpc/1.1.0_gcc8.1.0/include:/common/software/install/migrated/mpfr/4.0.1_gcc8.1.0/include:/common/software/install/migrated/gmp/6.1.2_gcc8.1.0/include
+++ export C_INCLUDE_PATH
+++ CLASSPATH=/common/software/install/migrated/java/openjdk-8_202/lib:/common/software/install/migrated/java/openjdk-11.0.2/lib
+++ export CLASSPATH
+++ unset _JAVA_OPTIONS
+++ PATH=/common/software/install/manual/fastqc/0.12.1:/common/software/install/migrated/java/openjdk-8_202/bin:/users/3/pier0273/bin:/users/3/pier0273/vim/bin:/home/lmnp/knut0297/software/modules/conda/4.4.7-py36_0/bin:/common/software/install/migrated/cuda/11.2/bin:/common/software/install/migrated/openmpi/el6/3.1.6/gnu-8.2.0-cuda/bin:/common/software/install/migrated/java/openjdk-11.0.2/bin:/common/software/install/migrated/gcc/8.2.0/bin:/users/3/pier0273/vim/bin:/opt/msi/bin:/usr/share/Modules/bin:/usr/local/bin:/usr/bin:/usr/local/sbin:/usr/sbin:/opt/puppetlabs/bin:/common/software/install/migrated/amber/amber20/bin
+++ export PATH
+++ test 0
++ _mlstatus=0
++ '[' -n x ']'
++ IFS=' 	
'
++ unset _mlre _mlv _mlrv _mlIFS
++ return 0
++ module load parallel
++ local _mlredir=1
++ '[' -n '' ']'
++ case " $@ " in
++ '[' 1 -eq 0 ']'
++ _module_raw load parallel
++ unset _mlre _mlIFS
++ '[' -n x ']'
++ _mlIFS=' 	
'
++ IFS=' '
++ for _mlv in ${MODULES_RUN_QUARANTINE:-}
++ '[' LD_LIBRARY_PATH = LD_LIBRARY_PATH ']'
++ '[' LD_LIBRARY_PATH = LD_LIBRARY_PATH ']'
+++ eval 'echo ${LD_LIBRARY_PATH+x}'
++++ echo x
++ '[' -n x ']'
+++ eval 'echo ${LD_LIBRARY_PATH}'
++++ echo /common/software/install/migrated/java/openjdk-8_202/lib:/common/software/install/migrated/java/openjdk-8_202/jre/lib/amd64/server:/common/software/install/migrated/cuda/11.2/lib64:/common/software/install/migrated/openmpi/el6/3.1.6/gnu-8.2.0-cuda/lib:/common/software/install/migrated/java/openjdk-11.0.2/lib:/common/software/install/migrated/java/openjdk-11.0.2/lib/jli:/common/software/install/migrated/java/openjdk-11.0.2/lib/server:/common/software/install/migrated/gcc/8.2.0/lib64:/common/software/install/migrated/isl/0.19_gcc8.1.0/lib:/common/software/install/migrated/mpc/1.1.0_gcc8.1.0/lib:/common/software/install/migrated/mpfr/4.0.1_gcc8.1.0/lib:/common/software/install/migrated/gmp/6.1.2_gcc8.1.0/lib:/common/software/install/migrated/gcc/8.1.0/lib64:/common/software/install/migrated/amber/amber20/lib
++ _mlre='__MODULES_QUAR_LD_LIBRARY_PATH='\''/common/software/install/migrated/java/openjdk-8_202/lib:/common/software/install/migrated/java/openjdk-8_202/jre/lib/amd64/server:/common/software/install/migrated/cuda/11.2/lib64:/common/software/install/migrated/openmpi/el6/3.1.6/gnu-8.2.0-cuda/lib:/common/software/install/migrated/java/openjdk-11.0.2/lib:/common/software/install/migrated/java/openjdk-11.0.2/lib/jli:/common/software/install/migrated/java/openjdk-11.0.2/lib/server:/common/software/install/migrated/gcc/8.2.0/lib64:/common/software/install/migrated/isl/0.19_gcc8.1.0/lib:/common/software/install/migrated/mpc/1.1.0_gcc8.1.0/lib:/common/software/install/migrated/mpfr/4.0.1_gcc8.1.0/lib:/common/software/install/migrated/gmp/6.1.2_gcc8.1.0/lib:/common/software/install/migrated/gcc/8.1.0/lib64:/common/software/install/migrated/amber/amber20/lib'\'' '
++ _mlrv=MODULES_RUNENV_LD_LIBRARY_PATH
+++ eval 'echo ${MODULES_RUNENV_LD_LIBRARY_PATH:-}'
++++ echo
++ _mlre='__MODULES_QUAR_LD_LIBRARY_PATH='\''/common/software/install/migrated/java/openjdk-8_202/lib:/common/software/install/migrated/java/openjdk-8_202/jre/lib/amd64/server:/common/software/install/migrated/cuda/11.2/lib64:/common/software/install/migrated/openmpi/el6/3.1.6/gnu-8.2.0-cuda/lib:/common/software/install/migrated/java/openjdk-11.0.2/lib:/common/software/install/migrated/java/openjdk-11.0.2/lib/jli:/common/software/install/migrated/java/openjdk-11.0.2/lib/server:/common/software/install/migrated/gcc/8.2.0/lib64:/common/software/install/migrated/isl/0.19_gcc8.1.0/lib:/common/software/install/migrated/mpc/1.1.0_gcc8.1.0/lib:/common/software/install/migrated/mpfr/4.0.1_gcc8.1.0/lib:/common/software/install/migrated/gmp/6.1.2_gcc8.1.0/lib:/common/software/install/migrated/gcc/8.1.0/lib64:/common/software/install/migrated/amber/amber20/lib'\'' LD_LIBRARY_PATH='\'''\'' '
++ for _mlv in ${MODULES_RUN_QUARANTINE:-}
++ '[' LD_PRELOAD = LD_PRELOAD ']'
++ '[' LD_PRELOAD = LD_PRELOAD ']'
+++ eval 'echo ${LD_PRELOAD+x}'
++++ echo
++ '[' -n '' ']'
++ _mlrv=MODULES_RUNENV_LD_PRELOAD
+++ eval 'echo ${MODULES_RUNENV_LD_PRELOAD:-}'
++++ echo
++ _mlre='__MODULES_QUAR_LD_LIBRARY_PATH='\''/common/software/install/migrated/java/openjdk-8_202/lib:/common/software/install/migrated/java/openjdk-8_202/jre/lib/amd64/server:/common/software/install/migrated/cuda/11.2/lib64:/common/software/install/migrated/openmpi/el6/3.1.6/gnu-8.2.0-cuda/lib:/common/software/install/migrated/java/openjdk-11.0.2/lib:/common/software/install/migrated/java/openjdk-11.0.2/lib/jli:/common/software/install/migrated/java/openjdk-11.0.2/lib/server:/common/software/install/migrated/gcc/8.2.0/lib64:/common/software/install/migrated/isl/0.19_gcc8.1.0/lib:/common/software/install/migrated/mpc/1.1.0_gcc8.1.0/lib:/common/software/install/migrated/mpfr/4.0.1_gcc8.1.0/lib:/common/software/install/migrated/gmp/6.1.2_gcc8.1.0/lib:/common/software/install/migrated/gcc/8.1.0/lib64:/common/software/install/migrated/amber/amber20/lib'\'' LD_LIBRARY_PATH='\'''\'' LD_PRELOAD='\'''\'' '
++ '[' -n '__MODULES_QUAR_LD_LIBRARY_PATH='\''/common/software/install/migrated/java/openjdk-8_202/lib:/common/software/install/migrated/java/openjdk-8_202/jre/lib/amd64/server:/common/software/install/migrated/cuda/11.2/lib64:/common/software/install/migrated/openmpi/el6/3.1.6/gnu-8.2.0-cuda/lib:/common/software/install/migrated/java/openjdk-11.0.2/lib:/common/software/install/migrated/java/openjdk-11.0.2/lib/jli:/common/software/install/migrated/java/openjdk-11.0.2/lib/server:/common/software/install/migrated/gcc/8.2.0/lib64:/common/software/install/migrated/isl/0.19_gcc8.1.0/lib:/common/software/install/migrated/mpc/1.1.0_gcc8.1.0/lib:/common/software/install/migrated/mpfr/4.0.1_gcc8.1.0/lib:/common/software/install/migrated/gmp/6.1.2_gcc8.1.0/lib:/common/software/install/migrated/gcc/8.1.0/lib64:/common/software/install/migrated/amber/amber20/lib'\'' LD_LIBRARY_PATH='\'''\'' LD_PRELOAD='\'''\'' ' ']'
++ _mlre='__MODULES_QUAR_LD_LIBRARY_PATH='\''/common/software/install/migrated/java/openjdk-8_202/lib:/common/software/install/migrated/java/openjdk-8_202/jre/lib/amd64/server:/common/software/install/migrated/cuda/11.2/lib64:/common/software/install/migrated/openmpi/el6/3.1.6/gnu-8.2.0-cuda/lib:/common/software/install/migrated/java/openjdk-11.0.2/lib:/common/software/install/migrated/java/openjdk-11.0.2/lib/jli:/common/software/install/migrated/java/openjdk-11.0.2/lib/server:/common/software/install/migrated/gcc/8.2.0/lib64:/common/software/install/migrated/isl/0.19_gcc8.1.0/lib:/common/software/install/migrated/mpc/1.1.0_gcc8.1.0/lib:/common/software/install/migrated/mpfr/4.0.1_gcc8.1.0/lib:/common/software/install/migrated/gmp/6.1.2_gcc8.1.0/lib:/common/software/install/migrated/gcc/8.1.0/lib64:/common/software/install/migrated/amber/amber20/lib'\'' LD_LIBRARY_PATH='\'''\'' LD_PRELOAD='\'''\'' __MODULES_QUARANTINE_SET=1 '
+++ eval '__MODULES_QUAR_LD_LIBRARY_PATH='\''/common/software/install/migrated/java/openjdk-8_202/lib:/common/software/install/migrated/java/openjdk-8_202/jre/lib/amd64/server:/common/software/install/migrated/cuda/11.2/lib64:/common/software/install/migrated/openmpi/el6/3.1.6/gnu-8.2.0-cuda/lib:/common/software/install/migrated/java/openjdk-11.0.2/lib:/common/software/install/migrated/java/openjdk-11.0.2/lib/jli:/common/software/install/migrated/java/openjdk-11.0.2/lib/server:/common/software/install/migrated/gcc/8.2.0/lib64:/common/software/install/migrated/isl/0.19_gcc8.1.0/lib:/common/software/install/migrated/mpc/1.1.0_gcc8.1.0/lib:/common/software/install/migrated/mpfr/4.0.1_gcc8.1.0/lib:/common/software/install/migrated/gmp/6.1.2_gcc8.1.0/lib:/common/software/install/migrated/gcc/8.1.0/lib64:/common/software/install/migrated/amber/amber20/lib'\''' 'LD_LIBRARY_PATH='\'''\''' 'LD_PRELOAD='\'''\''' __MODULES_QUARANTINE_SET=1 /usr/bin/tclsh /usr/share/Modules/libexec/modulecmd.tcl bash '"$@"'
++++ __MODULES_QUAR_LD_LIBRARY_PATH=/common/software/install/migrated/java/openjdk-8_202/lib:/common/software/install/migrated/java/openjdk-8_202/jre/lib/amd64/server:/common/software/install/migrated/cuda/11.2/lib64:/common/software/install/migrated/openmpi/el6/3.1.6/gnu-8.2.0-cuda/lib:/common/software/install/migrated/java/openjdk-11.0.2/lib:/common/software/install/migrated/java/openjdk-11.0.2/lib/jli:/common/software/install/migrated/java/openjdk-11.0.2/lib/server:/common/software/install/migrated/gcc/8.2.0/lib64:/common/software/install/migrated/isl/0.19_gcc8.1.0/lib:/common/software/install/migrated/mpc/1.1.0_gcc8.1.0/lib:/common/software/install/migrated/mpfr/4.0.1_gcc8.1.0/lib:/common/software/install/migrated/gmp/6.1.2_gcc8.1.0/lib:/common/software/install/migrated/gcc/8.1.0/lib64:/common/software/install/migrated/amber/amber20/lib
++++ LD_LIBRARY_PATH=
++++ LD_PRELOAD=
++++ __MODULES_QUARANTINE_SET=1
++++ /usr/bin/tclsh /usr/share/Modules/libexec/modulecmd.tcl bash load parallel
++ eval '__MODULES_LMALTNAME=gcc/8.2.0\&gcc/default\&gcc:cuda/11.2\&cuda\&as\|cuda/default:conda/4.4.7-py36_0\&conda/default\&conda\&as\|conda/latest:java/openjdk-8_202\&java\&as\|java/default:fastqc/0.12.1\&as\|fastqc/default\&as\|fastqc/latest:parallel/20210822\&parallel/default\&parallel\&as\|parallel/latest; export __MODULES_LMALTNAME;
__MODULES_SHARE_MANPATH=:1; export __MODULES_SHARE_MANPATH;
MANPATH=/common/software/install/migrated/parallel/20210822/share/man:/common/software/install/migrated/java/openjdk-8_202/man:/common/software/install/migrated/openmpi/el6/3.1.6/gnu-8.2.0-cuda/share/man:/common/software/install/migrated/java/openjdk-11.0.2/man:/common/software/install/migrated/gcc/8.2.0/share/man::/opt/puppetlabs/puppet/share/man:/opt/slurm/rocky8/ofed-24.07/x86_64/23.11.8/share/man; export MANPATH;
PATH=/common/software/install/migrated/parallel/20210822/bin:/common/software/install/manual/fastqc/0.12.1:/common/software/install/migrated/java/openjdk-8_202/bin:/users/3/pier0273/bin:/users/3/pier0273/vim/bin:/home/lmnp/knut0297/software/modules/conda/4.4.7-py36_0/bin:/common/software/install/migrated/cuda/11.2/bin:/common/software/install/migrated/openmpi/el6/3.1.6/gnu-8.2.0-cuda/bin:/common/software/install/migrated/java/openjdk-11.0.2/bin:/common/software/install/migrated/gcc/8.2.0/bin:/users/3/pier0273/vim/bin:/opt/msi/bin:/usr/share/Modules/bin:/usr/local/bin:/usr/bin:/usr/local/sbin:/usr/sbin:/opt/puppetlabs/bin:/common/software/install/migrated/amber/amber20/bin; export PATH;
_LMFILES_=/common/software/modulefiles/migrated/common/gmp/6.1.2_gcc8.1.0:/common/software/modulefiles/migrated/common/mpfr/4.0.1_gcc8.1.0:/common/software/modulefiles/migrated/common/mpc/1.1.0_gcc8.1.0:/common/software/modulefiles/migrated/common/isl/0.19_gcc8.1.0:/common/software/modulefiles/migrated/hpc/gcc/8.2.0:/common/software/modulefiles/migrated/common/java/openjdk-11.0.2:/common/software/modulefiles/migrated/hpc/ompi/3.1.6/gnu-8.2.0-cuda:/common/software/modulefiles/migrated/hpc/cuda/11.2:/common/software/modulefiles/migrated/hpc/amber/20:/home/lmnp/knut0297/software/modulesfiles/conda/4.4.7-py36_0:/common/software/modulefiles/migrated/common/java/openjdk-8_202:/common/software/modulefiles/manual/common/fastqc/0.12.1:/common/software/modulefiles/migrated/common/parallel/20210822; export _LMFILES_;
LOADEDMODULES=gmp/6.1.2_gcc8.1.0:mpfr/4.0.1_gcc8.1.0:mpc/1.1.0_gcc8.1.0:isl/0.19_gcc8.1.0:gcc/8.2.0:java/openjdk-11.0.2:ompi/3.1.6/gnu-8.2.0-cuda:cuda/11.2:amber/20:conda/4.4.7-py36_0:java/openjdk-8_202:fastqc/0.12.1:parallel/20210822; export LOADEDMODULES;
test 0;'
+++ __MODULES_LMALTNAME='gcc/8.2.0&gcc/default&gcc:cuda/11.2&cuda&as|cuda/default:conda/4.4.7-py36_0&conda/default&conda&as|conda/latest:java/openjdk-8_202&java&as|java/default:fastqc/0.12.1&as|fastqc/default&as|fastqc/latest:parallel/20210822&parallel/default&parallel&as|parallel/latest'
+++ export __MODULES_LMALTNAME
+++ __MODULES_SHARE_MANPATH=:1
+++ export __MODULES_SHARE_MANPATH
+++ MANPATH=/common/software/install/migrated/parallel/20210822/share/man:/common/software/install/migrated/java/openjdk-8_202/man:/common/software/install/migrated/openmpi/el6/3.1.6/gnu-8.2.0-cuda/share/man:/common/software/install/migrated/java/openjdk-11.0.2/man:/common/software/install/migrated/gcc/8.2.0/share/man::/opt/puppetlabs/puppet/share/man:/opt/slurm/rocky8/ofed-24.07/x86_64/23.11.8/share/man
+++ export MANPATH
+++ PATH=/common/software/install/migrated/parallel/20210822/bin:/common/software/install/manual/fastqc/0.12.1:/common/software/install/migrated/java/openjdk-8_202/bin:/users/3/pier0273/bin:/users/3/pier0273/vim/bin:/home/lmnp/knut0297/software/modules/conda/4.4.7-py36_0/bin:/common/software/install/migrated/cuda/11.2/bin:/common/software/install/migrated/openmpi/el6/3.1.6/gnu-8.2.0-cuda/bin:/common/software/install/migrated/java/openjdk-11.0.2/bin:/common/software/install/migrated/gcc/8.2.0/bin:/users/3/pier0273/vim/bin:/opt/msi/bin:/usr/share/Modules/bin:/usr/local/bin:/usr/bin:/usr/local/sbin:/usr/sbin:/opt/puppetlabs/bin:/common/software/install/migrated/amber/amber20/bin
+++ export PATH
+++ _LMFILES_=/common/software/modulefiles/migrated/common/gmp/6.1.2_gcc8.1.0:/common/software/modulefiles/migrated/common/mpfr/4.0.1_gcc8.1.0:/common/software/modulefiles/migrated/common/mpc/1.1.0_gcc8.1.0:/common/software/modulefiles/migrated/common/isl/0.19_gcc8.1.0:/common/software/modulefiles/migrated/hpc/gcc/8.2.0:/common/software/modulefiles/migrated/common/java/openjdk-11.0.2:/common/software/modulefiles/migrated/hpc/ompi/3.1.6/gnu-8.2.0-cuda:/common/software/modulefiles/migrated/hpc/cuda/11.2:/common/software/modulefiles/migrated/hpc/amber/20:/home/lmnp/knut0297/software/modulesfiles/conda/4.4.7-py36_0:/common/software/modulefiles/migrated/common/java/openjdk-8_202:/common/software/modulefiles/manual/common/fastqc/0.12.1:/common/software/modulefiles/migrated/common/parallel/20210822
+++ export _LMFILES_
+++ LOADEDMODULES=gmp/6.1.2_gcc8.1.0:mpfr/4.0.1_gcc8.1.0:mpc/1.1.0_gcc8.1.0:isl/0.19_gcc8.1.0:gcc/8.2.0:java/openjdk-11.0.2:ompi/3.1.6/gnu-8.2.0-cuda:cuda/11.2:amber/20:conda/4.4.7-py36_0:java/openjdk-8_202:fastqc/0.12.1:parallel/20210822
+++ export LOADEDMODULES
+++ test 0
++ _mlstatus=0
++ '[' -n x ']'
++ IFS=' 	
'
++ unset _mlre _mlv _mlrv _mlIFS
++ return 0
++ QA_QUEUE=msismall
++ QA_SBATCH='--nodes=1 --ntasks-per-node=4 --mem=1gb --tmp=1gb -t 06:00:00 --mail-type=ALL --mail-user=pier0273@umn.edu -p msismall'
++ QA_QSUB=mem=1gb,nodes=1:ppn=4,walltime=6:00:00
++ QA_SAMPLES=/scratch.global/pier0273/raw_seq_files/drosophila_samples.txt
++ TARGET=143700000000
++ FASTP_QUEUE=msismall
++ FASTP_SBATCH='--nodes=1 --ntasks-per-node=4 --mem=20gb --tmp=10gb -t 06:00:00 --mail-type=ALL --mail-user=pier0273@umn.edu -p msismall'
++ FASTP_QSUB=mem=1gb,nodes=1:ppn=4,walltime=6:00:00
++ FASTP_SAMPLES=/scratch.global/pier0273/raw_seq_files/drosophila_samples.txt
++ FORWARD_SUFFIX=_1.fq.gz
++ REVERSE_SUFFIX=_2.fq.gz
++ SINGLE_SUFFIX=NONE
++ FASTP_OUTDIR=/users/3/pier0273/morrell_lab/drosphila/fastp
++ FASTP_PROJECT_NAME=drosophila_full_dataset
++ RM_QUEUE=msismall
++ RM_SBATCH='--nodes=1 --ntasks-per-node=16 --mem=22gb --tmp=2gb -t 24:00:00 --mail-type=ALL --mail-user=pier0273@umn.edu -p msismall'
++ RM_QSUB=mem=22gb,nodes=1:ppn=16,walltime=24:00:00
++ TRIMMED_LIST=/users/3/pier0273/morrell_lab/drosphila/fastp/drosophila_full_dataset_trimmed_quality.txt
++ FORWARD_TRIMMED=_R1_trimmed.fastq.gz
++ REVERSE_TRIMMED=_R2_trimmed.fastq.gz
++ SINGLES_TRIMMED=_single_trimmed.fastq.gz
++ THREADS=16
++ SEED=8
++ WIDTH=100
++ DROPOFF=100
++ RE_SEED=1.0
++ CUTOFF=10000
++ MATCH=1
++ MISMATCH=4
++ GAP=8
++ EXTENSION=1
++ CLIP=5
++ UNPAIRED=9
++ RESCUE=false
++ INTERLEAVED=false
++ RM_THRESHOLD=85
++ SECONDARY=false
++ APPEND=false
++ HARD=false
++ SPLIT=true
++ VERBOSITY=all
++ SP_QUEUE=msismall
++ SP_SBATCH='--nodes=1 --ntasks-per-node=16 --mem=22gb --tmp=8gb -t 24:00:00 --mail-type=ALL --mail-user=pier0273@umn.edu -p msismall'
++ SP_QSUB=mem=22gb,nodes=1:ppn=16,walltime=24:00:00
++ METHOD=picard
++ SAM_PROCESSING_THREADS=120
++ MAPPED_LIST=/users/3/pier0273/morrell_lab/drosphila/Read_mapping/drosophila_full_dataset_trimmed_adapters.txt
++ MAX_FILES=1000
++ PICARD_MAX_REC_IN_RAM=500000
++ SORTING_COLL_SIZE_RATIO=0.25
++ CM_QUEUE=small
++ CM_SBATCH='--nodes=1 --ntasks-per-node=16 --mem=22gb --tmp=2gb -t 24:00:00 --mail-type=ALL --mail-user=pier0273@umn.edu -p small'
++ CM_QSUB=mem=22gb,nodes=1:ppn=16,walltime=24:00:00
++ BAM_LIST=/home/morrellp/large/soybean_toy-all-libs/All-libraries-BAM.txt
++ REGIONS_FILE=
++ HC_QUEUE=ram1t
++ HC_SBATCH='--nodes=1 --ntasks-per-node=4 --mem=250gb --tmp=22gb -t 24:00:00 --mail-type=ALL --mail-user=pier0273@umn.edu -p ram1t'
++ HC_QSUB=mem=250gb,nodes=1:ppn=24,walltime=24:00:00
++ HAPLOTYPE_CALLER_THREADS=120
++ FINISHED_BAM_LIST=/home/morrellp/large/soybean_toy-all-libs/All-libraries-BAM-Chr.txt
++ THETA=0.001
++ DO_NOT_TRIM_ACTIVE_REGIONS=false
++ FORCE_ACTIVE=false
++ HC_CUSTOM_INTERVALS=false
++ HC_SCAFFOLDS=false
++ HC_PARALLELIZE=false
++ GDBI_QUEUE=amdsmall,amd512,amd2tb
++ GDBI_SBATCH='--nodes=1 --ntasks-per-node=4 --mem=248gb --tmp=100gb -t 96:00:00 --mail-type=ALL --mail-user=pier0273@umn.edu -p amdsmall,amd512,amd2tb'
++ GDBI_QSUB=mem=400gb,nodes=1:ppn=4,walltime=96:00:00
++ GDBI_THREADS=120
++ GG_QUEUE=amdsmall,amd512,amd2tb
++ GG_SBATCH='--nodes=1 --ntasks-per-node=4 --mem=248gb --tmp=100gb -t 96:00:00 --mail-type=ALL --mail-user=pier0273@umn.edu -p amdsmall,amd512,amd2tb'
++ GG_QSUB=mem=248gb,nodes=1:ppn=4,walltime=96:00:00
++ GG_THREADS=120
++ GVCF_LIST=/home/morrellp/large/soybean_toy-all-libs/All-libraries-VCF.txt
++ REF_DICT=/home/morrellp/large/soybean_toy/genome/Gmax_275_v2.0.dict
++ NUM_CHR=20
++ CUSTOM_INTERVALS=/home/morrellp/large/soybean_toy/genome/Gmax_275_v2.0-Chr.list
++ SCAFFOLDS=/home/morrellp/large/soybean_toy/genome/scaffolds.intervals
++ PARALLELIZE=true
++ GG_COMBINED_VCF=true
++ PLOIDY=2
++ CHS_QUEUE=amdsmall,amd512,amd2tb
++ CHS_SBATCH='--nodes=1 --ntasks-per-node=16 --mem=22gb --tmp=8gb -t 24:00:00 --mail-type=ALL --mail-user=pier0273@umn.edu -p amdsmall,amd512,amd2tb'
++ CHS_QSUB=mem=22gb,nodes=1:ppn=16,walltime=24:00:00
++ CHS_RAW_VCF=NA
++ CHS_VCF_LIST=/home/morrellp/large/soybean_toy-all-libs/All-libraries-VCF-genotyped.txt
++ CAPTURE_REGIONS=NA
++ SUBSET_CHR=NA
++ SUBSET_CHR_OUT_PREFIX=NA
++ CHS_DP_PER_SAMPLE_CUTOFF=5
++ CHS_GQ_CUTOFF=10
++ CHS_MAX_LOWGQ=0.2
++ CHS_MAX_HET=0.1
++ CHS_MAX_MISS=0.2
++ CHS_QUAL_CUTOFF=40
++ CHS_SUBSET_N=1000000
++ CHS_SUBSET_LEN=100
++ VR_QUEUE=amdlarge,amdsmall,amd512,amd2tb
++ VR_SBATCH='--nodes=1 --ntasks-per-node=4 --mem=240gb --tmp=22gb -t 24:00:00 --mail-type=ALL --mail-user=pier0273@umn.edu -p amdlarge,amdsmall,amd512,amd2tb'
++ VR_QSUB=mem=240gb,nodes=1:ppn=4,walltime=24:00:00
++ VR_REF=/home/morrellp/large/soybean_toy/genome/Gmax_275_v2.0.fa
++ VR_RAW_VCF=NA
++ VR_VCF_LIST=/home/morrellp/large/soybean_toy-all-libs/All-libraries-VCF-genotyped.txt
++ RECAL_MODE=BOTH
++ VR_ANN_INDEL='-an QD -an FS -an ReadPosRankSum -an MQRankSum -an SOR -an DP'
++ VR_ANN_SNP='-an QD -an FS -an ReadPosRankSum -an MQ -an MQRankSum -an SOR -an DP'
++ TRANCHE_INDEL='-tranche 100.0 -tranche 99.9 -tranche 99.0 -tranche 97.0 -tranche 96.0 -tranche 95.0 -tranche 94.0 -tranche 93.0 -tranche 92.0 -tranche 91.0 -tranche 90.0'
++ TRANCHE_SNP='-tranche 100.0 -tranche 99.95 -tranche 99.9 -tranche 99.8 -tranche 99.6 -tranche 99.5 -tranche 99.4 -tranche 99.3 -tranche 99.0 -tranche 98.0 -tranche 97.0 -tranche 90.0'
++ RECAL_EXTRA_OPTIONS_INDEL=NA
++ RECAL_EXTRA_OPTIONS_SNP=NA
++ FILTER_EXTRA_OPTIONS_INDEL=NA
++ FILTER_EXTRA_OPTIONS_SNP=NA
++ HC_SUBSET=/users/3/pier0273/morrell_lab/drosphila/Create_HC_Subset/drosophila_full_dataset_high_confidence_subset.vcf
++ HC_PRIOR=5.0
++ HC_KNOWN=false
++ HC_TRAIN=true
++ HC_TRUTH=false
++ RESOURCE_1=/home/morrellp/large/soybean_toy/genome/training_VCF_files/M92-220_final_filtered-edited.vcf
++ PRIOR_1=5.0
++ KNOWN_1=false
++ TRAINING_1=false
++ TRUTH_1=true
++ RESOURCE_2=/home/morrellp/large/soybean_toy/genome/training_VCF_files/BL107_final_filtered.vcf
++ PRIOR_2=5.0
++ KNOWN_2=false
++ TRAINING_2=false
++ TRUTH_2=true
++ RESOURCE_3=/home/morrellp/large/soybean_toy/genome/training_VCF_files/50k-SNPs-sorted-SNP_utils.vcf
++ PRIOR_3=5.0
++ KNOWN_3=true
++ TRAINING_3=true
++ TRUTH_3=false
++ RESOURCE_4=NA
++ PRIOR_4=NA
++ KNOWN_4=true
++ TRAINING_4=true
++ TRUTH_4=false
++ TS_FILTER_LEVEL=99.9
++ PVF_QUEUE=amdsmall,amd512,amd2tb
++ PVF_SBATCH='--nodes=1 --ntasks-per-node=16 --mem=110gb --tmp=22gb -t 72:00:00 --mail-type=ALL --mail-user=pier0273@umn.edu -p amdsmall,amd512,amd2tb'
++ PVF_QSUB=mem=110gb,nodes=1:ppn=16,walltime=72:00:00
++ PVF_VCF=/home/morrellp/large/soybean_toy-all-libs/Variant_Recalibrator/soybean_toy_dataset_all_libs_indels_and_snps.recalibrated.vcf.gz
++ PVF_GEN_NUM=1000000
++ PVF_GEN_LEN=100
++ VF_QUEUE=amdsmall,amd512,amd2tb
++ VF_SBATCH='--nodes=1 --ntasks-per-node=16 --mem=110gb --tmp=22gb -t 72:00:00 --mail-type=ALL --mail-user=pier0273@umn.edu -p amdsmall,amd512,amd2tb'
++ VF_QSUB=mem=110gb,nodes=1:ppn=16,walltime=72:00:00
++ VF_VCF=/home/morrellp/large/soybean_toy-all-libs/Pre_Variant_Filtering/soybean_toy_dataset_all_libs_indels_and_snps.recalibrated.pass_sites.vcf.gz
++ VF_QUAL_CUTOFF=40
++ VF_MIN_DP=5
++ VF_MAX_DP=100
++ VF_GQ_CUTOFF=3
++ VF_QD_CUTOFF=2.0
++ VF_SOR_CUTOFF=3.0
++ VF_FS_CUTOFF=60.0
++ VF_MQ_CUTOFF=40.0
++ VF_MISS=0.25
++ VF_MAX_HET=0.1
++ VF_GEN_NUM=1000000
++ VF_GEN_LEN=100
++ VF_DIPLOID=false
++ VF_EXCESS_HET=NA
++ VF_MAX_DEV=0.1
++ VF_MAX_BAD=0.2
++ VF_CAPTURE_REGIONS=NA
++ VA_QUEUE=amdsmall,amd512,amd2tb
++ VA_SBATCH='--nodes=1 --ntasks-per-node=16 --mem=22gb --tmp=4gb -t 24:00:00 --mail-type=ALL --mail-user=pier0273@umn.edu -p amdsmall,amd512,amd2tb'
++ VA_QSUB=mem=22gb,nodes=1:ppn=16,walltime=24:00:00
++ VA_VCF=/home/morrellp/large/soybean_toy-all-libs/Variant_Filtering/soybean_toy_dataset_all_libs_final.vcf.gz
++ SANGER_BED=NA
++ [[ true == \t\r\u\e ]]
++ module load parallel/20190122
++ local _mlredir=1
++ '[' -n '' ']'
++ case " $@ " in
++ '[' 1 -eq 0 ']'
++ _module_raw load parallel/20190122
++ unset _mlre _mlIFS
++ '[' -n x ']'
++ _mlIFS=' 	
'
++ IFS=' '
++ for _mlv in ${MODULES_RUN_QUARANTINE:-}
++ '[' LD_LIBRARY_PATH = LD_LIBRARY_PATH ']'
++ '[' LD_LIBRARY_PATH = LD_LIBRARY_PATH ']'
+++ eval 'echo ${LD_LIBRARY_PATH+x}'
++++ echo x
++ '[' -n x ']'
+++ eval 'echo ${LD_LIBRARY_PATH}'
++++ echo /common/software/install/migrated/java/openjdk-8_202/lib:/common/software/install/migrated/java/openjdk-8_202/jre/lib/amd64/server:/common/software/install/migrated/cuda/11.2/lib64:/common/software/install/migrated/openmpi/el6/3.1.6/gnu-8.2.0-cuda/lib:/common/software/install/migrated/java/openjdk-11.0.2/lib:/common/software/install/migrated/java/openjdk-11.0.2/lib/jli:/common/software/install/migrated/java/openjdk-11.0.2/lib/server:/common/software/install/migrated/gcc/8.2.0/lib64:/common/software/install/migrated/isl/0.19_gcc8.1.0/lib:/common/software/install/migrated/mpc/1.1.0_gcc8.1.0/lib:/common/software/install/migrated/mpfr/4.0.1_gcc8.1.0/lib:/common/software/install/migrated/gmp/6.1.2_gcc8.1.0/lib:/common/software/install/migrated/gcc/8.1.0/lib64:/common/software/install/migrated/amber/amber20/lib
++ _mlre='__MODULES_QUAR_LD_LIBRARY_PATH='\''/common/software/install/migrated/java/openjdk-8_202/lib:/common/software/install/migrated/java/openjdk-8_202/jre/lib/amd64/server:/common/software/install/migrated/cuda/11.2/lib64:/common/software/install/migrated/openmpi/el6/3.1.6/gnu-8.2.0-cuda/lib:/common/software/install/migrated/java/openjdk-11.0.2/lib:/common/software/install/migrated/java/openjdk-11.0.2/lib/jli:/common/software/install/migrated/java/openjdk-11.0.2/lib/server:/common/software/install/migrated/gcc/8.2.0/lib64:/common/software/install/migrated/isl/0.19_gcc8.1.0/lib:/common/software/install/migrated/mpc/1.1.0_gcc8.1.0/lib:/common/software/install/migrated/mpfr/4.0.1_gcc8.1.0/lib:/common/software/install/migrated/gmp/6.1.2_gcc8.1.0/lib:/common/software/install/migrated/gcc/8.1.0/lib64:/common/software/install/migrated/amber/amber20/lib'\'' '
++ _mlrv=MODULES_RUNENV_LD_LIBRARY_PATH
+++ eval 'echo ${MODULES_RUNENV_LD_LIBRARY_PATH:-}'
++++ echo
++ _mlre='__MODULES_QUAR_LD_LIBRARY_PATH='\''/common/software/install/migrated/java/openjdk-8_202/lib:/common/software/install/migrated/java/openjdk-8_202/jre/lib/amd64/server:/common/software/install/migrated/cuda/11.2/lib64:/common/software/install/migrated/openmpi/el6/3.1.6/gnu-8.2.0-cuda/lib:/common/software/install/migrated/java/openjdk-11.0.2/lib:/common/software/install/migrated/java/openjdk-11.0.2/lib/jli:/common/software/install/migrated/java/openjdk-11.0.2/lib/server:/common/software/install/migrated/gcc/8.2.0/lib64:/common/software/install/migrated/isl/0.19_gcc8.1.0/lib:/common/software/install/migrated/mpc/1.1.0_gcc8.1.0/lib:/common/software/install/migrated/mpfr/4.0.1_gcc8.1.0/lib:/common/software/install/migrated/gmp/6.1.2_gcc8.1.0/lib:/common/software/install/migrated/gcc/8.1.0/lib64:/common/software/install/migrated/amber/amber20/lib'\'' LD_LIBRARY_PATH='\'''\'' '
++ for _mlv in ${MODULES_RUN_QUARANTINE:-}
++ '[' LD_PRELOAD = LD_PRELOAD ']'
++ '[' LD_PRELOAD = LD_PRELOAD ']'
+++ eval 'echo ${LD_PRELOAD+x}'
++++ echo
++ '[' -n '' ']'
++ _mlrv=MODULES_RUNENV_LD_PRELOAD
+++ eval 'echo ${MODULES_RUNENV_LD_PRELOAD:-}'
++++ echo
++ _mlre='__MODULES_QUAR_LD_LIBRARY_PATH='\''/common/software/install/migrated/java/openjdk-8_202/lib:/common/software/install/migrated/java/openjdk-8_202/jre/lib/amd64/server:/common/software/install/migrated/cuda/11.2/lib64:/common/software/install/migrated/openmpi/el6/3.1.6/gnu-8.2.0-cuda/lib:/common/software/install/migrated/java/openjdk-11.0.2/lib:/common/software/install/migrated/java/openjdk-11.0.2/lib/jli:/common/software/install/migrated/java/openjdk-11.0.2/lib/server:/common/software/install/migrated/gcc/8.2.0/lib64:/common/software/install/migrated/isl/0.19_gcc8.1.0/lib:/common/software/install/migrated/mpc/1.1.0_gcc8.1.0/lib:/common/software/install/migrated/mpfr/4.0.1_gcc8.1.0/lib:/common/software/install/migrated/gmp/6.1.2_gcc8.1.0/lib:/common/software/install/migrated/gcc/8.1.0/lib64:/common/software/install/migrated/amber/amber20/lib'\'' LD_LIBRARY_PATH='\'''\'' LD_PRELOAD='\'''\'' '
++ '[' -n '__MODULES_QUAR_LD_LIBRARY_PATH='\''/common/software/install/migrated/java/openjdk-8_202/lib:/common/software/install/migrated/java/openjdk-8_202/jre/lib/amd64/server:/common/software/install/migrated/cuda/11.2/lib64:/common/software/install/migrated/openmpi/el6/3.1.6/gnu-8.2.0-cuda/lib:/common/software/install/migrated/java/openjdk-11.0.2/lib:/common/software/install/migrated/java/openjdk-11.0.2/lib/jli:/common/software/install/migrated/java/openjdk-11.0.2/lib/server:/common/software/install/migrated/gcc/8.2.0/lib64:/common/software/install/migrated/isl/0.19_gcc8.1.0/lib:/common/software/install/migrated/mpc/1.1.0_gcc8.1.0/lib:/common/software/install/migrated/mpfr/4.0.1_gcc8.1.0/lib:/common/software/install/migrated/gmp/6.1.2_gcc8.1.0/lib:/common/software/install/migrated/gcc/8.1.0/lib64:/common/software/install/migrated/amber/amber20/lib'\'' LD_LIBRARY_PATH='\'''\'' LD_PRELOAD='\'''\'' ' ']'
++ _mlre='__MODULES_QUAR_LD_LIBRARY_PATH='\''/common/software/install/migrated/java/openjdk-8_202/lib:/common/software/install/migrated/java/openjdk-8_202/jre/lib/amd64/server:/common/software/install/migrated/cuda/11.2/lib64:/common/software/install/migrated/openmpi/el6/3.1.6/gnu-8.2.0-cuda/lib:/common/software/install/migrated/java/openjdk-11.0.2/lib:/common/software/install/migrated/java/openjdk-11.0.2/lib/jli:/common/software/install/migrated/java/openjdk-11.0.2/lib/server:/common/software/install/migrated/gcc/8.2.0/lib64:/common/software/install/migrated/isl/0.19_gcc8.1.0/lib:/common/software/install/migrated/mpc/1.1.0_gcc8.1.0/lib:/common/software/install/migrated/mpfr/4.0.1_gcc8.1.0/lib:/common/software/install/migrated/gmp/6.1.2_gcc8.1.0/lib:/common/software/install/migrated/gcc/8.1.0/lib64:/common/software/install/migrated/amber/amber20/lib'\'' LD_LIBRARY_PATH='\'''\'' LD_PRELOAD='\'''\'' __MODULES_QUARANTINE_SET=1 '
+++ eval '__MODULES_QUAR_LD_LIBRARY_PATH='\''/common/software/install/migrated/java/openjdk-8_202/lib:/common/software/install/migrated/java/openjdk-8_202/jre/lib/amd64/server:/common/software/install/migrated/cuda/11.2/lib64:/common/software/install/migrated/openmpi/el6/3.1.6/gnu-8.2.0-cuda/lib:/common/software/install/migrated/java/openjdk-11.0.2/lib:/common/software/install/migrated/java/openjdk-11.0.2/lib/jli:/common/software/install/migrated/java/openjdk-11.0.2/lib/server:/common/software/install/migrated/gcc/8.2.0/lib64:/common/software/install/migrated/isl/0.19_gcc8.1.0/lib:/common/software/install/migrated/mpc/1.1.0_gcc8.1.0/lib:/common/software/install/migrated/mpfr/4.0.1_gcc8.1.0/lib:/common/software/install/migrated/gmp/6.1.2_gcc8.1.0/lib:/common/software/install/migrated/gcc/8.1.0/lib64:/common/software/install/migrated/amber/amber20/lib'\''' 'LD_LIBRARY_PATH='\'''\''' 'LD_PRELOAD='\'''\''' __MODULES_QUARANTINE_SET=1 /usr/bin/tclsh /usr/share/Modules/libexec/modulecmd.tcl bash '"$@"'
++++ __MODULES_QUAR_LD_LIBRARY_PATH=/common/software/install/migrated/java/openjdk-8_202/lib:/common/software/install/migrated/java/openjdk-8_202/jre/lib/amd64/server:/common/software/install/migrated/cuda/11.2/lib64:/common/software/install/migrated/openmpi/el6/3.1.6/gnu-8.2.0-cuda/lib:/common/software/install/migrated/java/openjdk-11.0.2/lib:/common/software/install/migrated/java/openjdk-11.0.2/lib/jli:/common/software/install/migrated/java/openjdk-11.0.2/lib/server:/common/software/install/migrated/gcc/8.2.0/lib64:/common/software/install/migrated/isl/0.19_gcc8.1.0/lib:/common/software/install/migrated/mpc/1.1.0_gcc8.1.0/lib:/common/software/install/migrated/mpfr/4.0.1_gcc8.1.0/lib:/common/software/install/migrated/gmp/6.1.2_gcc8.1.0/lib:/common/software/install/migrated/gcc/8.1.0/lib64:/common/software/install/migrated/amber/amber20/lib
++++ LD_LIBRARY_PATH=
++++ LD_PRELOAD=
++++ __MODULES_QUARANTINE_SET=1
++++ /usr/bin/tclsh /usr/share/Modules/libexec/modulecmd.tcl bash load parallel/20190122
++ eval '__MODULES_SHARE_MANPATH=:1; export __MODULES_SHARE_MANPATH;
MANPATH=/common/software/install/migrated/parallel/20190122/share/man:/common/software/install/migrated/parallel/20210822/share/man:/common/software/install/migrated/java/openjdk-8_202/man:/common/software/install/migrated/openmpi/el6/3.1.6/gnu-8.2.0-cuda/share/man:/common/software/install/migrated/java/openjdk-11.0.2/man:/common/software/install/migrated/gcc/8.2.0/share/man::/opt/puppetlabs/puppet/share/man:/opt/slurm/rocky8/ofed-24.07/x86_64/23.11.8/share/man; export MANPATH;
PATH=/common/software/install/migrated/parallel/20190122/bin:/common/software/install/migrated/parallel/20210822/bin:/common/software/install/manual/fastqc/0.12.1:/common/software/install/migrated/java/openjdk-8_202/bin:/users/3/pier0273/bin:/users/3/pier0273/vim/bin:/home/lmnp/knut0297/software/modules/conda/4.4.7-py36_0/bin:/common/software/install/migrated/cuda/11.2/bin:/common/software/install/migrated/openmpi/el6/3.1.6/gnu-8.2.0-cuda/bin:/common/software/install/migrated/java/openjdk-11.0.2/bin:/common/software/install/migrated/gcc/8.2.0/bin:/users/3/pier0273/vim/bin:/opt/msi/bin:/usr/share/Modules/bin:/usr/local/bin:/usr/bin:/usr/local/sbin:/usr/sbin:/opt/puppetlabs/bin:/common/software/install/migrated/amber/amber20/bin; export PATH;
_LMFILES_=/common/software/modulefiles/migrated/common/gmp/6.1.2_gcc8.1.0:/common/software/modulefiles/migrated/common/mpfr/4.0.1_gcc8.1.0:/common/software/modulefiles/migrated/common/mpc/1.1.0_gcc8.1.0:/common/software/modulefiles/migrated/common/isl/0.19_gcc8.1.0:/common/software/modulefiles/migrated/hpc/gcc/8.2.0:/common/software/modulefiles/migrated/common/java/openjdk-11.0.2:/common/software/modulefiles/migrated/hpc/ompi/3.1.6/gnu-8.2.0-cuda:/common/software/modulefiles/migrated/hpc/cuda/11.2:/common/software/modulefiles/migrated/hpc/amber/20:/home/lmnp/knut0297/software/modulesfiles/conda/4.4.7-py36_0:/common/software/modulefiles/migrated/common/java/openjdk-8_202:/common/software/modulefiles/manual/common/fastqc/0.12.1:/common/software/modulefiles/migrated/common/parallel/20210822:/common/software/modulefiles/migrated/common/parallel/20190122; export _LMFILES_;
LOADEDMODULES=gmp/6.1.2_gcc8.1.0:mpfr/4.0.1_gcc8.1.0:mpc/1.1.0_gcc8.1.0:isl/0.19_gcc8.1.0:gcc/8.2.0:java/openjdk-11.0.2:ompi/3.1.6/gnu-8.2.0-cuda:cuda/11.2:amber/20:conda/4.4.7-py36_0:java/openjdk-8_202:fastqc/0.12.1:parallel/20210822:parallel/20190122; export LOADEDMODULES;
test 0;'
+++ __MODULES_SHARE_MANPATH=:1
+++ export __MODULES_SHARE_MANPATH
+++ MANPATH=/common/software/install/migrated/parallel/20190122/share/man:/common/software/install/migrated/parallel/20210822/share/man:/common/software/install/migrated/java/openjdk-8_202/man:/common/software/install/migrated/openmpi/el6/3.1.6/gnu-8.2.0-cuda/share/man:/common/software/install/migrated/java/openjdk-11.0.2/man:/common/software/install/migrated/gcc/8.2.0/share/man::/opt/puppetlabs/puppet/share/man:/opt/slurm/rocky8/ofed-24.07/x86_64/23.11.8/share/man
+++ export MANPATH
+++ PATH=/common/software/install/migrated/parallel/20190122/bin:/common/software/install/migrated/parallel/20210822/bin:/common/software/install/manual/fastqc/0.12.1:/common/software/install/migrated/java/openjdk-8_202/bin:/users/3/pier0273/bin:/users/3/pier0273/vim/bin:/home/lmnp/knut0297/software/modules/conda/4.4.7-py36_0/bin:/common/software/install/migrated/cuda/11.2/bin:/common/software/install/migrated/openmpi/el6/3.1.6/gnu-8.2.0-cuda/bin:/common/software/install/migrated/java/openjdk-11.0.2/bin:/common/software/install/migrated/gcc/8.2.0/bin:/users/3/pier0273/vim/bin:/opt/msi/bin:/usr/share/Modules/bin:/usr/local/bin:/usr/bin:/usr/local/sbin:/usr/sbin:/opt/puppetlabs/bin:/common/software/install/migrated/amber/amber20/bin
+++ export PATH
+++ _LMFILES_=/common/software/modulefiles/migrated/common/gmp/6.1.2_gcc8.1.0:/common/software/modulefiles/migrated/common/mpfr/4.0.1_gcc8.1.0:/common/software/modulefiles/migrated/common/mpc/1.1.0_gcc8.1.0:/common/software/modulefiles/migrated/common/isl/0.19_gcc8.1.0:/common/software/modulefiles/migrated/hpc/gcc/8.2.0:/common/software/modulefiles/migrated/common/java/openjdk-11.0.2:/common/software/modulefiles/migrated/hpc/ompi/3.1.6/gnu-8.2.0-cuda:/common/software/modulefiles/migrated/hpc/cuda/11.2:/common/software/modulefiles/migrated/hpc/amber/20:/home/lmnp/knut0297/software/modulesfiles/conda/4.4.7-py36_0:/common/software/modulefiles/migrated/common/java/openjdk-8_202:/common/software/modulefiles/manual/common/fastqc/0.12.1:/common/software/modulefiles/migrated/common/parallel/20210822:/common/software/modulefiles/migrated/common/parallel/20190122
+++ export _LMFILES_
+++ LOADEDMODULES=gmp/6.1.2_gcc8.1.0:mpfr/4.0.1_gcc8.1.0:mpc/1.1.0_gcc8.1.0:isl/0.19_gcc8.1.0:gcc/8.2.0:java/openjdk-11.0.2:ompi/3.1.6/gnu-8.2.0-cuda:cuda/11.2:amber/20:conda/4.4.7-py36_0:java/openjdk-8_202:fastqc/0.12.1:parallel/20210822:parallel/20190122
+++ export LOADEDMODULES
+++ test 0
++ _mlstatus=0
++ '[' -n x ']'
++ IFS=' 	
'
++ unset _mlre _mlv _mlrv _mlIFS
++ return 0
++ module load fastx_toolkit/0.0.14
++ local _mlredir=1
++ '[' -n '' ']'
++ case " $@ " in
++ '[' 1 -eq 0 ']'
++ _module_raw load fastx_toolkit/0.0.14
++ unset _mlre _mlIFS
++ '[' -n x ']'
++ _mlIFS=' 	
'
++ IFS=' '
++ for _mlv in ${MODULES_RUN_QUARANTINE:-}
++ '[' LD_LIBRARY_PATH = LD_LIBRARY_PATH ']'
++ '[' LD_LIBRARY_PATH = LD_LIBRARY_PATH ']'
+++ eval 'echo ${LD_LIBRARY_PATH+x}'
++++ echo x
++ '[' -n x ']'
+++ eval 'echo ${LD_LIBRARY_PATH}'
++++ echo /common/software/install/migrated/java/openjdk-8_202/lib:/common/software/install/migrated/java/openjdk-8_202/jre/lib/amd64/server:/common/software/install/migrated/cuda/11.2/lib64:/common/software/install/migrated/openmpi/el6/3.1.6/gnu-8.2.0-cuda/lib:/common/software/install/migrated/java/openjdk-11.0.2/lib:/common/software/install/migrated/java/openjdk-11.0.2/lib/jli:/common/software/install/migrated/java/openjdk-11.0.2/lib/server:/common/software/install/migrated/gcc/8.2.0/lib64:/common/software/install/migrated/isl/0.19_gcc8.1.0/lib:/common/software/install/migrated/mpc/1.1.0_gcc8.1.0/lib:/common/software/install/migrated/mpfr/4.0.1_gcc8.1.0/lib:/common/software/install/migrated/gmp/6.1.2_gcc8.1.0/lib:/common/software/install/migrated/gcc/8.1.0/lib64:/common/software/install/migrated/amber/amber20/lib
++ _mlre='__MODULES_QUAR_LD_LIBRARY_PATH='\''/common/software/install/migrated/java/openjdk-8_202/lib:/common/software/install/migrated/java/openjdk-8_202/jre/lib/amd64/server:/common/software/install/migrated/cuda/11.2/lib64:/common/software/install/migrated/openmpi/el6/3.1.6/gnu-8.2.0-cuda/lib:/common/software/install/migrated/java/openjdk-11.0.2/lib:/common/software/install/migrated/java/openjdk-11.0.2/lib/jli:/common/software/install/migrated/java/openjdk-11.0.2/lib/server:/common/software/install/migrated/gcc/8.2.0/lib64:/common/software/install/migrated/isl/0.19_gcc8.1.0/lib:/common/software/install/migrated/mpc/1.1.0_gcc8.1.0/lib:/common/software/install/migrated/mpfr/4.0.1_gcc8.1.0/lib:/common/software/install/migrated/gmp/6.1.2_gcc8.1.0/lib:/common/software/install/migrated/gcc/8.1.0/lib64:/common/software/install/migrated/amber/amber20/lib'\'' '
++ _mlrv=MODULES_RUNENV_LD_LIBRARY_PATH
+++ eval 'echo ${MODULES_RUNENV_LD_LIBRARY_PATH:-}'
++++ echo
++ _mlre='__MODULES_QUAR_LD_LIBRARY_PATH='\''/common/software/install/migrated/java/openjdk-8_202/lib:/common/software/install/migrated/java/openjdk-8_202/jre/lib/amd64/server:/common/software/install/migrated/cuda/11.2/lib64:/common/software/install/migrated/openmpi/el6/3.1.6/gnu-8.2.0-cuda/lib:/common/software/install/migrated/java/openjdk-11.0.2/lib:/common/software/install/migrated/java/openjdk-11.0.2/lib/jli:/common/software/install/migrated/java/openjdk-11.0.2/lib/server:/common/software/install/migrated/gcc/8.2.0/lib64:/common/software/install/migrated/isl/0.19_gcc8.1.0/lib:/common/software/install/migrated/mpc/1.1.0_gcc8.1.0/lib:/common/software/install/migrated/mpfr/4.0.1_gcc8.1.0/lib:/common/software/install/migrated/gmp/6.1.2_gcc8.1.0/lib:/common/software/install/migrated/gcc/8.1.0/lib64:/common/software/install/migrated/amber/amber20/lib'\'' LD_LIBRARY_PATH='\'''\'' '
++ for _mlv in ${MODULES_RUN_QUARANTINE:-}
++ '[' LD_PRELOAD = LD_PRELOAD ']'
++ '[' LD_PRELOAD = LD_PRELOAD ']'
+++ eval 'echo ${LD_PRELOAD+x}'
++++ echo
++ '[' -n '' ']'
++ _mlrv=MODULES_RUNENV_LD_PRELOAD
+++ eval 'echo ${MODULES_RUNENV_LD_PRELOAD:-}'
++++ echo
++ _mlre='__MODULES_QUAR_LD_LIBRARY_PATH='\''/common/software/install/migrated/java/openjdk-8_202/lib:/common/software/install/migrated/java/openjdk-8_202/jre/lib/amd64/server:/common/software/install/migrated/cuda/11.2/lib64:/common/software/install/migrated/openmpi/el6/3.1.6/gnu-8.2.0-cuda/lib:/common/software/install/migrated/java/openjdk-11.0.2/lib:/common/software/install/migrated/java/openjdk-11.0.2/lib/jli:/common/software/install/migrated/java/openjdk-11.0.2/lib/server:/common/software/install/migrated/gcc/8.2.0/lib64:/common/software/install/migrated/isl/0.19_gcc8.1.0/lib:/common/software/install/migrated/mpc/1.1.0_gcc8.1.0/lib:/common/software/install/migrated/mpfr/4.0.1_gcc8.1.0/lib:/common/software/install/migrated/gmp/6.1.2_gcc8.1.0/lib:/common/software/install/migrated/gcc/8.1.0/lib64:/common/software/install/migrated/amber/amber20/lib'\'' LD_LIBRARY_PATH='\'''\'' LD_PRELOAD='\'''\'' '
++ '[' -n '__MODULES_QUAR_LD_LIBRARY_PATH='\''/common/software/install/migrated/java/openjdk-8_202/lib:/common/software/install/migrated/java/openjdk-8_202/jre/lib/amd64/server:/common/software/install/migrated/cuda/11.2/lib64:/common/software/install/migrated/openmpi/el6/3.1.6/gnu-8.2.0-cuda/lib:/common/software/install/migrated/java/openjdk-11.0.2/lib:/common/software/install/migrated/java/openjdk-11.0.2/lib/jli:/common/software/install/migrated/java/openjdk-11.0.2/lib/server:/common/software/install/migrated/gcc/8.2.0/lib64:/common/software/install/migrated/isl/0.19_gcc8.1.0/lib:/common/software/install/migrated/mpc/1.1.0_gcc8.1.0/lib:/common/software/install/migrated/mpfr/4.0.1_gcc8.1.0/lib:/common/software/install/migrated/gmp/6.1.2_gcc8.1.0/lib:/common/software/install/migrated/gcc/8.1.0/lib64:/common/software/install/migrated/amber/amber20/lib'\'' LD_LIBRARY_PATH='\'''\'' LD_PRELOAD='\'''\'' ' ']'
++ _mlre='__MODULES_QUAR_LD_LIBRARY_PATH='\''/common/software/install/migrated/java/openjdk-8_202/lib:/common/software/install/migrated/java/openjdk-8_202/jre/lib/amd64/server:/common/software/install/migrated/cuda/11.2/lib64:/common/software/install/migrated/openmpi/el6/3.1.6/gnu-8.2.0-cuda/lib:/common/software/install/migrated/java/openjdk-11.0.2/lib:/common/software/install/migrated/java/openjdk-11.0.2/lib/jli:/common/software/install/migrated/java/openjdk-11.0.2/lib/server:/common/software/install/migrated/gcc/8.2.0/lib64:/common/software/install/migrated/isl/0.19_gcc8.1.0/lib:/common/software/install/migrated/mpc/1.1.0_gcc8.1.0/lib:/common/software/install/migrated/mpfr/4.0.1_gcc8.1.0/lib:/common/software/install/migrated/gmp/6.1.2_gcc8.1.0/lib:/common/software/install/migrated/gcc/8.1.0/lib64:/common/software/install/migrated/amber/amber20/lib'\'' LD_LIBRARY_PATH='\'''\'' LD_PRELOAD='\'''\'' __MODULES_QUARANTINE_SET=1 '
+++ eval '__MODULES_QUAR_LD_LIBRARY_PATH='\''/common/software/install/migrated/java/openjdk-8_202/lib:/common/software/install/migrated/java/openjdk-8_202/jre/lib/amd64/server:/common/software/install/migrated/cuda/11.2/lib64:/common/software/install/migrated/openmpi/el6/3.1.6/gnu-8.2.0-cuda/lib:/common/software/install/migrated/java/openjdk-11.0.2/lib:/common/software/install/migrated/java/openjdk-11.0.2/lib/jli:/common/software/install/migrated/java/openjdk-11.0.2/lib/server:/common/software/install/migrated/gcc/8.2.0/lib64:/common/software/install/migrated/isl/0.19_gcc8.1.0/lib:/common/software/install/migrated/mpc/1.1.0_gcc8.1.0/lib:/common/software/install/migrated/mpfr/4.0.1_gcc8.1.0/lib:/common/software/install/migrated/gmp/6.1.2_gcc8.1.0/lib:/common/software/install/migrated/gcc/8.1.0/lib64:/common/software/install/migrated/amber/amber20/lib'\''' 'LD_LIBRARY_PATH='\'''\''' 'LD_PRELOAD='\'''\''' __MODULES_QUARANTINE_SET=1 /usr/bin/tclsh /usr/share/Modules/libexec/modulecmd.tcl bash '"$@"'
++++ __MODULES_QUAR_LD_LIBRARY_PATH=/common/software/install/migrated/java/openjdk-8_202/lib:/common/software/install/migrated/java/openjdk-8_202/jre/lib/amd64/server:/common/software/install/migrated/cuda/11.2/lib64:/common/software/install/migrated/openmpi/el6/3.1.6/gnu-8.2.0-cuda/lib:/common/software/install/migrated/java/openjdk-11.0.2/lib:/common/software/install/migrated/java/openjdk-11.0.2/lib/jli:/common/software/install/migrated/java/openjdk-11.0.2/lib/server:/common/software/install/migrated/gcc/8.2.0/lib64:/common/software/install/migrated/isl/0.19_gcc8.1.0/lib:/common/software/install/migrated/mpc/1.1.0_gcc8.1.0/lib:/common/software/install/migrated/mpfr/4.0.1_gcc8.1.0/lib:/common/software/install/migrated/gmp/6.1.2_gcc8.1.0/lib:/common/software/install/migrated/gcc/8.1.0/lib64:/common/software/install/migrated/amber/amber20/lib
++++ LD_LIBRARY_PATH=
++++ LD_PRELOAD=
++++ __MODULES_QUARANTINE_SET=1
++++ /usr/bin/tclsh /usr/share/Modules/libexec/modulecmd.tcl bash load fastx_toolkit/0.0.14
++ eval '__MODULES_LMALTNAME=gcc/8.2.0\&gcc/default\&gcc:cuda/11.2\&cuda\&as\|cuda/default:conda/4.4.7-py36_0\&conda/default\&conda\&as\|conda/latest:java/openjdk-8_202\&java\&as\|java/default:fastqc/0.12.1\&as\|fastqc/default\&as\|fastqc/latest:parallel/20210822\&parallel/default\&parallel\&as\|parallel/latest:fastx_toolkit/0.0.14\&fastx_toolkit/default\&fastx_toolkit\&as\|fastx_toolkit/latest; export __MODULES_LMALTNAME;
PATH=/home/lmnp/knut0297/software/modules/fastx_toolkit/0.0.14/bin:/common/software/install/migrated/parallel/20190122/bin:/common/software/install/migrated/parallel/20210822/bin:/common/software/install/manual/fastqc/0.12.1:/common/software/install/migrated/java/openjdk-8_202/bin:/users/3/pier0273/bin:/users/3/pier0273/vim/bin:/home/lmnp/knut0297/software/modules/conda/4.4.7-py36_0/bin:/common/software/install/migrated/cuda/11.2/bin:/common/software/install/migrated/openmpi/el6/3.1.6/gnu-8.2.0-cuda/bin:/common/software/install/migrated/java/openjdk-11.0.2/bin:/common/software/install/migrated/gcc/8.2.0/bin:/users/3/pier0273/vim/bin:/opt/msi/bin:/usr/share/Modules/bin:/usr/local/bin:/usr/bin:/usr/local/sbin:/usr/sbin:/opt/puppetlabs/bin:/common/software/install/migrated/amber/amber20/bin; export PATH;
_LMFILES_=/common/software/modulefiles/migrated/common/gmp/6.1.2_gcc8.1.0:/common/software/modulefiles/migrated/common/mpfr/4.0.1_gcc8.1.0:/common/software/modulefiles/migrated/common/mpc/1.1.0_gcc8.1.0:/common/software/modulefiles/migrated/common/isl/0.19_gcc8.1.0:/common/software/modulefiles/migrated/hpc/gcc/8.2.0:/common/software/modulefiles/migrated/common/java/openjdk-11.0.2:/common/software/modulefiles/migrated/hpc/ompi/3.1.6/gnu-8.2.0-cuda:/common/software/modulefiles/migrated/hpc/cuda/11.2:/common/software/modulefiles/migrated/hpc/amber/20:/home/lmnp/knut0297/software/modulesfiles/conda/4.4.7-py36_0:/common/software/modulefiles/migrated/common/java/openjdk-8_202:/common/software/modulefiles/manual/common/fastqc/0.12.1:/common/software/modulefiles/migrated/common/parallel/20210822:/common/software/modulefiles/migrated/common/parallel/20190122:/home/lmnp/knut0297/software/modulesfiles/libgtextutils/0.6:/home/lmnp/knut0297/software/modulesfiles/fastx_toolkit/0.0.14; export _LMFILES_;
LOADEDMODULES=gmp/6.1.2_gcc8.1.0:mpfr/4.0.1_gcc8.1.0:mpc/1.1.0_gcc8.1.0:isl/0.19_gcc8.1.0:gcc/8.2.0:java/openjdk-11.0.2:ompi/3.1.6/gnu-8.2.0-cuda:cuda/11.2:amber/20:conda/4.4.7-py36_0:java/openjdk-8_202:fastqc/0.12.1:parallel/20210822:parallel/20190122:/home/lmnp/knut0297/software/modulesfiles/libgtextutils/0.6:fastx_toolkit/0.0.14; export LOADEDMODULES;
__MODULES_LMTAG=gmp/6.1.2_gcc8.1.0\&auto-loaded:mpfr/4.0.1_gcc8.1.0\&auto-loaded:mpc/1.1.0_gcc8.1.0\&auto-loaded:isl/0.19_gcc8.1.0\&auto-loaded:gcc/8.2.0\&auto-loaded:java/openjdk-11.0.2\&auto-loaded:ompi/3.1.6/gnu-8.2.0-cuda\&auto-loaded:cuda/11.2\&auto-loaded:java/openjdk-8_202\&auto-loaded:/home/lmnp/knut0297/software/modulesfiles/libgtextutils/0.6\&auto-loaded; export __MODULES_LMTAG;
PKG_CONFIG_PATH=/home/lmnp/knut0297/software/modules/libgtextutils/0.6/lib/pkgconfig:/common/software/install/migrated/isl/0.19_gcc8.1.0/lib/pkgconfig:/common/software/install/migrated/mpfr/4.0.1_gcc8.1.0/lib/pkgconfig; export PKG_CONFIG_PATH;
test 0;'
+++ __MODULES_LMALTNAME='gcc/8.2.0&gcc/default&gcc:cuda/11.2&cuda&as|cuda/default:conda/4.4.7-py36_0&conda/default&conda&as|conda/latest:java/openjdk-8_202&java&as|java/default:fastqc/0.12.1&as|fastqc/default&as|fastqc/latest:parallel/20210822&parallel/default&parallel&as|parallel/latest:fastx_toolkit/0.0.14&fastx_toolkit/default&fastx_toolkit&as|fastx_toolkit/latest'
+++ export __MODULES_LMALTNAME
+++ PATH=/home/lmnp/knut0297/software/modules/fastx_toolkit/0.0.14/bin:/common/software/install/migrated/parallel/20190122/bin:/common/software/install/migrated/parallel/20210822/bin:/common/software/install/manual/fastqc/0.12.1:/common/software/install/migrated/java/openjdk-8_202/bin:/users/3/pier0273/bin:/users/3/pier0273/vim/bin:/home/lmnp/knut0297/software/modules/conda/4.4.7-py36_0/bin:/common/software/install/migrated/cuda/11.2/bin:/common/software/install/migrated/openmpi/el6/3.1.6/gnu-8.2.0-cuda/bin:/common/software/install/migrated/java/openjdk-11.0.2/bin:/common/software/install/migrated/gcc/8.2.0/bin:/users/3/pier0273/vim/bin:/opt/msi/bin:/usr/share/Modules/bin:/usr/local/bin:/usr/bin:/usr/local/sbin:/usr/sbin:/opt/puppetlabs/bin:/common/software/install/migrated/amber/amber20/bin
+++ export PATH
+++ _LMFILES_=/common/software/modulefiles/migrated/common/gmp/6.1.2_gcc8.1.0:/common/software/modulefiles/migrated/common/mpfr/4.0.1_gcc8.1.0:/common/software/modulefiles/migrated/common/mpc/1.1.0_gcc8.1.0:/common/software/modulefiles/migrated/common/isl/0.19_gcc8.1.0:/common/software/modulefiles/migrated/hpc/gcc/8.2.0:/common/software/modulefiles/migrated/common/java/openjdk-11.0.2:/common/software/modulefiles/migrated/hpc/ompi/3.1.6/gnu-8.2.0-cuda:/common/software/modulefiles/migrated/hpc/cuda/11.2:/common/software/modulefiles/migrated/hpc/amber/20:/home/lmnp/knut0297/software/modulesfiles/conda/4.4.7-py36_0:/common/software/modulefiles/migrated/common/java/openjdk-8_202:/common/software/modulefiles/manual/common/fastqc/0.12.1:/common/software/modulefiles/migrated/common/parallel/20210822:/common/software/modulefiles/migrated/common/parallel/20190122:/home/lmnp/knut0297/software/modulesfiles/libgtextutils/0.6:/home/lmnp/knut0297/software/modulesfiles/fastx_toolkit/0.0.14
+++ export _LMFILES_
+++ LOADEDMODULES=gmp/6.1.2_gcc8.1.0:mpfr/4.0.1_gcc8.1.0:mpc/1.1.0_gcc8.1.0:isl/0.19_gcc8.1.0:gcc/8.2.0:java/openjdk-11.0.2:ompi/3.1.6/gnu-8.2.0-cuda:cuda/11.2:amber/20:conda/4.4.7-py36_0:java/openjdk-8_202:fastqc/0.12.1:parallel/20210822:parallel/20190122:/home/lmnp/knut0297/software/modulesfiles/libgtextutils/0.6:fastx_toolkit/0.0.14
+++ export LOADEDMODULES
+++ __MODULES_LMTAG='gmp/6.1.2_gcc8.1.0&auto-loaded:mpfr/4.0.1_gcc8.1.0&auto-loaded:mpc/1.1.0_gcc8.1.0&auto-loaded:isl/0.19_gcc8.1.0&auto-loaded:gcc/8.2.0&auto-loaded:java/openjdk-11.0.2&auto-loaded:ompi/3.1.6/gnu-8.2.0-cuda&auto-loaded:cuda/11.2&auto-loaded:java/openjdk-8_202&auto-loaded:/home/lmnp/knut0297/software/modulesfiles/libgtextutils/0.6&auto-loaded'
+++ export __MODULES_LMTAG
+++ PKG_CONFIG_PATH=/home/lmnp/knut0297/software/modules/libgtextutils/0.6/lib/pkgconfig:/common/software/install/migrated/isl/0.19_gcc8.1.0/lib/pkgconfig:/common/software/install/migrated/mpfr/4.0.1_gcc8.1.0/lib/pkgconfig
+++ export PKG_CONFIG_PATH
+++ test 0
++ _mlstatus=0
++ '[' -n x ']'
++ IFS=' 	
'
++ unset _mlre _mlv _mlrv _mlIFS
++ return 0
++ export PATH=/users/3/pier0273/morrell_lab:/home/lmnp/knut0297/software/modules/fastx_toolkit/0.0.14/bin:/common/software/install/migrated/parallel/20190122/bin:/common/software/install/migrated/parallel/20210822/bin:/common/software/install/manual/fastqc/0.12.1:/common/software/install/migrated/java/openjdk-8_202/bin:/users/3/pier0273/bin:/users/3/pier0273/vim/bin:/home/lmnp/knut0297/software/modules/conda/4.4.7-py36_0/bin:/common/software/install/migrated/cuda/11.2/bin:/common/software/install/migrated/openmpi/el6/3.1.6/gnu-8.2.0-cuda/bin:/common/software/install/migrated/java/openjdk-11.0.2/bin:/common/software/install/migrated/gcc/8.2.0/bin:/users/3/pier0273/vim/bin:/opt/msi/bin:/usr/share/Modules/bin:/usr/local/bin:/usr/bin:/usr/local/sbin:/usr/sbin:/opt/puppetlabs/bin:/common/software/install/migrated/amber/amber20/bin
++ PATH=/users/3/pier0273/morrell_lab:/home/lmnp/knut0297/software/modules/fastx_toolkit/0.0.14/bin:/common/software/install/migrated/parallel/20190122/bin:/common/software/install/migrated/parallel/20210822/bin:/common/software/install/manual/fastqc/0.12.1:/common/software/install/migrated/java/openjdk-8_202/bin:/users/3/pier0273/bin:/users/3/pier0273/vim/bin:/home/lmnp/knut0297/software/modules/conda/4.4.7-py36_0/bin:/common/software/install/migrated/cuda/11.2/bin:/common/software/install/migrated/openmpi/el6/3.1.6/gnu-8.2.0-cuda/bin:/common/software/install/migrated/java/openjdk-11.0.2/bin:/common/software/install/migrated/gcc/8.2.0/bin:/users/3/pier0273/vim/bin:/opt/msi/bin:/usr/share/Modules/bin:/usr/local/bin:/usr/bin:/usr/local/sbin:/usr/sbin:/opt/puppetlabs/bin:/common/software/install/migrated/amber/amber20/bin
++ module load riss_util/1.0
++ local _mlredir=1
++ '[' -n '' ']'
++ case " $@ " in
++ '[' 1 -eq 0 ']'
++ _module_raw load riss_util/1.0
++ unset _mlre _mlIFS
++ '[' -n x ']'
++ _mlIFS=' 	
'
++ IFS=' '
++ for _mlv in ${MODULES_RUN_QUARANTINE:-}
++ '[' LD_LIBRARY_PATH = LD_LIBRARY_PATH ']'
++ '[' LD_LIBRARY_PATH = LD_LIBRARY_PATH ']'
+++ eval 'echo ${LD_LIBRARY_PATH+x}'
++++ echo x
++ '[' -n x ']'
+++ eval 'echo ${LD_LIBRARY_PATH}'
++++ echo /common/software/install/migrated/java/openjdk-8_202/lib:/common/software/install/migrated/java/openjdk-8_202/jre/lib/amd64/server:/common/software/install/migrated/cuda/11.2/lib64:/common/software/install/migrated/openmpi/el6/3.1.6/gnu-8.2.0-cuda/lib:/common/software/install/migrated/java/openjdk-11.0.2/lib:/common/software/install/migrated/java/openjdk-11.0.2/lib/jli:/common/software/install/migrated/java/openjdk-11.0.2/lib/server:/common/software/install/migrated/gcc/8.2.0/lib64:/common/software/install/migrated/isl/0.19_gcc8.1.0/lib:/common/software/install/migrated/mpc/1.1.0_gcc8.1.0/lib:/common/software/install/migrated/mpfr/4.0.1_gcc8.1.0/lib:/common/software/install/migrated/gmp/6.1.2_gcc8.1.0/lib:/common/software/install/migrated/gcc/8.1.0/lib64:/common/software/install/migrated/amber/amber20/lib
++ _mlre='__MODULES_QUAR_LD_LIBRARY_PATH='\''/common/software/install/migrated/java/openjdk-8_202/lib:/common/software/install/migrated/java/openjdk-8_202/jre/lib/amd64/server:/common/software/install/migrated/cuda/11.2/lib64:/common/software/install/migrated/openmpi/el6/3.1.6/gnu-8.2.0-cuda/lib:/common/software/install/migrated/java/openjdk-11.0.2/lib:/common/software/install/migrated/java/openjdk-11.0.2/lib/jli:/common/software/install/migrated/java/openjdk-11.0.2/lib/server:/common/software/install/migrated/gcc/8.2.0/lib64:/common/software/install/migrated/isl/0.19_gcc8.1.0/lib:/common/software/install/migrated/mpc/1.1.0_gcc8.1.0/lib:/common/software/install/migrated/mpfr/4.0.1_gcc8.1.0/lib:/common/software/install/migrated/gmp/6.1.2_gcc8.1.0/lib:/common/software/install/migrated/gcc/8.1.0/lib64:/common/software/install/migrated/amber/amber20/lib'\'' '
++ _mlrv=MODULES_RUNENV_LD_LIBRARY_PATH
+++ eval 'echo ${MODULES_RUNENV_LD_LIBRARY_PATH:-}'
++++ echo
++ _mlre='__MODULES_QUAR_LD_LIBRARY_PATH='\''/common/software/install/migrated/java/openjdk-8_202/lib:/common/software/install/migrated/java/openjdk-8_202/jre/lib/amd64/server:/common/software/install/migrated/cuda/11.2/lib64:/common/software/install/migrated/openmpi/el6/3.1.6/gnu-8.2.0-cuda/lib:/common/software/install/migrated/java/openjdk-11.0.2/lib:/common/software/install/migrated/java/openjdk-11.0.2/lib/jli:/common/software/install/migrated/java/openjdk-11.0.2/lib/server:/common/software/install/migrated/gcc/8.2.0/lib64:/common/software/install/migrated/isl/0.19_gcc8.1.0/lib:/common/software/install/migrated/mpc/1.1.0_gcc8.1.0/lib:/common/software/install/migrated/mpfr/4.0.1_gcc8.1.0/lib:/common/software/install/migrated/gmp/6.1.2_gcc8.1.0/lib:/common/software/install/migrated/gcc/8.1.0/lib64:/common/software/install/migrated/amber/amber20/lib'\'' LD_LIBRARY_PATH='\'''\'' '
++ for _mlv in ${MODULES_RUN_QUARANTINE:-}
++ '[' LD_PRELOAD = LD_PRELOAD ']'
++ '[' LD_PRELOAD = LD_PRELOAD ']'
+++ eval 'echo ${LD_PRELOAD+x}'
++++ echo
++ '[' -n '' ']'
++ _mlrv=MODULES_RUNENV_LD_PRELOAD
+++ eval 'echo ${MODULES_RUNENV_LD_PRELOAD:-}'
++++ echo
++ _mlre='__MODULES_QUAR_LD_LIBRARY_PATH='\''/common/software/install/migrated/java/openjdk-8_202/lib:/common/software/install/migrated/java/openjdk-8_202/jre/lib/amd64/server:/common/software/install/migrated/cuda/11.2/lib64:/common/software/install/migrated/openmpi/el6/3.1.6/gnu-8.2.0-cuda/lib:/common/software/install/migrated/java/openjdk-11.0.2/lib:/common/software/install/migrated/java/openjdk-11.0.2/lib/jli:/common/software/install/migrated/java/openjdk-11.0.2/lib/server:/common/software/install/migrated/gcc/8.2.0/lib64:/common/software/install/migrated/isl/0.19_gcc8.1.0/lib:/common/software/install/migrated/mpc/1.1.0_gcc8.1.0/lib:/common/software/install/migrated/mpfr/4.0.1_gcc8.1.0/lib:/common/software/install/migrated/gmp/6.1.2_gcc8.1.0/lib:/common/software/install/migrated/gcc/8.1.0/lib64:/common/software/install/migrated/amber/amber20/lib'\'' LD_LIBRARY_PATH='\'''\'' LD_PRELOAD='\'''\'' '
++ '[' -n '__MODULES_QUAR_LD_LIBRARY_PATH='\''/common/software/install/migrated/java/openjdk-8_202/lib:/common/software/install/migrated/java/openjdk-8_202/jre/lib/amd64/server:/common/software/install/migrated/cuda/11.2/lib64:/common/software/install/migrated/openmpi/el6/3.1.6/gnu-8.2.0-cuda/lib:/common/software/install/migrated/java/openjdk-11.0.2/lib:/common/software/install/migrated/java/openjdk-11.0.2/lib/jli:/common/software/install/migrated/java/openjdk-11.0.2/lib/server:/common/software/install/migrated/gcc/8.2.0/lib64:/common/software/install/migrated/isl/0.19_gcc8.1.0/lib:/common/software/install/migrated/mpc/1.1.0_gcc8.1.0/lib:/common/software/install/migrated/mpfr/4.0.1_gcc8.1.0/lib:/common/software/install/migrated/gmp/6.1.2_gcc8.1.0/lib:/common/software/install/migrated/gcc/8.1.0/lib64:/common/software/install/migrated/amber/amber20/lib'\'' LD_LIBRARY_PATH='\'''\'' LD_PRELOAD='\'''\'' ' ']'
++ _mlre='__MODULES_QUAR_LD_LIBRARY_PATH='\''/common/software/install/migrated/java/openjdk-8_202/lib:/common/software/install/migrated/java/openjdk-8_202/jre/lib/amd64/server:/common/software/install/migrated/cuda/11.2/lib64:/common/software/install/migrated/openmpi/el6/3.1.6/gnu-8.2.0-cuda/lib:/common/software/install/migrated/java/openjdk-11.0.2/lib:/common/software/install/migrated/java/openjdk-11.0.2/lib/jli:/common/software/install/migrated/java/openjdk-11.0.2/lib/server:/common/software/install/migrated/gcc/8.2.0/lib64:/common/software/install/migrated/isl/0.19_gcc8.1.0/lib:/common/software/install/migrated/mpc/1.1.0_gcc8.1.0/lib:/common/software/install/migrated/mpfr/4.0.1_gcc8.1.0/lib:/common/software/install/migrated/gmp/6.1.2_gcc8.1.0/lib:/common/software/install/migrated/gcc/8.1.0/lib64:/common/software/install/migrated/amber/amber20/lib'\'' LD_LIBRARY_PATH='\'''\'' LD_PRELOAD='\'''\'' __MODULES_QUARANTINE_SET=1 '
+++ eval '__MODULES_QUAR_LD_LIBRARY_PATH='\''/common/software/install/migrated/java/openjdk-8_202/lib:/common/software/install/migrated/java/openjdk-8_202/jre/lib/amd64/server:/common/software/install/migrated/cuda/11.2/lib64:/common/software/install/migrated/openmpi/el6/3.1.6/gnu-8.2.0-cuda/lib:/common/software/install/migrated/java/openjdk-11.0.2/lib:/common/software/install/migrated/java/openjdk-11.0.2/lib/jli:/common/software/install/migrated/java/openjdk-11.0.2/lib/server:/common/software/install/migrated/gcc/8.2.0/lib64:/common/software/install/migrated/isl/0.19_gcc8.1.0/lib:/common/software/install/migrated/mpc/1.1.0_gcc8.1.0/lib:/common/software/install/migrated/mpfr/4.0.1_gcc8.1.0/lib:/common/software/install/migrated/gmp/6.1.2_gcc8.1.0/lib:/common/software/install/migrated/gcc/8.1.0/lib64:/common/software/install/migrated/amber/amber20/lib'\''' 'LD_LIBRARY_PATH='\'''\''' 'LD_PRELOAD='\'''\''' __MODULES_QUARANTINE_SET=1 /usr/bin/tclsh /usr/share/Modules/libexec/modulecmd.tcl bash '"$@"'
++++ __MODULES_QUAR_LD_LIBRARY_PATH=/common/software/install/migrated/java/openjdk-8_202/lib:/common/software/install/migrated/java/openjdk-8_202/jre/lib/amd64/server:/common/software/install/migrated/cuda/11.2/lib64:/common/software/install/migrated/openmpi/el6/3.1.6/gnu-8.2.0-cuda/lib:/common/software/install/migrated/java/openjdk-11.0.2/lib:/common/software/install/migrated/java/openjdk-11.0.2/lib/jli:/common/software/install/migrated/java/openjdk-11.0.2/lib/server:/common/software/install/migrated/gcc/8.2.0/lib64:/common/software/install/migrated/isl/0.19_gcc8.1.0/lib:/common/software/install/migrated/mpc/1.1.0_gcc8.1.0/lib:/common/software/install/migrated/mpfr/4.0.1_gcc8.1.0/lib:/common/software/install/migrated/gmp/6.1.2_gcc8.1.0/lib:/common/software/install/migrated/gcc/8.1.0/lib64:/common/software/install/migrated/amber/amber20/lib
++++ LD_LIBRARY_PATH=
++++ LD_PRELOAD=
++++ __MODULES_QUARANTINE_SET=1
++++ /usr/bin/tclsh /usr/share/Modules/libexec/modulecmd.tcl bash load riss_util/1.0
++ eval 'LD_LIBRARY_PATH=/home/lmnp/knut0297/software/modules/zlib/1.3.1/build/lib:/common/software/install/migrated/libgd/2.1.0/lib:/common/software/install/migrated/java/openjdk-8_202/lib:/common/software/install/migrated/java/openjdk-8_202/jre/lib/amd64/server:/common/software/install/migrated/cuda/11.2/lib64:/common/software/install/migrated/openmpi/el6/3.1.6/gnu-8.2.0-cuda/lib:/common/software/install/migrated/java/openjdk-11.0.2/lib:/common/software/install/migrated/java/openjdk-11.0.2/lib/jli:/common/software/install/migrated/java/openjdk-11.0.2/lib/server:/common/software/install/migrated/gcc/8.2.0/lib64:/common/software/install/migrated/isl/0.19_gcc8.1.0/lib:/common/software/install/migrated/mpc/1.1.0_gcc8.1.0/lib:/common/software/install/migrated/mpfr/4.0.1_gcc8.1.0/lib:/common/software/install/migrated/gmp/6.1.2_gcc8.1.0/lib:/common/software/install/migrated/gcc/8.1.0/lib64:/common/software/install/migrated/amber/amber20/lib; export LD_LIBRARY_PATH;
LD_RUN_PATH=/home/lmnp/knut0297/software/modules/zlib/1.3.1/build/lib:/common/software/install/migrated/libgd/2.1.0/lib:/common/software/install/migrated/gcc/8.2.0/lib64:/common/software/install/migrated/isl/0.19_gcc8.1.0/lib:/common/software/install/migrated/mpc/1.1.0_gcc8.1.0/lib:/common/software/install/migrated/mpfr/4.0.1_gcc8.1.0/lib:/common/software/install/migrated/gmp/6.1.2_gcc8.1.0/lib; export LD_RUN_PATH;
CPATH=/home/lmnp/knut0297/software/modules/zlib/1.3.1/build/include:/common/software/install/migrated/libgd/2.1.0/include:/common/software/install/migrated/java/openjdk-8_202/include:/common/software/install/migrated/cuda/11.2/include:/common/software/install/migrated/openmpi/el6/3.1.6/gnu-8.2.0-cuda/include:/common/software/install/migrated/java/openjdk-11.0.2/include:/common/software/install/migrated/gcc/8.2.0/include:/common/software/install/migrated/isl/0.19_gcc8.1.0/include:/common/software/install/migrated/mpc/1.1.0_gcc8.1.0/include:/common/software/install/migrated/mpfr/4.0.1_gcc8.1.0/include:/common/software/install/migrated/gmp/6.1.2_gcc8.1.0/include; export CPATH;
R_LIBS_USER=/common/software/install/migrated/riss_util/1.0/lib/R3_1:/common/software/install/migrated/riss_util/1.0/lib; export R_LIBS_USER;
MANPATH=/home/lmnp/knut0297/software/modules/zlib/1.3.1/build/share/man:/common/software/install/migrated/parallel/20190122/share/man:/common/software/install/migrated/parallel/20210822/share/man:/common/software/install/migrated/java/openjdk-8_202/man:/common/software/install/migrated/openmpi/el6/3.1.6/gnu-8.2.0-cuda/share/man:/common/software/install/migrated/java/openjdk-11.0.2/man:/common/software/install/migrated/gcc/8.2.0/share/man::/opt/puppetlabs/puppet/share/man:/opt/slurm/rocky8/ofed-24.07/x86_64/23.11.8/share/man; export MANPATH;
LIBRARY_PATH=/home/lmnp/knut0297/software/modules/zlib/1.3.1/build/lib:/common/software/install/migrated/cuda/11.2/lib64:/common/software/install/migrated/openmpi/el6/3.1.6/gnu-8.2.0-cuda/lib:/common/software/install/migrated/gcc/8.2.0/lib64:/common/software/install/migrated/isl/0.19_gcc8.1.0/lib:/common/software/install/migrated/mpc/1.1.0_gcc8.1.0/lib:/common/software/install/migrated/mpfr/4.0.1_gcc8.1.0/lib:/common/software/install/migrated/gmp/6.1.2_gcc8.1.0/lib; export LIBRARY_PATH;
LOADEDMODULES=gmp/6.1.2_gcc8.1.0:mpfr/4.0.1_gcc8.1.0:mpc/1.1.0_gcc8.1.0:isl/0.19_gcc8.1.0:gcc/8.2.0:java/openjdk-11.0.2:ompi/3.1.6/gnu-8.2.0-cuda:cuda/11.2:amber/20:conda/4.4.7-py36_0:java/openjdk-8_202:fastqc/0.12.1:parallel/20210822:parallel/20190122:/home/lmnp/knut0297/software/modulesfiles/libgtextutils/0.6:fastx_toolkit/0.0.14:libgd/2.1.0:zlib/1.3.1:riss_util/1.0; export LOADEDMODULES;
_LMFILES_=/common/software/modulefiles/migrated/common/gmp/6.1.2_gcc8.1.0:/common/software/modulefiles/migrated/common/mpfr/4.0.1_gcc8.1.0:/common/software/modulefiles/migrated/common/mpc/1.1.0_gcc8.1.0:/common/software/modulefiles/migrated/common/isl/0.19_gcc8.1.0:/common/software/modulefiles/migrated/hpc/gcc/8.2.0:/common/software/modulefiles/migrated/common/java/openjdk-11.0.2:/common/software/modulefiles/migrated/hpc/ompi/3.1.6/gnu-8.2.0-cuda:/common/software/modulefiles/migrated/hpc/cuda/11.2:/common/software/modulefiles/migrated/hpc/amber/20:/home/lmnp/knut0297/software/modulesfiles/conda/4.4.7-py36_0:/common/software/modulefiles/migrated/common/java/openjdk-8_202:/common/software/modulefiles/manual/common/fastqc/0.12.1:/common/software/modulefiles/migrated/common/parallel/20210822:/common/software/modulefiles/migrated/common/parallel/20190122:/home/lmnp/knut0297/software/modulesfiles/libgtextutils/0.6:/home/lmnp/knut0297/software/modulesfiles/fastx_toolkit/0.0.14:/common/software/modulefiles/migrated/hpc/libgd/2.1.0:/home/lmnp/knut0297/software/modulesfiles/zlib/1.3.1:/common/software/modulefiles/migrated/common/riss_util/1.0; export _LMFILES_;
PKG_CONFIG_PATH=/home/lmnp/knut0297/software/modules/zlib/1.3.1/build/lib/pkgconfig:/home/lmnp/knut0297/software/modules/libgtextutils/0.6/lib/pkgconfig:/common/software/install/migrated/isl/0.19_gcc8.1.0/lib/pkgconfig:/common/software/install/migrated/mpfr/4.0.1_gcc8.1.0/lib/pkgconfig; export PKG_CONFIG_PATH;
FPATH=/home/lmnp/knut0297/software/modules/zlib/1.3.1/build/include:/common/software/install/migrated/libgd/2.1.0/include:/common/software/install/migrated/cuda/11.2/include:/common/software/install/migrated/openmpi/el6/3.1.6/gnu-8.2.0-cuda/include:/common/software/install/migrated/gcc/8.2.0/include:/common/software/install/migrated/isl/0.19_gcc8.1.0/include:/common/software/install/migrated/mpc/1.1.0_gcc8.1.0/include:/common/software/install/migrated/mpfr/4.0.1_gcc8.1.0/include:/common/software/install/migrated/gmp/6.1.2_gcc8.1.0/include; export FPATH;
__MODULES_LMTAG=gmp/6.1.2_gcc8.1.0\&auto-loaded:mpfr/4.0.1_gcc8.1.0\&auto-loaded:mpc/1.1.0_gcc8.1.0\&auto-loaded:isl/0.19_gcc8.1.0\&auto-loaded:gcc/8.2.0\&auto-loaded:java/openjdk-11.0.2\&auto-loaded:ompi/3.1.6/gnu-8.2.0-cuda\&auto-loaded:cuda/11.2\&auto-loaded:java/openjdk-8_202\&auto-loaded:/home/lmnp/knut0297/software/modulesfiles/libgtextutils/0.6\&auto-loaded:libgd/2.1.0\&auto-loaded:zlib/1.3.1\&auto-loaded; export __MODULES_LMTAG;
INCLUDE=/home/lmnp/knut0297/software/modules/zlib/1.3.1/build/include:/common/software/install/migrated/libgd/2.1.0/include:/common/software/install/migrated/java/openjdk-8_202/include:/common/software/install/migrated/cuda/11.2/include:/common/software/install/migrated/openmpi/el6/3.1.6/gnu-8.2.0-cuda/include:/common/software/install/migrated/java/openjdk-11.0.2/include:/common/software/install/migrated/gcc/8.2.0/include:/common/software/install/migrated/isl/0.19_gcc8.1.0/include:/common/software/install/migrated/mpc/1.1.0_gcc8.1.0/include:/common/software/install/migrated/mpfr/4.0.1_gcc8.1.0/include:/common/software/install/migrated/gmp/6.1.2_gcc8.1.0/include; export INCLUDE;
CPLUS_INCLUDE_PATH=/home/lmnp/knut0297/software/modules/zlib/1.3.1/build/include:/common/software/install/migrated/libgd/2.1.0/include:/common/software/install/migrated/java/openjdk-8_202/include:/common/software/install/migrated/cuda/11.2/include:/common/software/install/migrated/openmpi/el6/3.1.6/gnu-8.2.0-cuda/include:/common/software/install/migrated/java/openjdk-11.0.2/include:/common/software/install/migrated/gcc/8.2.0/include:/common/software/install/migrated/isl/0.19_gcc8.1.0/include:/common/software/install/migrated/mpc/1.1.0_gcc8.1.0/include:/common/software/install/migrated/mpfr/4.0.1_gcc8.1.0/include:/common/software/install/migrated/gmp/6.1.2_gcc8.1.0/include; export CPLUS_INCLUDE_PATH;
__MODULES_SHARE_MANPATH=:1; export __MODULES_SHARE_MANPATH;
__MODULES_LMALTNAME=gcc/8.2.0\&gcc/default\&gcc:cuda/11.2\&cuda\&as\|cuda/default:conda/4.4.7-py36_0\&conda/default\&conda\&as\|conda/latest:java/openjdk-8_202\&java\&as\|java/default:fastqc/0.12.1\&as\|fastqc/default\&as\|fastqc/latest:parallel/20210822\&parallel/default\&parallel\&as\|parallel/latest:fastx_toolkit/0.0.14\&fastx_toolkit/default\&fastx_toolkit\&as\|fastx_toolkit/latest:libgd/2.1.0\&as\|libgd/default\&as\|libgd/latest:zlib/1.3.1\&zlib/default\&zlib\&as\|zlib/latest:riss_util/1.0\&as\|riss_util/default\&as\|riss_util/latest; export __MODULES_LMALTNAME;
C_INCLUDE_PATH=/home/lmnp/knut0297/software/modules/zlib/1.3.1/build/include:/common/software/install/migrated/libgd/2.1.0/include:/common/software/install/migrated/java/openjdk-8_202/include:/common/software/install/migrated/cuda/11.2/include:/common/software/install/migrated/openmpi/el6/3.1.6/gnu-8.2.0-cuda/include:/common/software/install/migrated/java/openjdk-11.0.2/include:/common/software/install/migrated/gcc/8.2.0/include:/common/software/install/migrated/isl/0.19_gcc8.1.0/include:/common/software/install/migrated/mpc/1.1.0_gcc8.1.0/include:/common/software/install/migrated/mpfr/4.0.1_gcc8.1.0/include:/common/software/install/migrated/gmp/6.1.2_gcc8.1.0/include; export C_INCLUDE_PATH;
PATH=/common/software/install/migrated/riss_util/1.0/bin:/common/software/install/migrated/libgd/2.1.0/bin:/users/3/pier0273/morrell_lab:/home/lmnp/knut0297/software/modules/fastx_toolkit/0.0.14/bin:/common/software/install/migrated/parallel/20190122/bin:/common/software/install/migrated/parallel/20210822/bin:/common/software/install/manual/fastqc/0.12.1:/common/software/install/migrated/java/openjdk-8_202/bin:/users/3/pier0273/bin:/users/3/pier0273/vim/bin:/home/lmnp/knut0297/software/modules/conda/4.4.7-py36_0/bin:/common/software/install/migrated/cuda/11.2/bin:/common/software/install/migrated/openmpi/el6/3.1.6/gnu-8.2.0-cuda/bin:/common/software/install/migrated/java/openjdk-11.0.2/bin:/common/software/install/migrated/gcc/8.2.0/bin:/users/3/pier0273/vim/bin:/opt/msi/bin:/usr/share/Modules/bin:/usr/local/bin:/usr/bin:/usr/local/sbin:/usr/sbin:/opt/puppetlabs/bin:/common/software/install/migrated/amber/amber20/bin; export PATH;
PERL5LIB=/common/software/install/migrated/riss_util/1.0/lib/GD/lib64/perl5:/common/software/install/migrated/amber/amber20/lib/perl; export PERL5LIB;
test 0;'
+++ LD_LIBRARY_PATH=/home/lmnp/knut0297/software/modules/zlib/1.3.1/build/lib:/common/software/install/migrated/libgd/2.1.0/lib:/common/software/install/migrated/java/openjdk-8_202/lib:/common/software/install/migrated/java/openjdk-8_202/jre/lib/amd64/server:/common/software/install/migrated/cuda/11.2/lib64:/common/software/install/migrated/openmpi/el6/3.1.6/gnu-8.2.0-cuda/lib:/common/software/install/migrated/java/openjdk-11.0.2/lib:/common/software/install/migrated/java/openjdk-11.0.2/lib/jli:/common/software/install/migrated/java/openjdk-11.0.2/lib/server:/common/software/install/migrated/gcc/8.2.0/lib64:/common/software/install/migrated/isl/0.19_gcc8.1.0/lib:/common/software/install/migrated/mpc/1.1.0_gcc8.1.0/lib:/common/software/install/migrated/mpfr/4.0.1_gcc8.1.0/lib:/common/software/install/migrated/gmp/6.1.2_gcc8.1.0/lib:/common/software/install/migrated/gcc/8.1.0/lib64:/common/software/install/migrated/amber/amber20/lib
+++ export LD_LIBRARY_PATH
+++ LD_RUN_PATH=/home/lmnp/knut0297/software/modules/zlib/1.3.1/build/lib:/common/software/install/migrated/libgd/2.1.0/lib:/common/software/install/migrated/gcc/8.2.0/lib64:/common/software/install/migrated/isl/0.19_gcc8.1.0/lib:/common/software/install/migrated/mpc/1.1.0_gcc8.1.0/lib:/common/software/install/migrated/mpfr/4.0.1_gcc8.1.0/lib:/common/software/install/migrated/gmp/6.1.2_gcc8.1.0/lib
+++ export LD_RUN_PATH
+++ CPATH=/home/lmnp/knut0297/software/modules/zlib/1.3.1/build/include:/common/software/install/migrated/libgd/2.1.0/include:/common/software/install/migrated/java/openjdk-8_202/include:/common/software/install/migrated/cuda/11.2/include:/common/software/install/migrated/openmpi/el6/3.1.6/gnu-8.2.0-cuda/include:/common/software/install/migrated/java/openjdk-11.0.2/include:/common/software/install/migrated/gcc/8.2.0/include:/common/software/install/migrated/isl/0.19_gcc8.1.0/include:/common/software/install/migrated/mpc/1.1.0_gcc8.1.0/include:/common/software/install/migrated/mpfr/4.0.1_gcc8.1.0/include:/common/software/install/migrated/gmp/6.1.2_gcc8.1.0/include
+++ export CPATH
+++ R_LIBS_USER=/common/software/install/migrated/riss_util/1.0/lib/R3_1:/common/software/install/migrated/riss_util/1.0/lib
+++ export R_LIBS_USER
+++ MANPATH=/home/lmnp/knut0297/software/modules/zlib/1.3.1/build/share/man:/common/software/install/migrated/parallel/20190122/share/man:/common/software/install/migrated/parallel/20210822/share/man:/common/software/install/migrated/java/openjdk-8_202/man:/common/software/install/migrated/openmpi/el6/3.1.6/gnu-8.2.0-cuda/share/man:/common/software/install/migrated/java/openjdk-11.0.2/man:/common/software/install/migrated/gcc/8.2.0/share/man::/opt/puppetlabs/puppet/share/man:/opt/slurm/rocky8/ofed-24.07/x86_64/23.11.8/share/man
+++ export MANPATH
+++ LIBRARY_PATH=/home/lmnp/knut0297/software/modules/zlib/1.3.1/build/lib:/common/software/install/migrated/cuda/11.2/lib64:/common/software/install/migrated/openmpi/el6/3.1.6/gnu-8.2.0-cuda/lib:/common/software/install/migrated/gcc/8.2.0/lib64:/common/software/install/migrated/isl/0.19_gcc8.1.0/lib:/common/software/install/migrated/mpc/1.1.0_gcc8.1.0/lib:/common/software/install/migrated/mpfr/4.0.1_gcc8.1.0/lib:/common/software/install/migrated/gmp/6.1.2_gcc8.1.0/lib
+++ export LIBRARY_PATH
+++ LOADEDMODULES=gmp/6.1.2_gcc8.1.0:mpfr/4.0.1_gcc8.1.0:mpc/1.1.0_gcc8.1.0:isl/0.19_gcc8.1.0:gcc/8.2.0:java/openjdk-11.0.2:ompi/3.1.6/gnu-8.2.0-cuda:cuda/11.2:amber/20:conda/4.4.7-py36_0:java/openjdk-8_202:fastqc/0.12.1:parallel/20210822:parallel/20190122:/home/lmnp/knut0297/software/modulesfiles/libgtextutils/0.6:fastx_toolkit/0.0.14:libgd/2.1.0:zlib/1.3.1:riss_util/1.0
+++ export LOADEDMODULES
+++ _LMFILES_=/common/software/modulefiles/migrated/common/gmp/6.1.2_gcc8.1.0:/common/software/modulefiles/migrated/common/mpfr/4.0.1_gcc8.1.0:/common/software/modulefiles/migrated/common/mpc/1.1.0_gcc8.1.0:/common/software/modulefiles/migrated/common/isl/0.19_gcc8.1.0:/common/software/modulefiles/migrated/hpc/gcc/8.2.0:/common/software/modulefiles/migrated/common/java/openjdk-11.0.2:/common/software/modulefiles/migrated/hpc/ompi/3.1.6/gnu-8.2.0-cuda:/common/software/modulefiles/migrated/hpc/cuda/11.2:/common/software/modulefiles/migrated/hpc/amber/20:/home/lmnp/knut0297/software/modulesfiles/conda/4.4.7-py36_0:/common/software/modulefiles/migrated/common/java/openjdk-8_202:/common/software/modulefiles/manual/common/fastqc/0.12.1:/common/software/modulefiles/migrated/common/parallel/20210822:/common/software/modulefiles/migrated/common/parallel/20190122:/home/lmnp/knut0297/software/modulesfiles/libgtextutils/0.6:/home/lmnp/knut0297/software/modulesfiles/fastx_toolkit/0.0.14:/common/software/modulefiles/migrated/hpc/libgd/2.1.0:/home/lmnp/knut0297/software/modulesfiles/zlib/1.3.1:/common/software/modulefiles/migrated/common/riss_util/1.0
+++ export _LMFILES_
+++ PKG_CONFIG_PATH=/home/lmnp/knut0297/software/modules/zlib/1.3.1/build/lib/pkgconfig:/home/lmnp/knut0297/software/modules/libgtextutils/0.6/lib/pkgconfig:/common/software/install/migrated/isl/0.19_gcc8.1.0/lib/pkgconfig:/common/software/install/migrated/mpfr/4.0.1_gcc8.1.0/lib/pkgconfig
+++ export PKG_CONFIG_PATH
+++ FPATH=/home/lmnp/knut0297/software/modules/zlib/1.3.1/build/include:/common/software/install/migrated/libgd/2.1.0/include:/common/software/install/migrated/cuda/11.2/include:/common/software/install/migrated/openmpi/el6/3.1.6/gnu-8.2.0-cuda/include:/common/software/install/migrated/gcc/8.2.0/include:/common/software/install/migrated/isl/0.19_gcc8.1.0/include:/common/software/install/migrated/mpc/1.1.0_gcc8.1.0/include:/common/software/install/migrated/mpfr/4.0.1_gcc8.1.0/include:/common/software/install/migrated/gmp/6.1.2_gcc8.1.0/include
+++ export FPATH
+++ __MODULES_LMTAG='gmp/6.1.2_gcc8.1.0&auto-loaded:mpfr/4.0.1_gcc8.1.0&auto-loaded:mpc/1.1.0_gcc8.1.0&auto-loaded:isl/0.19_gcc8.1.0&auto-loaded:gcc/8.2.0&auto-loaded:java/openjdk-11.0.2&auto-loaded:ompi/3.1.6/gnu-8.2.0-cuda&auto-loaded:cuda/11.2&auto-loaded:java/openjdk-8_202&auto-loaded:/home/lmnp/knut0297/software/modulesfiles/libgtextutils/0.6&auto-loaded:libgd/2.1.0&auto-loaded:zlib/1.3.1&auto-loaded'
+++ export __MODULES_LMTAG
+++ INCLUDE=/home/lmnp/knut0297/software/modules/zlib/1.3.1/build/include:/common/software/install/migrated/libgd/2.1.0/include:/common/software/install/migrated/java/openjdk-8_202/include:/common/software/install/migrated/cuda/11.2/include:/common/software/install/migrated/openmpi/el6/3.1.6/gnu-8.2.0-cuda/include:/common/software/install/migrated/java/openjdk-11.0.2/include:/common/software/install/migrated/gcc/8.2.0/include:/common/software/install/migrated/isl/0.19_gcc8.1.0/include:/common/software/install/migrated/mpc/1.1.0_gcc8.1.0/include:/common/software/install/migrated/mpfr/4.0.1_gcc8.1.0/include:/common/software/install/migrated/gmp/6.1.2_gcc8.1.0/include
+++ export INCLUDE
+++ CPLUS_INCLUDE_PATH=/home/lmnp/knut0297/software/modules/zlib/1.3.1/build/include:/common/software/install/migrated/libgd/2.1.0/include:/common/software/install/migrated/java/openjdk-8_202/include:/common/software/install/migrated/cuda/11.2/include:/common/software/install/migrated/openmpi/el6/3.1.6/gnu-8.2.0-cuda/include:/common/software/install/migrated/java/openjdk-11.0.2/include:/common/software/install/migrated/gcc/8.2.0/include:/common/software/install/migrated/isl/0.19_gcc8.1.0/include:/common/software/install/migrated/mpc/1.1.0_gcc8.1.0/include:/common/software/install/migrated/mpfr/4.0.1_gcc8.1.0/include:/common/software/install/migrated/gmp/6.1.2_gcc8.1.0/include
+++ export CPLUS_INCLUDE_PATH
+++ __MODULES_SHARE_MANPATH=:1
+++ export __MODULES_SHARE_MANPATH
+++ __MODULES_LMALTNAME='gcc/8.2.0&gcc/default&gcc:cuda/11.2&cuda&as|cuda/default:conda/4.4.7-py36_0&conda/default&conda&as|conda/latest:java/openjdk-8_202&java&as|java/default:fastqc/0.12.1&as|fastqc/default&as|fastqc/latest:parallel/20210822&parallel/default&parallel&as|parallel/latest:fastx_toolkit/0.0.14&fastx_toolkit/default&fastx_toolkit&as|fastx_toolkit/latest:libgd/2.1.0&as|libgd/default&as|libgd/latest:zlib/1.3.1&zlib/default&zlib&as|zlib/latest:riss_util/1.0&as|riss_util/default&as|riss_util/latest'
+++ export __MODULES_LMALTNAME
+++ C_INCLUDE_PATH=/home/lmnp/knut0297/software/modules/zlib/1.3.1/build/include:/common/software/install/migrated/libgd/2.1.0/include:/common/software/install/migrated/java/openjdk-8_202/include:/common/software/install/migrated/cuda/11.2/include:/common/software/install/migrated/openmpi/el6/3.1.6/gnu-8.2.0-cuda/include:/common/software/install/migrated/java/openjdk-11.0.2/include:/common/software/install/migrated/gcc/8.2.0/include:/common/software/install/migrated/isl/0.19_gcc8.1.0/include:/common/software/install/migrated/mpc/1.1.0_gcc8.1.0/include:/common/software/install/migrated/mpfr/4.0.1_gcc8.1.0/include:/common/software/install/migrated/gmp/6.1.2_gcc8.1.0/include
+++ export C_INCLUDE_PATH
+++ PATH=/common/software/install/migrated/riss_util/1.0/bin:/common/software/install/migrated/libgd/2.1.0/bin:/users/3/pier0273/morrell_lab:/home/lmnp/knut0297/software/modules/fastx_toolkit/0.0.14/bin:/common/software/install/migrated/parallel/20190122/bin:/common/software/install/migrated/parallel/20210822/bin:/common/software/install/manual/fastqc/0.12.1:/common/software/install/migrated/java/openjdk-8_202/bin:/users/3/pier0273/bin:/users/3/pier0273/vim/bin:/home/lmnp/knut0297/software/modules/conda/4.4.7-py36_0/bin:/common/software/install/migrated/cuda/11.2/bin:/common/software/install/migrated/openmpi/el6/3.1.6/gnu-8.2.0-cuda/bin:/common/software/install/migrated/java/openjdk-11.0.2/bin:/common/software/install/migrated/gcc/8.2.0/bin:/users/3/pier0273/vim/bin:/opt/msi/bin:/usr/share/Modules/bin:/usr/local/bin:/usr/bin:/usr/local/sbin:/usr/sbin:/opt/puppetlabs/bin:/common/software/install/migrated/amber/amber20/bin
+++ export PATH
+++ PERL5LIB=/common/software/install/migrated/riss_util/1.0/lib/GD/lib64/perl5:/common/software/install/migrated/amber/amber20/lib/perl
+++ export PERL5LIB
+++ test 0
++ _mlstatus=0
++ '[' -n x ']'
++ IFS=' 	
'
++ unset _mlre _mlv _mlrv _mlIFS
++ return 0
++ module load R/3.6.3
++ local _mlredir=1
++ '[' -n '' ']'
++ case " $@ " in
++ '[' 1 -eq 0 ']'
++ _module_raw load R/3.6.3
++ unset _mlre _mlIFS
++ '[' -n x ']'
++ _mlIFS=' 	
'
++ IFS=' '
++ for _mlv in ${MODULES_RUN_QUARANTINE:-}
++ '[' LD_LIBRARY_PATH = LD_LIBRARY_PATH ']'
++ '[' LD_LIBRARY_PATH = LD_LIBRARY_PATH ']'
+++ eval 'echo ${LD_LIBRARY_PATH+x}'
++++ echo x
++ '[' -n x ']'
+++ eval 'echo ${LD_LIBRARY_PATH}'
++++ echo /home/lmnp/knut0297/software/modules/zlib/1.3.1/build/lib:/common/software/install/migrated/libgd/2.1.0/lib:/common/software/install/migrated/java/openjdk-8_202/lib:/common/software/install/migrated/java/openjdk-8_202/jre/lib/amd64/server:/common/software/install/migrated/cuda/11.2/lib64:/common/software/install/migrated/openmpi/el6/3.1.6/gnu-8.2.0-cuda/lib:/common/software/install/migrated/java/openjdk-11.0.2/lib:/common/software/install/migrated/java/openjdk-11.0.2/lib/jli:/common/software/install/migrated/java/openjdk-11.0.2/lib/server:/common/software/install/migrated/gcc/8.2.0/lib64:/common/software/install/migrated/isl/0.19_gcc8.1.0/lib:/common/software/install/migrated/mpc/1.1.0_gcc8.1.0/lib:/common/software/install/migrated/mpfr/4.0.1_gcc8.1.0/lib:/common/software/install/migrated/gmp/6.1.2_gcc8.1.0/lib:/common/software/install/migrated/gcc/8.1.0/lib64:/common/software/install/migrated/amber/amber20/lib
++ _mlre='__MODULES_QUAR_LD_LIBRARY_PATH='\''/home/lmnp/knut0297/software/modules/zlib/1.3.1/build/lib:/common/software/install/migrated/libgd/2.1.0/lib:/common/software/install/migrated/java/openjdk-8_202/lib:/common/software/install/migrated/java/openjdk-8_202/jre/lib/amd64/server:/common/software/install/migrated/cuda/11.2/lib64:/common/software/install/migrated/openmpi/el6/3.1.6/gnu-8.2.0-cuda/lib:/common/software/install/migrated/java/openjdk-11.0.2/lib:/common/software/install/migrated/java/openjdk-11.0.2/lib/jli:/common/software/install/migrated/java/openjdk-11.0.2/lib/server:/common/software/install/migrated/gcc/8.2.0/lib64:/common/software/install/migrated/isl/0.19_gcc8.1.0/lib:/common/software/install/migrated/mpc/1.1.0_gcc8.1.0/lib:/common/software/install/migrated/mpfr/4.0.1_gcc8.1.0/lib:/common/software/install/migrated/gmp/6.1.2_gcc8.1.0/lib:/common/software/install/migrated/gcc/8.1.0/lib64:/common/software/install/migrated/amber/amber20/lib'\'' '
++ _mlrv=MODULES_RUNENV_LD_LIBRARY_PATH
+++ eval 'echo ${MODULES_RUNENV_LD_LIBRARY_PATH:-}'
++++ echo
++ _mlre='__MODULES_QUAR_LD_LIBRARY_PATH='\''/home/lmnp/knut0297/software/modules/zlib/1.3.1/build/lib:/common/software/install/migrated/libgd/2.1.0/lib:/common/software/install/migrated/java/openjdk-8_202/lib:/common/software/install/migrated/java/openjdk-8_202/jre/lib/amd64/server:/common/software/install/migrated/cuda/11.2/lib64:/common/software/install/migrated/openmpi/el6/3.1.6/gnu-8.2.0-cuda/lib:/common/software/install/migrated/java/openjdk-11.0.2/lib:/common/software/install/migrated/java/openjdk-11.0.2/lib/jli:/common/software/install/migrated/java/openjdk-11.0.2/lib/server:/common/software/install/migrated/gcc/8.2.0/lib64:/common/software/install/migrated/isl/0.19_gcc8.1.0/lib:/common/software/install/migrated/mpc/1.1.0_gcc8.1.0/lib:/common/software/install/migrated/mpfr/4.0.1_gcc8.1.0/lib:/common/software/install/migrated/gmp/6.1.2_gcc8.1.0/lib:/common/software/install/migrated/gcc/8.1.0/lib64:/common/software/install/migrated/amber/amber20/lib'\'' LD_LIBRARY_PATH='\'''\'' '
++ for _mlv in ${MODULES_RUN_QUARANTINE:-}
++ '[' LD_PRELOAD = LD_PRELOAD ']'
++ '[' LD_PRELOAD = LD_PRELOAD ']'
+++ eval 'echo ${LD_PRELOAD+x}'
++++ echo
++ '[' -n '' ']'
++ _mlrv=MODULES_RUNENV_LD_PRELOAD
+++ eval 'echo ${MODULES_RUNENV_LD_PRELOAD:-}'
++++ echo
++ _mlre='__MODULES_QUAR_LD_LIBRARY_PATH='\''/home/lmnp/knut0297/software/modules/zlib/1.3.1/build/lib:/common/software/install/migrated/libgd/2.1.0/lib:/common/software/install/migrated/java/openjdk-8_202/lib:/common/software/install/migrated/java/openjdk-8_202/jre/lib/amd64/server:/common/software/install/migrated/cuda/11.2/lib64:/common/software/install/migrated/openmpi/el6/3.1.6/gnu-8.2.0-cuda/lib:/common/software/install/migrated/java/openjdk-11.0.2/lib:/common/software/install/migrated/java/openjdk-11.0.2/lib/jli:/common/software/install/migrated/java/openjdk-11.0.2/lib/server:/common/software/install/migrated/gcc/8.2.0/lib64:/common/software/install/migrated/isl/0.19_gcc8.1.0/lib:/common/software/install/migrated/mpc/1.1.0_gcc8.1.0/lib:/common/software/install/migrated/mpfr/4.0.1_gcc8.1.0/lib:/common/software/install/migrated/gmp/6.1.2_gcc8.1.0/lib:/common/software/install/migrated/gcc/8.1.0/lib64:/common/software/install/migrated/amber/amber20/lib'\'' LD_LIBRARY_PATH='\'''\'' LD_PRELOAD='\'''\'' '
++ '[' -n '__MODULES_QUAR_LD_LIBRARY_PATH='\''/home/lmnp/knut0297/software/modules/zlib/1.3.1/build/lib:/common/software/install/migrated/libgd/2.1.0/lib:/common/software/install/migrated/java/openjdk-8_202/lib:/common/software/install/migrated/java/openjdk-8_202/jre/lib/amd64/server:/common/software/install/migrated/cuda/11.2/lib64:/common/software/install/migrated/openmpi/el6/3.1.6/gnu-8.2.0-cuda/lib:/common/software/install/migrated/java/openjdk-11.0.2/lib:/common/software/install/migrated/java/openjdk-11.0.2/lib/jli:/common/software/install/migrated/java/openjdk-11.0.2/lib/server:/common/software/install/migrated/gcc/8.2.0/lib64:/common/software/install/migrated/isl/0.19_gcc8.1.0/lib:/common/software/install/migrated/mpc/1.1.0_gcc8.1.0/lib:/common/software/install/migrated/mpfr/4.0.1_gcc8.1.0/lib:/common/software/install/migrated/gmp/6.1.2_gcc8.1.0/lib:/common/software/install/migrated/gcc/8.1.0/lib64:/common/software/install/migrated/amber/amber20/lib'\'' LD_LIBRARY_PATH='\'''\'' LD_PRELOAD='\'''\'' ' ']'
++ _mlre='__MODULES_QUAR_LD_LIBRARY_PATH='\''/home/lmnp/knut0297/software/modules/zlib/1.3.1/build/lib:/common/software/install/migrated/libgd/2.1.0/lib:/common/software/install/migrated/java/openjdk-8_202/lib:/common/software/install/migrated/java/openjdk-8_202/jre/lib/amd64/server:/common/software/install/migrated/cuda/11.2/lib64:/common/software/install/migrated/openmpi/el6/3.1.6/gnu-8.2.0-cuda/lib:/common/software/install/migrated/java/openjdk-11.0.2/lib:/common/software/install/migrated/java/openjdk-11.0.2/lib/jli:/common/software/install/migrated/java/openjdk-11.0.2/lib/server:/common/software/install/migrated/gcc/8.2.0/lib64:/common/software/install/migrated/isl/0.19_gcc8.1.0/lib:/common/software/install/migrated/mpc/1.1.0_gcc8.1.0/lib:/common/software/install/migrated/mpfr/4.0.1_gcc8.1.0/lib:/common/software/install/migrated/gmp/6.1.2_gcc8.1.0/lib:/common/software/install/migrated/gcc/8.1.0/lib64:/common/software/install/migrated/amber/amber20/lib'\'' LD_LIBRARY_PATH='\'''\'' LD_PRELOAD='\'''\'' __MODULES_QUARANTINE_SET=1 '
+++ eval '__MODULES_QUAR_LD_LIBRARY_PATH='\''/home/lmnp/knut0297/software/modules/zlib/1.3.1/build/lib:/common/software/install/migrated/libgd/2.1.0/lib:/common/software/install/migrated/java/openjdk-8_202/lib:/common/software/install/migrated/java/openjdk-8_202/jre/lib/amd64/server:/common/software/install/migrated/cuda/11.2/lib64:/common/software/install/migrated/openmpi/el6/3.1.6/gnu-8.2.0-cuda/lib:/common/software/install/migrated/java/openjdk-11.0.2/lib:/common/software/install/migrated/java/openjdk-11.0.2/lib/jli:/common/software/install/migrated/java/openjdk-11.0.2/lib/server:/common/software/install/migrated/gcc/8.2.0/lib64:/common/software/install/migrated/isl/0.19_gcc8.1.0/lib:/common/software/install/migrated/mpc/1.1.0_gcc8.1.0/lib:/common/software/install/migrated/mpfr/4.0.1_gcc8.1.0/lib:/common/software/install/migrated/gmp/6.1.2_gcc8.1.0/lib:/common/software/install/migrated/gcc/8.1.0/lib64:/common/software/install/migrated/amber/amber20/lib'\''' 'LD_LIBRARY_PATH='\'''\''' 'LD_PRELOAD='\'''\''' __MODULES_QUARANTINE_SET=1 /usr/bin/tclsh /usr/share/Modules/libexec/modulecmd.tcl bash '"$@"'
++++ __MODULES_QUAR_LD_LIBRARY_PATH=/home/lmnp/knut0297/software/modules/zlib/1.3.1/build/lib:/common/software/install/migrated/libgd/2.1.0/lib:/common/software/install/migrated/java/openjdk-8_202/lib:/common/software/install/migrated/java/openjdk-8_202/jre/lib/amd64/server:/common/software/install/migrated/cuda/11.2/lib64:/common/software/install/migrated/openmpi/el6/3.1.6/gnu-8.2.0-cuda/lib:/common/software/install/migrated/java/openjdk-11.0.2/lib:/common/software/install/migrated/java/openjdk-11.0.2/lib/jli:/common/software/install/migrated/java/openjdk-11.0.2/lib/server:/common/software/install/migrated/gcc/8.2.0/lib64:/common/software/install/migrated/isl/0.19_gcc8.1.0/lib:/common/software/install/migrated/mpc/1.1.0_gcc8.1.0/lib:/common/software/install/migrated/mpfr/4.0.1_gcc8.1.0/lib:/common/software/install/migrated/gmp/6.1.2_gcc8.1.0/lib:/common/software/install/migrated/gcc/8.1.0/lib64:/common/software/install/migrated/amber/amber20/lib
++++ LD_LIBRARY_PATH=
++++ LD_PRELOAD=
++++ __MODULES_QUARANTINE_SET=1
++++ /usr/bin/tclsh /usr/share/Modules/libexec/modulecmd.tcl bash load R/3.6.3
++ eval 'LD_LIBRARY_PATH=/common/software/install/migrated/R/3.6.3/lib64/R/lib:/common/software/install/migrated/R/3.6.3/lib64:/common/software/install/migrated/libtiff/4.0.8/lib:/common/software/install/migrated/curl/7.59.0_gcc7.2.0/lib:/common/software/install/migrated/xz-utils/5.2.3_gcc7.2.0/lib:/common/software/install/migrated/pcre/8.42_gcc7.2.0/lib:/common/software/install/migrated/isl/0.18_gcc7.2.0/lib:/common/software/install/migrated/mpc/1.0.3_gcc7.2.0/lib:/common/software/install/migrated/mpfr/3.1.6_gcc7.2.0/lib:/common/software/install/migrated/gmp/6.1.2_gcc7.2.0/lib:/common/software/install/migrated/bzip2/1.0.6-gcc7.2.0/lib:/common/software/install/migrated/zlib/1.2.11_gcc7.2.0/lib:/home/lmnp/knut0297/software/modules/zlib/1.3.1/build/lib:/common/software/install/migrated/libgd/2.1.0/lib:/common/software/install/migrated/java/openjdk-8_202/lib:/common/software/install/migrated/java/openjdk-8_202/jre/lib/amd64/server:/common/software/install/migrated/cuda/11.2/lib64:/common/software/install/migrated/openmpi/el6/3.1.6/gnu-8.2.0-cuda/lib:/common/software/install/migrated/java/openjdk-11.0.2/lib:/common/software/install/migrated/java/openjdk-11.0.2/lib/jli:/common/software/install/migrated/java/openjdk-11.0.2/lib/server:/common/software/install/migrated/gcc/8.2.0/lib64:/common/software/install/migrated/isl/0.19_gcc8.1.0/lib:/common/software/install/migrated/mpc/1.1.0_gcc8.1.0/lib:/common/software/install/migrated/mpfr/4.0.1_gcc8.1.0/lib:/common/software/install/migrated/gmp/6.1.2_gcc8.1.0/lib:/common/software/install/migrated/gcc/8.1.0/lib64:/common/software/install/migrated/amber/amber20/lib:/common/software/install/migrated/gcc/7.2.0/lib64; export LD_LIBRARY_PATH;
LD_RUN_PATH=/common/software/install/migrated/gcc/8.1.0/lib64:/common/software/install/migrated/gcc/7.2.0/lib64:/common/software/install/migrated/isl/0.18_gcc7.2.0/lib:/common/software/install/migrated/mpc/1.0.3_gcc7.2.0/lib:/common/software/install/migrated/mpfr/3.1.6_gcc7.2.0/lib:/common/software/install/migrated/gmp/6.1.2_gcc7.2.0/lib:/common/software/install/migrated/bzip2/1.0.6-gcc7.2.0/lib:/common/software/install/migrated/zlib/1.2.11_gcc7.2.0/lib:/home/lmnp/knut0297/software/modules/zlib/1.3.1/build/lib:/common/software/install/migrated/libgd/2.1.0/lib:/common/software/install/migrated/gcc/8.2.0/lib64:/common/software/install/migrated/isl/0.19_gcc8.1.0/lib:/common/software/install/migrated/mpc/1.1.0_gcc8.1.0/lib:/common/software/install/migrated/mpfr/4.0.1_gcc8.1.0/lib:/common/software/install/migrated/gmp/6.1.2_gcc8.1.0/lib; export LD_RUN_PATH;
CPATH=/common/software/install/migrated/gcc/8.1.0/include:/common/software/install/migrated/curl/7.59.0_gcc7.2.0/include:/common/software/install/migrated/xz-utils/5.2.3_gcc7.2.0/include:/common/software/install/migrated/pcre/8.42_gcc7.2.0/include:/common/software/install/migrated/gcc/7.2.0/include:/common/software/install/migrated/isl/0.18_gcc7.2.0/include:/common/software/install/migrated/mpc/1.0.3_gcc7.2.0/include:/common/software/install/migrated/mpfr/3.1.6_gcc7.2.0/include:/common/software/install/migrated/gmp/6.1.2_gcc7.2.0/include:/common/software/install/migrated/bzip2/1.0.6-gcc7.2.0/include:/common/software/install/migrated/zlib/1.2.11_gcc7.2.0/include:/home/lmnp/knut0297/software/modules/zlib/1.3.1/build/include:/common/software/install/migrated/libgd/2.1.0/include:/common/software/install/migrated/java/openjdk-8_202/include:/common/software/install/migrated/cuda/11.2/include:/common/software/install/migrated/openmpi/el6/3.1.6/gnu-8.2.0-cuda/include:/common/software/install/migrated/java/openjdk-11.0.2/include:/common/software/install/migrated/gcc/8.2.0/include:/common/software/install/migrated/isl/0.19_gcc8.1.0/include:/common/software/install/migrated/mpc/1.1.0_gcc8.1.0/include:/common/software/install/migrated/mpfr/4.0.1_gcc8.1.0/include:/common/software/install/migrated/gmp/6.1.2_gcc8.1.0/include; export CPATH;
INFOPATH=/common/software/install/migrated/gcc/8.1.0/share/info:/common/software/install/migrated/gcc/7.2.0/share/info:/common/software/install/migrated/gcc/8.2.0/share/info:/common/software/install/migrated/mpc/1.1.0_gcc8.1.0/share/info:/common/software/install/migrated/mpfr/4.0.1_gcc8.1.0/share/info; export INFOPATH;
LIBRARY_PATH=/common/software/install/migrated/libtiff/4.0.8/lib:/common/software/install/migrated/gcc/8.1.0/lib64:/common/software/install/migrated/curl/7.59.0_gcc7.2.0/lib:/common/software/install/migrated/xz-utils/5.2.3_gcc7.2.0/lib:/common/software/install/migrated/pcre/8.42_gcc7.2.0/lib:/common/software/install/migrated/gcc/7.2.0/lib64:/common/software/install/migrated/isl/0.18_gcc7.2.0/lib:/common/software/install/migrated/mpc/1.0.3_gcc7.2.0/lib:/common/software/install/migrated/mpfr/3.1.6_gcc7.2.0/lib:/common/software/install/migrated/gmp/6.1.2_gcc7.2.0/lib:/common/software/install/migrated/bzip2/1.0.6-gcc7.2.0/lib:/common/software/install/migrated/zlib/1.2.11_gcc7.2.0/lib:/home/lmnp/knut0297/software/modules/zlib/1.3.1/build/lib:/common/software/install/migrated/cuda/11.2/lib64:/common/software/install/migrated/openmpi/el6/3.1.6/gnu-8.2.0-cuda/lib:/common/software/install/migrated/gcc/8.2.0/lib64:/common/software/install/migrated/isl/0.19_gcc8.1.0/lib:/common/software/install/migrated/mpc/1.1.0_gcc8.1.0/lib:/common/software/install/migrated/mpfr/4.0.1_gcc8.1.0/lib:/common/software/install/migrated/gmp/6.1.2_gcc8.1.0/lib; export LIBRARY_PATH;
MANPATH=/common/software/install/migrated/R/3.6.3/share/man:/common/software/install/migrated/gcc/8.1.0/share/man:/common/software/install/migrated/curl/7.59.0_gcc7.2.0/share/man:/common/software/install/migrated/xz-utils/5.2.3_gcc7.2.0/share/man:/common/software/install/migrated/pcre/8.42_gcc7.2.0/share/man:/common/software/install/migrated/gcc/7.2.0/share/man:/common/software/install/migrated/bzip2/1.0.6-gcc7.2.0/share/man:/common/software/install/migrated/zlib/1.2.11_gcc7.2.0/share/man:/home/lmnp/knut0297/software/modules/zlib/1.3.1/build/share/man:/common/software/install/migrated/parallel/20190122/share/man:/common/software/install/migrated/parallel/20210822/share/man:/common/software/install/migrated/java/openjdk-8_202/man:/common/software/install/migrated/openmpi/el6/3.1.6/gnu-8.2.0-cuda/share/man:/common/software/install/migrated/java/openjdk-11.0.2/man:/common/software/install/migrated/gcc/8.2.0/share/man::/opt/puppetlabs/puppet/share/man:/opt/slurm/rocky8/ofed-24.07/x86_64/23.11.8/share/man; export MANPATH;
_LMFILES_=/common/software/modulefiles/migrated/common/gmp/6.1.2_gcc8.1.0:/common/software/modulefiles/migrated/common/mpfr/4.0.1_gcc8.1.0:/common/software/modulefiles/migrated/common/mpc/1.1.0_gcc8.1.0:/common/software/modulefiles/migrated/common/isl/0.19_gcc8.1.0:/common/software/modulefiles/migrated/hpc/gcc/8.2.0:/common/software/modulefiles/migrated/common/java/openjdk-11.0.2:/common/software/modulefiles/migrated/hpc/ompi/3.1.6/gnu-8.2.0-cuda:/common/software/modulefiles/migrated/hpc/cuda/11.2:/common/software/modulefiles/migrated/hpc/amber/20:/home/lmnp/knut0297/software/modulesfiles/conda/4.4.7-py36_0:/common/software/modulefiles/migrated/common/java/openjdk-8_202:/common/software/modulefiles/manual/common/fastqc/0.12.1:/common/software/modulefiles/migrated/common/parallel/20210822:/common/software/modulefiles/migrated/common/parallel/20190122:/home/lmnp/knut0297/software/modulesfiles/libgtextutils/0.6:/home/lmnp/knut0297/software/modulesfiles/fastx_toolkit/0.0.14:/common/software/modulefiles/migrated/hpc/libgd/2.1.0:/home/lmnp/knut0297/software/modulesfiles/zlib/1.3.1:/common/software/modulefiles/migrated/common/riss_util/1.0:/common/software/modulefiles/migrated/common/zlib/1.2.11_gcc7.2.0:/common/software/modulefiles/migrated/common/bzip2/1.0.6-gnu7.2.0_PIC:/common/software/modulefiles/migrated/common/gmp/6.1.2_gcc7.2.0:/common/software/modulefiles/migrated/common/mpfr/3.1.6_gcc7.2.0:/common/software/modulefiles/migrated/common/mpc/1.0.3_gcc7.2.0:/common/software/modulefiles/migrated/common/isl/0.18_gcc7.2.0:/common/software/modulefiles/migrated/common/gcc/7.2.0:/common/software/modulefiles/migrated/common/pcre/8.42_gcc7.2.0:/common/software/modulefiles/migrated/common/xz-utils/5.2.3_gcc7.2.0:/common/software/modulefiles/migrated/common/curl/7.59.0_gcc7.2.0:/common/software/modulefiles/migrated/common/gcc/8.1.0:/common/software/modulefiles/migrated/common/libtiff/4.0.8:/common/software/modulefiles/migrated/common/R/3.6.3; export _LMFILES_;
LOADEDMODULES=gmp/6.1.2_gcc8.1.0:mpfr/4.0.1_gcc8.1.0:mpc/1.1.0_gcc8.1.0:isl/0.19_gcc8.1.0:gcc/8.2.0:java/openjdk-11.0.2:ompi/3.1.6/gnu-8.2.0-cuda:cuda/11.2:amber/20:conda/4.4.7-py36_0:java/openjdk-8_202:fastqc/0.12.1:parallel/20210822:parallel/20190122:/home/lmnp/knut0297/software/modulesfiles/libgtextutils/0.6:fastx_toolkit/0.0.14:libgd/2.1.0:zlib/1.3.1:riss_util/1.0:zlib/1.2.11_gcc7.2.0:bzip2/1.0.6-gnu7.2.0_PIC:gmp/6.1.2_gcc7.2.0:mpfr/3.1.6_gcc7.2.0:mpc/1.0.3_gcc7.2.0:isl/0.18_gcc7.2.0:gcc/7.2.0:pcre/8.42_gcc7.2.0:xz-utils/5.2.3_gcc7.2.0:curl/7.59.0_gcc7.2.0:gcc/8.1.0:libtiff/4.0.8:R/3.6.3; export LOADEDMODULES;
__MODULES_LMTAG=gmp/6.1.2_gcc8.1.0\&auto-loaded:mpfr/4.0.1_gcc8.1.0\&auto-loaded:mpc/1.1.0_gcc8.1.0\&auto-loaded:isl/0.19_gcc8.1.0\&auto-loaded:gcc/8.2.0\&auto-loaded:java/openjdk-11.0.2\&auto-loaded:ompi/3.1.6/gnu-8.2.0-cuda\&auto-loaded:cuda/11.2\&auto-loaded:java/openjdk-8_202\&auto-loaded:/home/lmnp/knut0297/software/modulesfiles/libgtextutils/0.6\&auto-loaded:libgd/2.1.0\&auto-loaded:zlib/1.3.1\&auto-loaded:zlib/1.2.11_gcc7.2.0\&auto-loaded:bzip2/1.0.6-gnu7.2.0_PIC\&auto-loaded:gmp/6.1.2_gcc7.2.0\&auto-loaded:mpfr/3.1.6_gcc7.2.0\&auto-loaded:mpc/1.0.3_gcc7.2.0\&auto-loaded:isl/0.18_gcc7.2.0\&auto-loaded:gcc/7.2.0\&auto-loaded:pcre/8.42_gcc7.2.0\&auto-loaded:xz-utils/5.2.3_gcc7.2.0\&auto-loaded:curl/7.59.0_gcc7.2.0\&auto-loaded:gcc/8.1.0\&auto-loaded:libtiff/4.0.8\&auto-loaded; export __MODULES_LMTAG;
FPATH=/common/software/install/migrated/gcc/8.1.0/include:/common/software/install/migrated/curl/7.59.0_gcc7.2.0/include:/common/software/install/migrated/xz-utils/5.2.3_gcc7.2.0/include:/common/software/install/migrated/pcre/8.42_gcc7.2.0/include:/common/software/install/migrated/gcc/7.2.0/include:/common/software/install/migrated/isl/0.18_gcc7.2.0/include:/common/software/install/migrated/mpc/1.0.3_gcc7.2.0/include:/common/software/install/migrated/mpfr/3.1.6_gcc7.2.0/include:/common/software/install/migrated/gmp/6.1.2_gcc7.2.0/include:/common/software/install/migrated/zlib/1.2.11_gcc7.2.0/include:/home/lmnp/knut0297/software/modules/zlib/1.3.1/build/include:/common/software/install/migrated/libgd/2.1.0/include:/common/software/install/migrated/cuda/11.2/include:/common/software/install/migrated/openmpi/el6/3.1.6/gnu-8.2.0-cuda/include:/common/software/install/migrated/gcc/8.2.0/include:/common/software/install/migrated/isl/0.19_gcc8.1.0/include:/common/software/install/migrated/mpc/1.1.0_gcc8.1.0/include:/common/software/install/migrated/mpfr/4.0.1_gcc8.1.0/include:/common/software/install/migrated/gmp/6.1.2_gcc8.1.0/include; export FPATH;
PKG_CONFIG_PATH=/common/software/install/migrated/R/3.6.3/lib64/pkgconfig:/common/software/install/migrated/libtiff/4.0.8/lib/pkgconfig:/common/software/install/migrated/curl/7.59.0_gcc7.2.0/lib/pkgconfig:/common/software/install/migrated/xz-utils/5.2.3_gcc7.2.0/lib/pkgconfig:/common/software/install/migrated/pcre/8.42_gcc7.2.0/lib/pkgconfig:/common/software/install/migrated/zlib/1.2.11_gcc7.2.0/lib/pkgconfig:/home/lmnp/knut0297/software/modules/zlib/1.3.1/build/lib/pkgconfig:/home/lmnp/knut0297/software/modules/libgtextutils/0.6/lib/pkgconfig:/common/software/install/migrated/isl/0.19_gcc8.1.0/lib/pkgconfig:/common/software/install/migrated/mpfr/4.0.1_gcc8.1.0/lib/pkgconfig; export PKG_CONFIG_PATH;
INCLUDE=/common/software/install/migrated/libtiff/4.0.8/include:/common/software/install/migrated/gcc/8.1.0/include:/common/software/install/migrated/curl/7.59.0_gcc7.2.0/include:/common/software/install/migrated/xz-utils/5.2.3_gcc7.2.0/include:/common/software/install/migrated/pcre/8.42_gcc7.2.0/include:/common/software/install/migrated/gcc/7.2.0/include:/common/software/install/migrated/isl/0.18_gcc7.2.0/include:/common/software/install/migrated/mpc/1.0.3_gcc7.2.0/include:/common/software/install/migrated/mpfr/3.1.6_gcc7.2.0/include:/common/software/install/migrated/gmp/6.1.2_gcc7.2.0/include:/common/software/install/migrated/bzip2/1.0.6-gcc7.2.0/include:/common/software/install/migrated/zlib/1.2.11_gcc7.2.0/include:/home/lmnp/knut0297/software/modules/zlib/1.3.1/build/include:/common/software/install/migrated/libgd/2.1.0/include:/common/software/install/migrated/java/openjdk-8_202/include:/common/software/install/migrated/cuda/11.2/include:/common/software/install/migrated/openmpi/el6/3.1.6/gnu-8.2.0-cuda/include:/common/software/install/migrated/java/openjdk-11.0.2/include:/common/software/install/migrated/gcc/8.2.0/include:/common/software/install/migrated/isl/0.19_gcc8.1.0/include:/common/software/install/migrated/mpc/1.1.0_gcc8.1.0/include:/common/software/install/migrated/mpfr/4.0.1_gcc8.1.0/include:/common/software/install/migrated/gmp/6.1.2_gcc8.1.0/include; export INCLUDE;
CPLUS_INCLUDE_PATH=/common/software/install/migrated/libtiff/4.0.8/include:/common/software/install/migrated/gcc/8.1.0/include:/common/software/install/migrated/curl/7.59.0_gcc7.2.0/include:/common/software/install/migrated/xz-utils/5.2.3_gcc7.2.0/include:/common/software/install/migrated/pcre/8.42_gcc7.2.0/include:/common/software/install/migrated/gcc/7.2.0/include:/common/software/install/migrated/isl/0.18_gcc7.2.0/include:/common/software/install/migrated/mpc/1.0.3_gcc7.2.0/include:/common/software/install/migrated/mpfr/3.1.6_gcc7.2.0/include:/common/software/install/migrated/gmp/6.1.2_gcc7.2.0/include:/common/software/install/migrated/bzip2/1.0.6-gcc7.2.0/include:/common/software/install/migrated/zlib/1.2.11_gcc7.2.0/include:/home/lmnp/knut0297/software/modules/zlib/1.3.1/build/include:/common/software/install/migrated/libgd/2.1.0/include:/common/software/install/migrated/java/openjdk-8_202/include:/common/software/install/migrated/cuda/11.2/include:/common/software/install/migrated/openmpi/el6/3.1.6/gnu-8.2.0-cuda/include:/common/software/install/migrated/java/openjdk-11.0.2/include:/common/software/install/migrated/gcc/8.2.0/include:/common/software/install/migrated/isl/0.19_gcc8.1.0/include:/common/software/install/migrated/mpc/1.1.0_gcc8.1.0/include:/common/software/install/migrated/mpfr/4.0.1_gcc8.1.0/include:/common/software/install/migrated/gmp/6.1.2_gcc8.1.0/include; export CPLUS_INCLUDE_PATH;
__MODULES_SHARE_LD_LIBRARY_PATH=/common/software/install/migrated/gcc/8.1.0/lib64:2:/common/software/install/migrated/gcc/7.2.0/lib64:2; export __MODULES_SHARE_LD_LIBRARY_PATH;
__MODULES_LMALTNAME=gcc/8.2.0\&gcc/default\&gcc:cuda/11.2\&cuda\&as\|cuda/default:conda/4.4.7-py36_0\&conda/default\&conda\&as\|conda/latest:java/openjdk-8_202\&java\&as\|java/default:fastqc/0.12.1\&as\|fastqc/default\&as\|fastqc/latest:parallel/20210822\&parallel/default\&parallel\&as\|parallel/latest:fastx_toolkit/0.0.14\&fastx_toolkit/default\&fastx_toolkit\&as\|fastx_toolkit/latest:libgd/2.1.0\&as\|libgd/default\&as\|libgd/latest:zlib/1.3.1\&zlib/default\&zlib\&as\|zlib/latest:riss_util/1.0\&as\|riss_util/default\&as\|riss_util/latest:xz-utils/5.2.3_gcc7.2.0\&as\|xz-utils/default\&as\|xz-utils/latest:curl/7.59.0_gcc7.2.0\&as\|curl/default\&as\|curl/latest:libtiff/4.0.8\&as\|libtiff/default\&as\|libtiff/latest; export __MODULES_LMALTNAME;
__MODULES_SHARE_MANPATH=:1; export __MODULES_SHARE_MANPATH;
C_INCLUDE_PATH=/common/software/install/migrated/libtiff/4.0.8/include:/common/software/install/migrated/gcc/8.1.0/include:/common/software/install/migrated/curl/7.59.0_gcc7.2.0/include:/common/software/install/migrated/xz-utils/5.2.3_gcc7.2.0/include:/common/software/install/migrated/pcre/8.42_gcc7.2.0/include:/common/software/install/migrated/gcc/7.2.0/include:/common/software/install/migrated/isl/0.18_gcc7.2.0/include:/common/software/install/migrated/mpc/1.0.3_gcc7.2.0/include:/common/software/install/migrated/mpfr/3.1.6_gcc7.2.0/include:/common/software/install/migrated/gmp/6.1.2_gcc7.2.0/include:/common/software/install/migrated/bzip2/1.0.6-gcc7.2.0/include:/common/software/install/migrated/zlib/1.2.11_gcc7.2.0/include:/home/lmnp/knut0297/software/modules/zlib/1.3.1/build/include:/common/software/install/migrated/libgd/2.1.0/include:/common/software/install/migrated/java/openjdk-8_202/include:/common/software/install/migrated/cuda/11.2/include:/common/software/install/migrated/openmpi/el6/3.1.6/gnu-8.2.0-cuda/include:/common/software/install/migrated/java/openjdk-11.0.2/include:/common/software/install/migrated/gcc/8.2.0/include:/common/software/install/migrated/isl/0.19_gcc8.1.0/include:/common/software/install/migrated/mpc/1.1.0_gcc8.1.0/include:/common/software/install/migrated/mpfr/4.0.1_gcc8.1.0/include:/common/software/install/migrated/gmp/6.1.2_gcc8.1.0/include; export C_INCLUDE_PATH;
OMP_NUM_THREADS=1; export OMP_NUM_THREADS;
PATH=/common/software/install/migrated/R/3.6.3/bin:/common/software/install/migrated/libtiff/4.0.8/bin:/common/software/install/migrated/gcc/8.1.0/bin:/common/software/install/migrated/curl/7.59.0_gcc7.2.0/bin:/common/software/install/migrated/xz-utils/5.2.3_gcc7.2.0/bin:/common/software/install/migrated/pcre/8.42_gcc7.2.0/bin:/common/software/install/migrated/gcc/7.2.0/bin:/common/software/install/migrated/bzip2/1.0.6-gcc7.2.0/bin:/common/software/install/migrated/riss_util/1.0/bin:/common/software/install/migrated/libgd/2.1.0/bin:/users/3/pier0273/morrell_lab:/home/lmnp/knut0297/software/modules/fastx_toolkit/0.0.14/bin:/common/software/install/migrated/parallel/20190122/bin:/common/software/install/migrated/parallel/20210822/bin:/common/software/install/manual/fastqc/0.12.1:/common/software/install/migrated/java/openjdk-8_202/bin:/users/3/pier0273/bin:/users/3/pier0273/vim/bin:/home/lmnp/knut0297/software/modules/conda/4.4.7-py36_0/bin:/common/software/install/migrated/cuda/11.2/bin:/common/software/install/migrated/openmpi/el6/3.1.6/gnu-8.2.0-cuda/bin:/common/software/install/migrated/java/openjdk-11.0.2/bin:/common/software/install/migrated/gcc/8.2.0/bin:/users/3/pier0273/vim/bin:/opt/msi/bin:/usr/share/Modules/bin:/usr/local/bin:/usr/bin:/usr/local/sbin:/usr/sbin:/opt/puppetlabs/bin:/common/software/install/migrated/amber/amber20/bin; export PATH;
test 0;'
+++ LD_LIBRARY_PATH=/common/software/install/migrated/R/3.6.3/lib64/R/lib:/common/software/install/migrated/R/3.6.3/lib64:/common/software/install/migrated/libtiff/4.0.8/lib:/common/software/install/migrated/curl/7.59.0_gcc7.2.0/lib:/common/software/install/migrated/xz-utils/5.2.3_gcc7.2.0/lib:/common/software/install/migrated/pcre/8.42_gcc7.2.0/lib:/common/software/install/migrated/isl/0.18_gcc7.2.0/lib:/common/software/install/migrated/mpc/1.0.3_gcc7.2.0/lib:/common/software/install/migrated/mpfr/3.1.6_gcc7.2.0/lib:/common/software/install/migrated/gmp/6.1.2_gcc7.2.0/lib:/common/software/install/migrated/bzip2/1.0.6-gcc7.2.0/lib:/common/software/install/migrated/zlib/1.2.11_gcc7.2.0/lib:/home/lmnp/knut0297/software/modules/zlib/1.3.1/build/lib:/common/software/install/migrated/libgd/2.1.0/lib:/common/software/install/migrated/java/openjdk-8_202/lib:/common/software/install/migrated/java/openjdk-8_202/jre/lib/amd64/server:/common/software/install/migrated/cuda/11.2/lib64:/common/software/install/migrated/openmpi/el6/3.1.6/gnu-8.2.0-cuda/lib:/common/software/install/migrated/java/openjdk-11.0.2/lib:/common/software/install/migrated/java/openjdk-11.0.2/lib/jli:/common/software/install/migrated/java/openjdk-11.0.2/lib/server:/common/software/install/migrated/gcc/8.2.0/lib64:/common/software/install/migrated/isl/0.19_gcc8.1.0/lib:/common/software/install/migrated/mpc/1.1.0_gcc8.1.0/lib:/common/software/install/migrated/mpfr/4.0.1_gcc8.1.0/lib:/common/software/install/migrated/gmp/6.1.2_gcc8.1.0/lib:/common/software/install/migrated/gcc/8.1.0/lib64:/common/software/install/migrated/amber/amber20/lib:/common/software/install/migrated/gcc/7.2.0/lib64
+++ export LD_LIBRARY_PATH
+++ LD_RUN_PATH=/common/software/install/migrated/gcc/8.1.0/lib64:/common/software/install/migrated/gcc/7.2.0/lib64:/common/software/install/migrated/isl/0.18_gcc7.2.0/lib:/common/software/install/migrated/mpc/1.0.3_gcc7.2.0/lib:/common/software/install/migrated/mpfr/3.1.6_gcc7.2.0/lib:/common/software/install/migrated/gmp/6.1.2_gcc7.2.0/lib:/common/software/install/migrated/bzip2/1.0.6-gcc7.2.0/lib:/common/software/install/migrated/zlib/1.2.11_gcc7.2.0/lib:/home/lmnp/knut0297/software/modules/zlib/1.3.1/build/lib:/common/software/install/migrated/libgd/2.1.0/lib:/common/software/install/migrated/gcc/8.2.0/lib64:/common/software/install/migrated/isl/0.19_gcc8.1.0/lib:/common/software/install/migrated/mpc/1.1.0_gcc8.1.0/lib:/common/software/install/migrated/mpfr/4.0.1_gcc8.1.0/lib:/common/software/install/migrated/gmp/6.1.2_gcc8.1.0/lib
+++ export LD_RUN_PATH
+++ CPATH=/common/software/install/migrated/gcc/8.1.0/include:/common/software/install/migrated/curl/7.59.0_gcc7.2.0/include:/common/software/install/migrated/xz-utils/5.2.3_gcc7.2.0/include:/common/software/install/migrated/pcre/8.42_gcc7.2.0/include:/common/software/install/migrated/gcc/7.2.0/include:/common/software/install/migrated/isl/0.18_gcc7.2.0/include:/common/software/install/migrated/mpc/1.0.3_gcc7.2.0/include:/common/software/install/migrated/mpfr/3.1.6_gcc7.2.0/include:/common/software/install/migrated/gmp/6.1.2_gcc7.2.0/include:/common/software/install/migrated/bzip2/1.0.6-gcc7.2.0/include:/common/software/install/migrated/zlib/1.2.11_gcc7.2.0/include:/home/lmnp/knut0297/software/modules/zlib/1.3.1/build/include:/common/software/install/migrated/libgd/2.1.0/include:/common/software/install/migrated/java/openjdk-8_202/include:/common/software/install/migrated/cuda/11.2/include:/common/software/install/migrated/openmpi/el6/3.1.6/gnu-8.2.0-cuda/include:/common/software/install/migrated/java/openjdk-11.0.2/include:/common/software/install/migrated/gcc/8.2.0/include:/common/software/install/migrated/isl/0.19_gcc8.1.0/include:/common/software/install/migrated/mpc/1.1.0_gcc8.1.0/include:/common/software/install/migrated/mpfr/4.0.1_gcc8.1.0/include:/common/software/install/migrated/gmp/6.1.2_gcc8.1.0/include
+++ export CPATH
+++ INFOPATH=/common/software/install/migrated/gcc/8.1.0/share/info:/common/software/install/migrated/gcc/7.2.0/share/info:/common/software/install/migrated/gcc/8.2.0/share/info:/common/software/install/migrated/mpc/1.1.0_gcc8.1.0/share/info:/common/software/install/migrated/mpfr/4.0.1_gcc8.1.0/share/info
+++ export INFOPATH
+++ LIBRARY_PATH=/common/software/install/migrated/libtiff/4.0.8/lib:/common/software/install/migrated/gcc/8.1.0/lib64:/common/software/install/migrated/curl/7.59.0_gcc7.2.0/lib:/common/software/install/migrated/xz-utils/5.2.3_gcc7.2.0/lib:/common/software/install/migrated/pcre/8.42_gcc7.2.0/lib:/common/software/install/migrated/gcc/7.2.0/lib64:/common/software/install/migrated/isl/0.18_gcc7.2.0/lib:/common/software/install/migrated/mpc/1.0.3_gcc7.2.0/lib:/common/software/install/migrated/mpfr/3.1.6_gcc7.2.0/lib:/common/software/install/migrated/gmp/6.1.2_gcc7.2.0/lib:/common/software/install/migrated/bzip2/1.0.6-gcc7.2.0/lib:/common/software/install/migrated/zlib/1.2.11_gcc7.2.0/lib:/home/lmnp/knut0297/software/modules/zlib/1.3.1/build/lib:/common/software/install/migrated/cuda/11.2/lib64:/common/software/install/migrated/openmpi/el6/3.1.6/gnu-8.2.0-cuda/lib:/common/software/install/migrated/gcc/8.2.0/lib64:/common/software/install/migrated/isl/0.19_gcc8.1.0/lib:/common/software/install/migrated/mpc/1.1.0_gcc8.1.0/lib:/common/software/install/migrated/mpfr/4.0.1_gcc8.1.0/lib:/common/software/install/migrated/gmp/6.1.2_gcc8.1.0/lib
+++ export LIBRARY_PATH
+++ MANPATH=/common/software/install/migrated/R/3.6.3/share/man:/common/software/install/migrated/gcc/8.1.0/share/man:/common/software/install/migrated/curl/7.59.0_gcc7.2.0/share/man:/common/software/install/migrated/xz-utils/5.2.3_gcc7.2.0/share/man:/common/software/install/migrated/pcre/8.42_gcc7.2.0/share/man:/common/software/install/migrated/gcc/7.2.0/share/man:/common/software/install/migrated/bzip2/1.0.6-gcc7.2.0/share/man:/common/software/install/migrated/zlib/1.2.11_gcc7.2.0/share/man:/home/lmnp/knut0297/software/modules/zlib/1.3.1/build/share/man:/common/software/install/migrated/parallel/20190122/share/man:/common/software/install/migrated/parallel/20210822/share/man:/common/software/install/migrated/java/openjdk-8_202/man:/common/software/install/migrated/openmpi/el6/3.1.6/gnu-8.2.0-cuda/share/man:/common/software/install/migrated/java/openjdk-11.0.2/man:/common/software/install/migrated/gcc/8.2.0/share/man::/opt/puppetlabs/puppet/share/man:/opt/slurm/rocky8/ofed-24.07/x86_64/23.11.8/share/man
+++ export MANPATH
+++ _LMFILES_=/common/software/modulefiles/migrated/common/gmp/6.1.2_gcc8.1.0:/common/software/modulefiles/migrated/common/mpfr/4.0.1_gcc8.1.0:/common/software/modulefiles/migrated/common/mpc/1.1.0_gcc8.1.0:/common/software/modulefiles/migrated/common/isl/0.19_gcc8.1.0:/common/software/modulefiles/migrated/hpc/gcc/8.2.0:/common/software/modulefiles/migrated/common/java/openjdk-11.0.2:/common/software/modulefiles/migrated/hpc/ompi/3.1.6/gnu-8.2.0-cuda:/common/software/modulefiles/migrated/hpc/cuda/11.2:/common/software/modulefiles/migrated/hpc/amber/20:/home/lmnp/knut0297/software/modulesfiles/conda/4.4.7-py36_0:/common/software/modulefiles/migrated/common/java/openjdk-8_202:/common/software/modulefiles/manual/common/fastqc/0.12.1:/common/software/modulefiles/migrated/common/parallel/20210822:/common/software/modulefiles/migrated/common/parallel/20190122:/home/lmnp/knut0297/software/modulesfiles/libgtextutils/0.6:/home/lmnp/knut0297/software/modulesfiles/fastx_toolkit/0.0.14:/common/software/modulefiles/migrated/hpc/libgd/2.1.0:/home/lmnp/knut0297/software/modulesfiles/zlib/1.3.1:/common/software/modulefiles/migrated/common/riss_util/1.0:/common/software/modulefiles/migrated/common/zlib/1.2.11_gcc7.2.0:/common/software/modulefiles/migrated/common/bzip2/1.0.6-gnu7.2.0_PIC:/common/software/modulefiles/migrated/common/gmp/6.1.2_gcc7.2.0:/common/software/modulefiles/migrated/common/mpfr/3.1.6_gcc7.2.0:/common/software/modulefiles/migrated/common/mpc/1.0.3_gcc7.2.0:/common/software/modulefiles/migrated/common/isl/0.18_gcc7.2.0:/common/software/modulefiles/migrated/common/gcc/7.2.0:/common/software/modulefiles/migrated/common/pcre/8.42_gcc7.2.0:/common/software/modulefiles/migrated/common/xz-utils/5.2.3_gcc7.2.0:/common/software/modulefiles/migrated/common/curl/7.59.0_gcc7.2.0:/common/software/modulefiles/migrated/common/gcc/8.1.0:/common/software/modulefiles/migrated/common/libtiff/4.0.8:/common/software/modulefiles/migrated/common/R/3.6.3
+++ export _LMFILES_
+++ LOADEDMODULES=gmp/6.1.2_gcc8.1.0:mpfr/4.0.1_gcc8.1.0:mpc/1.1.0_gcc8.1.0:isl/0.19_gcc8.1.0:gcc/8.2.0:java/openjdk-11.0.2:ompi/3.1.6/gnu-8.2.0-cuda:cuda/11.2:amber/20:conda/4.4.7-py36_0:java/openjdk-8_202:fastqc/0.12.1:parallel/20210822:parallel/20190122:/home/lmnp/knut0297/software/modulesfiles/libgtextutils/0.6:fastx_toolkit/0.0.14:libgd/2.1.0:zlib/1.3.1:riss_util/1.0:zlib/1.2.11_gcc7.2.0:bzip2/1.0.6-gnu7.2.0_PIC:gmp/6.1.2_gcc7.2.0:mpfr/3.1.6_gcc7.2.0:mpc/1.0.3_gcc7.2.0:isl/0.18_gcc7.2.0:gcc/7.2.0:pcre/8.42_gcc7.2.0:xz-utils/5.2.3_gcc7.2.0:curl/7.59.0_gcc7.2.0:gcc/8.1.0:libtiff/4.0.8:R/3.6.3
+++ export LOADEDMODULES
+++ __MODULES_LMTAG='gmp/6.1.2_gcc8.1.0&auto-loaded:mpfr/4.0.1_gcc8.1.0&auto-loaded:mpc/1.1.0_gcc8.1.0&auto-loaded:isl/0.19_gcc8.1.0&auto-loaded:gcc/8.2.0&auto-loaded:java/openjdk-11.0.2&auto-loaded:ompi/3.1.6/gnu-8.2.0-cuda&auto-loaded:cuda/11.2&auto-loaded:java/openjdk-8_202&auto-loaded:/home/lmnp/knut0297/software/modulesfiles/libgtextutils/0.6&auto-loaded:libgd/2.1.0&auto-loaded:zlib/1.3.1&auto-loaded:zlib/1.2.11_gcc7.2.0&auto-loaded:bzip2/1.0.6-gnu7.2.0_PIC&auto-loaded:gmp/6.1.2_gcc7.2.0&auto-loaded:mpfr/3.1.6_gcc7.2.0&auto-loaded:mpc/1.0.3_gcc7.2.0&auto-loaded:isl/0.18_gcc7.2.0&auto-loaded:gcc/7.2.0&auto-loaded:pcre/8.42_gcc7.2.0&auto-loaded:xz-utils/5.2.3_gcc7.2.0&auto-loaded:curl/7.59.0_gcc7.2.0&auto-loaded:gcc/8.1.0&auto-loaded:libtiff/4.0.8&auto-loaded'
+++ export __MODULES_LMTAG
+++ FPATH=/common/software/install/migrated/gcc/8.1.0/include:/common/software/install/migrated/curl/7.59.0_gcc7.2.0/include:/common/software/install/migrated/xz-utils/5.2.3_gcc7.2.0/include:/common/software/install/migrated/pcre/8.42_gcc7.2.0/include:/common/software/install/migrated/gcc/7.2.0/include:/common/software/install/migrated/isl/0.18_gcc7.2.0/include:/common/software/install/migrated/mpc/1.0.3_gcc7.2.0/include:/common/software/install/migrated/mpfr/3.1.6_gcc7.2.0/include:/common/software/install/migrated/gmp/6.1.2_gcc7.2.0/include:/common/software/install/migrated/zlib/1.2.11_gcc7.2.0/include:/home/lmnp/knut0297/software/modules/zlib/1.3.1/build/include:/common/software/install/migrated/libgd/2.1.0/include:/common/software/install/migrated/cuda/11.2/include:/common/software/install/migrated/openmpi/el6/3.1.6/gnu-8.2.0-cuda/include:/common/software/install/migrated/gcc/8.2.0/include:/common/software/install/migrated/isl/0.19_gcc8.1.0/include:/common/software/install/migrated/mpc/1.1.0_gcc8.1.0/include:/common/software/install/migrated/mpfr/4.0.1_gcc8.1.0/include:/common/software/install/migrated/gmp/6.1.2_gcc8.1.0/include
+++ export FPATH
+++ PKG_CONFIG_PATH=/common/software/install/migrated/R/3.6.3/lib64/pkgconfig:/common/software/install/migrated/libtiff/4.0.8/lib/pkgconfig:/common/software/install/migrated/curl/7.59.0_gcc7.2.0/lib/pkgconfig:/common/software/install/migrated/xz-utils/5.2.3_gcc7.2.0/lib/pkgconfig:/common/software/install/migrated/pcre/8.42_gcc7.2.0/lib/pkgconfig:/common/software/install/migrated/zlib/1.2.11_gcc7.2.0/lib/pkgconfig:/home/lmnp/knut0297/software/modules/zlib/1.3.1/build/lib/pkgconfig:/home/lmnp/knut0297/software/modules/libgtextutils/0.6/lib/pkgconfig:/common/software/install/migrated/isl/0.19_gcc8.1.0/lib/pkgconfig:/common/software/install/migrated/mpfr/4.0.1_gcc8.1.0/lib/pkgconfig
+++ export PKG_CONFIG_PATH
+++ INCLUDE=/common/software/install/migrated/libtiff/4.0.8/include:/common/software/install/migrated/gcc/8.1.0/include:/common/software/install/migrated/curl/7.59.0_gcc7.2.0/include:/common/software/install/migrated/xz-utils/5.2.3_gcc7.2.0/include:/common/software/install/migrated/pcre/8.42_gcc7.2.0/include:/common/software/install/migrated/gcc/7.2.0/include:/common/software/install/migrated/isl/0.18_gcc7.2.0/include:/common/software/install/migrated/mpc/1.0.3_gcc7.2.0/include:/common/software/install/migrated/mpfr/3.1.6_gcc7.2.0/include:/common/software/install/migrated/gmp/6.1.2_gcc7.2.0/include:/common/software/install/migrated/bzip2/1.0.6-gcc7.2.0/include:/common/software/install/migrated/zlib/1.2.11_gcc7.2.0/include:/home/lmnp/knut0297/software/modules/zlib/1.3.1/build/include:/common/software/install/migrated/libgd/2.1.0/include:/common/software/install/migrated/java/openjdk-8_202/include:/common/software/install/migrated/cuda/11.2/include:/common/software/install/migrated/openmpi/el6/3.1.6/gnu-8.2.0-cuda/include:/common/software/install/migrated/java/openjdk-11.0.2/include:/common/software/install/migrated/gcc/8.2.0/include:/common/software/install/migrated/isl/0.19_gcc8.1.0/include:/common/software/install/migrated/mpc/1.1.0_gcc8.1.0/include:/common/software/install/migrated/mpfr/4.0.1_gcc8.1.0/include:/common/software/install/migrated/gmp/6.1.2_gcc8.1.0/include
+++ export INCLUDE
+++ CPLUS_INCLUDE_PATH=/common/software/install/migrated/libtiff/4.0.8/include:/common/software/install/migrated/gcc/8.1.0/include:/common/software/install/migrated/curl/7.59.0_gcc7.2.0/include:/common/software/install/migrated/xz-utils/5.2.3_gcc7.2.0/include:/common/software/install/migrated/pcre/8.42_gcc7.2.0/include:/common/software/install/migrated/gcc/7.2.0/include:/common/software/install/migrated/isl/0.18_gcc7.2.0/include:/common/software/install/migrated/mpc/1.0.3_gcc7.2.0/include:/common/software/install/migrated/mpfr/3.1.6_gcc7.2.0/include:/common/software/install/migrated/gmp/6.1.2_gcc7.2.0/include:/common/software/install/migrated/bzip2/1.0.6-gcc7.2.0/include:/common/software/install/migrated/zlib/1.2.11_gcc7.2.0/include:/home/lmnp/knut0297/software/modules/zlib/1.3.1/build/include:/common/software/install/migrated/libgd/2.1.0/include:/common/software/install/migrated/java/openjdk-8_202/include:/common/software/install/migrated/cuda/11.2/include:/common/software/install/migrated/openmpi/el6/3.1.6/gnu-8.2.0-cuda/include:/common/software/install/migrated/java/openjdk-11.0.2/include:/common/software/install/migrated/gcc/8.2.0/include:/common/software/install/migrated/isl/0.19_gcc8.1.0/include:/common/software/install/migrated/mpc/1.1.0_gcc8.1.0/include:/common/software/install/migrated/mpfr/4.0.1_gcc8.1.0/include:/common/software/install/migrated/gmp/6.1.2_gcc8.1.0/include
+++ export CPLUS_INCLUDE_PATH
+++ __MODULES_SHARE_LD_LIBRARY_PATH=/common/software/install/migrated/gcc/8.1.0/lib64:2:/common/software/install/migrated/gcc/7.2.0/lib64:2
+++ export __MODULES_SHARE_LD_LIBRARY_PATH
+++ __MODULES_LMALTNAME='gcc/8.2.0&gcc/default&gcc:cuda/11.2&cuda&as|cuda/default:conda/4.4.7-py36_0&conda/default&conda&as|conda/latest:java/openjdk-8_202&java&as|java/default:fastqc/0.12.1&as|fastqc/default&as|fastqc/latest:parallel/20210822&parallel/default&parallel&as|parallel/latest:fastx_toolkit/0.0.14&fastx_toolkit/default&fastx_toolkit&as|fastx_toolkit/latest:libgd/2.1.0&as|libgd/default&as|libgd/latest:zlib/1.3.1&zlib/default&zlib&as|zlib/latest:riss_util/1.0&as|riss_util/default&as|riss_util/latest:xz-utils/5.2.3_gcc7.2.0&as|xz-utils/default&as|xz-utils/latest:curl/7.59.0_gcc7.2.0&as|curl/default&as|curl/latest:libtiff/4.0.8&as|libtiff/default&as|libtiff/latest'
+++ export __MODULES_LMALTNAME
+++ __MODULES_SHARE_MANPATH=:1
+++ export __MODULES_SHARE_MANPATH
+++ C_INCLUDE_PATH=/common/software/install/migrated/libtiff/4.0.8/include:/common/software/install/migrated/gcc/8.1.0/include:/common/software/install/migrated/curl/7.59.0_gcc7.2.0/include:/common/software/install/migrated/xz-utils/5.2.3_gcc7.2.0/include:/common/software/install/migrated/pcre/8.42_gcc7.2.0/include:/common/software/install/migrated/gcc/7.2.0/include:/common/software/install/migrated/isl/0.18_gcc7.2.0/include:/common/software/install/migrated/mpc/1.0.3_gcc7.2.0/include:/common/software/install/migrated/mpfr/3.1.6_gcc7.2.0/include:/common/software/install/migrated/gmp/6.1.2_gcc7.2.0/include:/common/software/install/migrated/bzip2/1.0.6-gcc7.2.0/include:/common/software/install/migrated/zlib/1.2.11_gcc7.2.0/include:/home/lmnp/knut0297/software/modules/zlib/1.3.1/build/include:/common/software/install/migrated/libgd/2.1.0/include:/common/software/install/migrated/java/openjdk-8_202/include:/common/software/install/migrated/cuda/11.2/include:/common/software/install/migrated/openmpi/el6/3.1.6/gnu-8.2.0-cuda/include:/common/software/install/migrated/java/openjdk-11.0.2/include:/common/software/install/migrated/gcc/8.2.0/include:/common/software/install/migrated/isl/0.19_gcc8.1.0/include:/common/software/install/migrated/mpc/1.1.0_gcc8.1.0/include:/common/software/install/migrated/mpfr/4.0.1_gcc8.1.0/include:/common/software/install/migrated/gmp/6.1.2_gcc8.1.0/include
+++ export C_INCLUDE_PATH
+++ OMP_NUM_THREADS=1
+++ export OMP_NUM_THREADS
+++ PATH=/common/software/install/migrated/R/3.6.3/bin:/common/software/install/migrated/libtiff/4.0.8/bin:/common/software/install/migrated/gcc/8.1.0/bin:/common/software/install/migrated/curl/7.59.0_gcc7.2.0/bin:/common/software/install/migrated/xz-utils/5.2.3_gcc7.2.0/bin:/common/software/install/migrated/pcre/8.42_gcc7.2.0/bin:/common/software/install/migrated/gcc/7.2.0/bin:/common/software/install/migrated/bzip2/1.0.6-gcc7.2.0/bin:/common/software/install/migrated/riss_util/1.0/bin:/common/software/install/migrated/libgd/2.1.0/bin:/users/3/pier0273/morrell_lab:/home/lmnp/knut0297/software/modules/fastx_toolkit/0.0.14/bin:/common/software/install/migrated/parallel/20190122/bin:/common/software/install/migrated/parallel/20210822/bin:/common/software/install/manual/fastqc/0.12.1:/common/software/install/migrated/java/openjdk-8_202/bin:/users/3/pier0273/bin:/users/3/pier0273/vim/bin:/home/lmnp/knut0297/software/modules/conda/4.4.7-py36_0/bin:/common/software/install/migrated/cuda/11.2/bin:/common/software/install/migrated/openmpi/el6/3.1.6/gnu-8.2.0-cuda/bin:/common/software/install/migrated/java/openjdk-11.0.2/bin:/common/software/install/migrated/gcc/8.2.0/bin:/users/3/pier0273/vim/bin:/opt/msi/bin:/usr/share/Modules/bin:/usr/local/bin:/usr/bin:/usr/local/sbin:/usr/sbin:/opt/puppetlabs/bin:/common/software/install/migrated/amber/amber20/bin
+++ export PATH
+++ test 0
++ _mlstatus=0
++ '[' -n x ']'
++ IFS=' 	
'
++ unset _mlre _mlv _mlrv _mlIFS
++ return 0
++ R_LIBS_USER='~/R/x86_64-pc-linux-gnu-library/3.6'
++ module load bwa/0.7.17
++ local _mlredir=1
++ '[' -n '' ']'
++ case " $@ " in
++ '[' 1 -eq 0 ']'
++ _module_raw load bwa/0.7.17
++ unset _mlre _mlIFS
++ '[' -n x ']'
++ _mlIFS=' 	
'
++ IFS=' '
++ for _mlv in ${MODULES_RUN_QUARANTINE:-}
++ '[' LD_LIBRARY_PATH = LD_LIBRARY_PATH ']'
++ '[' LD_LIBRARY_PATH = LD_LIBRARY_PATH ']'
+++ eval 'echo ${LD_LIBRARY_PATH+x}'
++++ echo x
++ '[' -n x ']'
+++ eval 'echo ${LD_LIBRARY_PATH}'
++++ echo /common/software/install/migrated/R/3.6.3/lib64/R/lib:/common/software/install/migrated/R/3.6.3/lib64:/common/software/install/migrated/libtiff/4.0.8/lib:/common/software/install/migrated/curl/7.59.0_gcc7.2.0/lib:/common/software/install/migrated/xz-utils/5.2.3_gcc7.2.0/lib:/common/software/install/migrated/pcre/8.42_gcc7.2.0/lib:/common/software/install/migrated/isl/0.18_gcc7.2.0/lib:/common/software/install/migrated/mpc/1.0.3_gcc7.2.0/lib:/common/software/install/migrated/mpfr/3.1.6_gcc7.2.0/lib:/common/software/install/migrated/gmp/6.1.2_gcc7.2.0/lib:/common/software/install/migrated/bzip2/1.0.6-gcc7.2.0/lib:/common/software/install/migrated/zlib/1.2.11_gcc7.2.0/lib:/home/lmnp/knut0297/software/modules/zlib/1.3.1/build/lib:/common/software/install/migrated/libgd/2.1.0/lib:/common/software/install/migrated/java/openjdk-8_202/lib:/common/software/install/migrated/java/openjdk-8_202/jre/lib/amd64/server:/common/software/install/migrated/cuda/11.2/lib64:/common/software/install/migrated/openmpi/el6/3.1.6/gnu-8.2.0-cuda/lib:/common/software/install/migrated/java/openjdk-11.0.2/lib:/common/software/install/migrated/java/openjdk-11.0.2/lib/jli:/common/software/install/migrated/java/openjdk-11.0.2/lib/server:/common/software/install/migrated/gcc/8.2.0/lib64:/common/software/install/migrated/isl/0.19_gcc8.1.0/lib:/common/software/install/migrated/mpc/1.1.0_gcc8.1.0/lib:/common/software/install/migrated/mpfr/4.0.1_gcc8.1.0/lib:/common/software/install/migrated/gmp/6.1.2_gcc8.1.0/lib:/common/software/install/migrated/gcc/8.1.0/lib64:/common/software/install/migrated/amber/amber20/lib:/common/software/install/migrated/gcc/7.2.0/lib64
++ _mlre='__MODULES_QUAR_LD_LIBRARY_PATH='\''/common/software/install/migrated/R/3.6.3/lib64/R/lib:/common/software/install/migrated/R/3.6.3/lib64:/common/software/install/migrated/libtiff/4.0.8/lib:/common/software/install/migrated/curl/7.59.0_gcc7.2.0/lib:/common/software/install/migrated/xz-utils/5.2.3_gcc7.2.0/lib:/common/software/install/migrated/pcre/8.42_gcc7.2.0/lib:/common/software/install/migrated/isl/0.18_gcc7.2.0/lib:/common/software/install/migrated/mpc/1.0.3_gcc7.2.0/lib:/common/software/install/migrated/mpfr/3.1.6_gcc7.2.0/lib:/common/software/install/migrated/gmp/6.1.2_gcc7.2.0/lib:/common/software/install/migrated/bzip2/1.0.6-gcc7.2.0/lib:/common/software/install/migrated/zlib/1.2.11_gcc7.2.0/lib:/home/lmnp/knut0297/software/modules/zlib/1.3.1/build/lib:/common/software/install/migrated/libgd/2.1.0/lib:/common/software/install/migrated/java/openjdk-8_202/lib:/common/software/install/migrated/java/openjdk-8_202/jre/lib/amd64/server:/common/software/install/migrated/cuda/11.2/lib64:/common/software/install/migrated/openmpi/el6/3.1.6/gnu-8.2.0-cuda/lib:/common/software/install/migrated/java/openjdk-11.0.2/lib:/common/software/install/migrated/java/openjdk-11.0.2/lib/jli:/common/software/install/migrated/java/openjdk-11.0.2/lib/server:/common/software/install/migrated/gcc/8.2.0/lib64:/common/software/install/migrated/isl/0.19_gcc8.1.0/lib:/common/software/install/migrated/mpc/1.1.0_gcc8.1.0/lib:/common/software/install/migrated/mpfr/4.0.1_gcc8.1.0/lib:/common/software/install/migrated/gmp/6.1.2_gcc8.1.0/lib:/common/software/install/migrated/gcc/8.1.0/lib64:/common/software/install/migrated/amber/amber20/lib:/common/software/install/migrated/gcc/7.2.0/lib64'\'' '
++ _mlrv=MODULES_RUNENV_LD_LIBRARY_PATH
+++ eval 'echo ${MODULES_RUNENV_LD_LIBRARY_PATH:-}'
++++ echo
++ _mlre='__MODULES_QUAR_LD_LIBRARY_PATH='\''/common/software/install/migrated/R/3.6.3/lib64/R/lib:/common/software/install/migrated/R/3.6.3/lib64:/common/software/install/migrated/libtiff/4.0.8/lib:/common/software/install/migrated/curl/7.59.0_gcc7.2.0/lib:/common/software/install/migrated/xz-utils/5.2.3_gcc7.2.0/lib:/common/software/install/migrated/pcre/8.42_gcc7.2.0/lib:/common/software/install/migrated/isl/0.18_gcc7.2.0/lib:/common/software/install/migrated/mpc/1.0.3_gcc7.2.0/lib:/common/software/install/migrated/mpfr/3.1.6_gcc7.2.0/lib:/common/software/install/migrated/gmp/6.1.2_gcc7.2.0/lib:/common/software/install/migrated/bzip2/1.0.6-gcc7.2.0/lib:/common/software/install/migrated/zlib/1.2.11_gcc7.2.0/lib:/home/lmnp/knut0297/software/modules/zlib/1.3.1/build/lib:/common/software/install/migrated/libgd/2.1.0/lib:/common/software/install/migrated/java/openjdk-8_202/lib:/common/software/install/migrated/java/openjdk-8_202/jre/lib/amd64/server:/common/software/install/migrated/cuda/11.2/lib64:/common/software/install/migrated/openmpi/el6/3.1.6/gnu-8.2.0-cuda/lib:/common/software/install/migrated/java/openjdk-11.0.2/lib:/common/software/install/migrated/java/openjdk-11.0.2/lib/jli:/common/software/install/migrated/java/openjdk-11.0.2/lib/server:/common/software/install/migrated/gcc/8.2.0/lib64:/common/software/install/migrated/isl/0.19_gcc8.1.0/lib:/common/software/install/migrated/mpc/1.1.0_gcc8.1.0/lib:/common/software/install/migrated/mpfr/4.0.1_gcc8.1.0/lib:/common/software/install/migrated/gmp/6.1.2_gcc8.1.0/lib:/common/software/install/migrated/gcc/8.1.0/lib64:/common/software/install/migrated/amber/amber20/lib:/common/software/install/migrated/gcc/7.2.0/lib64'\'' LD_LIBRARY_PATH='\'''\'' '
++ for _mlv in ${MODULES_RUN_QUARANTINE:-}
++ '[' LD_PRELOAD = LD_PRELOAD ']'
++ '[' LD_PRELOAD = LD_PRELOAD ']'
+++ eval 'echo ${LD_PRELOAD+x}'
++++ echo
++ '[' -n '' ']'
++ _mlrv=MODULES_RUNENV_LD_PRELOAD
+++ eval 'echo ${MODULES_RUNENV_LD_PRELOAD:-}'
++++ echo
++ _mlre='__MODULES_QUAR_LD_LIBRARY_PATH='\''/common/software/install/migrated/R/3.6.3/lib64/R/lib:/common/software/install/migrated/R/3.6.3/lib64:/common/software/install/migrated/libtiff/4.0.8/lib:/common/software/install/migrated/curl/7.59.0_gcc7.2.0/lib:/common/software/install/migrated/xz-utils/5.2.3_gcc7.2.0/lib:/common/software/install/migrated/pcre/8.42_gcc7.2.0/lib:/common/software/install/migrated/isl/0.18_gcc7.2.0/lib:/common/software/install/migrated/mpc/1.0.3_gcc7.2.0/lib:/common/software/install/migrated/mpfr/3.1.6_gcc7.2.0/lib:/common/software/install/migrated/gmp/6.1.2_gcc7.2.0/lib:/common/software/install/migrated/bzip2/1.0.6-gcc7.2.0/lib:/common/software/install/migrated/zlib/1.2.11_gcc7.2.0/lib:/home/lmnp/knut0297/software/modules/zlib/1.3.1/build/lib:/common/software/install/migrated/libgd/2.1.0/lib:/common/software/install/migrated/java/openjdk-8_202/lib:/common/software/install/migrated/java/openjdk-8_202/jre/lib/amd64/server:/common/software/install/migrated/cuda/11.2/lib64:/common/software/install/migrated/openmpi/el6/3.1.6/gnu-8.2.0-cuda/lib:/common/software/install/migrated/java/openjdk-11.0.2/lib:/common/software/install/migrated/java/openjdk-11.0.2/lib/jli:/common/software/install/migrated/java/openjdk-11.0.2/lib/server:/common/software/install/migrated/gcc/8.2.0/lib64:/common/software/install/migrated/isl/0.19_gcc8.1.0/lib:/common/software/install/migrated/mpc/1.1.0_gcc8.1.0/lib:/common/software/install/migrated/mpfr/4.0.1_gcc8.1.0/lib:/common/software/install/migrated/gmp/6.1.2_gcc8.1.0/lib:/common/software/install/migrated/gcc/8.1.0/lib64:/common/software/install/migrated/amber/amber20/lib:/common/software/install/migrated/gcc/7.2.0/lib64'\'' LD_LIBRARY_PATH='\'''\'' LD_PRELOAD='\'''\'' '
++ '[' -n '__MODULES_QUAR_LD_LIBRARY_PATH='\''/common/software/install/migrated/R/3.6.3/lib64/R/lib:/common/software/install/migrated/R/3.6.3/lib64:/common/software/install/migrated/libtiff/4.0.8/lib:/common/software/install/migrated/curl/7.59.0_gcc7.2.0/lib:/common/software/install/migrated/xz-utils/5.2.3_gcc7.2.0/lib:/common/software/install/migrated/pcre/8.42_gcc7.2.0/lib:/common/software/install/migrated/isl/0.18_gcc7.2.0/lib:/common/software/install/migrated/mpc/1.0.3_gcc7.2.0/lib:/common/software/install/migrated/mpfr/3.1.6_gcc7.2.0/lib:/common/software/install/migrated/gmp/6.1.2_gcc7.2.0/lib:/common/software/install/migrated/bzip2/1.0.6-gcc7.2.0/lib:/common/software/install/migrated/zlib/1.2.11_gcc7.2.0/lib:/home/lmnp/knut0297/software/modules/zlib/1.3.1/build/lib:/common/software/install/migrated/libgd/2.1.0/lib:/common/software/install/migrated/java/openjdk-8_202/lib:/common/software/install/migrated/java/openjdk-8_202/jre/lib/amd64/server:/common/software/install/migrated/cuda/11.2/lib64:/common/software/install/migrated/openmpi/el6/3.1.6/gnu-8.2.0-cuda/lib:/common/software/install/migrated/java/openjdk-11.0.2/lib:/common/software/install/migrated/java/openjdk-11.0.2/lib/jli:/common/software/install/migrated/java/openjdk-11.0.2/lib/server:/common/software/install/migrated/gcc/8.2.0/lib64:/common/software/install/migrated/isl/0.19_gcc8.1.0/lib:/common/software/install/migrated/mpc/1.1.0_gcc8.1.0/lib:/common/software/install/migrated/mpfr/4.0.1_gcc8.1.0/lib:/common/software/install/migrated/gmp/6.1.2_gcc8.1.0/lib:/common/software/install/migrated/gcc/8.1.0/lib64:/common/software/install/migrated/amber/amber20/lib:/common/software/install/migrated/gcc/7.2.0/lib64'\'' LD_LIBRARY_PATH='\'''\'' LD_PRELOAD='\'''\'' ' ']'
++ _mlre='__MODULES_QUAR_LD_LIBRARY_PATH='\''/common/software/install/migrated/R/3.6.3/lib64/R/lib:/common/software/install/migrated/R/3.6.3/lib64:/common/software/install/migrated/libtiff/4.0.8/lib:/common/software/install/migrated/curl/7.59.0_gcc7.2.0/lib:/common/software/install/migrated/xz-utils/5.2.3_gcc7.2.0/lib:/common/software/install/migrated/pcre/8.42_gcc7.2.0/lib:/common/software/install/migrated/isl/0.18_gcc7.2.0/lib:/common/software/install/migrated/mpc/1.0.3_gcc7.2.0/lib:/common/software/install/migrated/mpfr/3.1.6_gcc7.2.0/lib:/common/software/install/migrated/gmp/6.1.2_gcc7.2.0/lib:/common/software/install/migrated/bzip2/1.0.6-gcc7.2.0/lib:/common/software/install/migrated/zlib/1.2.11_gcc7.2.0/lib:/home/lmnp/knut0297/software/modules/zlib/1.3.1/build/lib:/common/software/install/migrated/libgd/2.1.0/lib:/common/software/install/migrated/java/openjdk-8_202/lib:/common/software/install/migrated/java/openjdk-8_202/jre/lib/amd64/server:/common/software/install/migrated/cuda/11.2/lib64:/common/software/install/migrated/openmpi/el6/3.1.6/gnu-8.2.0-cuda/lib:/common/software/install/migrated/java/openjdk-11.0.2/lib:/common/software/install/migrated/java/openjdk-11.0.2/lib/jli:/common/software/install/migrated/java/openjdk-11.0.2/lib/server:/common/software/install/migrated/gcc/8.2.0/lib64:/common/software/install/migrated/isl/0.19_gcc8.1.0/lib:/common/software/install/migrated/mpc/1.1.0_gcc8.1.0/lib:/common/software/install/migrated/mpfr/4.0.1_gcc8.1.0/lib:/common/software/install/migrated/gmp/6.1.2_gcc8.1.0/lib:/common/software/install/migrated/gcc/8.1.0/lib64:/common/software/install/migrated/amber/amber20/lib:/common/software/install/migrated/gcc/7.2.0/lib64'\'' LD_LIBRARY_PATH='\'''\'' LD_PRELOAD='\'''\'' __MODULES_QUARANTINE_SET=1 '
+++ eval '__MODULES_QUAR_LD_LIBRARY_PATH='\''/common/software/install/migrated/R/3.6.3/lib64/R/lib:/common/software/install/migrated/R/3.6.3/lib64:/common/software/install/migrated/libtiff/4.0.8/lib:/common/software/install/migrated/curl/7.59.0_gcc7.2.0/lib:/common/software/install/migrated/xz-utils/5.2.3_gcc7.2.0/lib:/common/software/install/migrated/pcre/8.42_gcc7.2.0/lib:/common/software/install/migrated/isl/0.18_gcc7.2.0/lib:/common/software/install/migrated/mpc/1.0.3_gcc7.2.0/lib:/common/software/install/migrated/mpfr/3.1.6_gcc7.2.0/lib:/common/software/install/migrated/gmp/6.1.2_gcc7.2.0/lib:/common/software/install/migrated/bzip2/1.0.6-gcc7.2.0/lib:/common/software/install/migrated/zlib/1.2.11_gcc7.2.0/lib:/home/lmnp/knut0297/software/modules/zlib/1.3.1/build/lib:/common/software/install/migrated/libgd/2.1.0/lib:/common/software/install/migrated/java/openjdk-8_202/lib:/common/software/install/migrated/java/openjdk-8_202/jre/lib/amd64/server:/common/software/install/migrated/cuda/11.2/lib64:/common/software/install/migrated/openmpi/el6/3.1.6/gnu-8.2.0-cuda/lib:/common/software/install/migrated/java/openjdk-11.0.2/lib:/common/software/install/migrated/java/openjdk-11.0.2/lib/jli:/common/software/install/migrated/java/openjdk-11.0.2/lib/server:/common/software/install/migrated/gcc/8.2.0/lib64:/common/software/install/migrated/isl/0.19_gcc8.1.0/lib:/common/software/install/migrated/mpc/1.1.0_gcc8.1.0/lib:/common/software/install/migrated/mpfr/4.0.1_gcc8.1.0/lib:/common/software/install/migrated/gmp/6.1.2_gcc8.1.0/lib:/common/software/install/migrated/gcc/8.1.0/lib64:/common/software/install/migrated/amber/amber20/lib:/common/software/install/migrated/gcc/7.2.0/lib64'\''' 'LD_LIBRARY_PATH='\'''\''' 'LD_PRELOAD='\'''\''' __MODULES_QUARANTINE_SET=1 /usr/bin/tclsh /usr/share/Modules/libexec/modulecmd.tcl bash '"$@"'
++++ __MODULES_QUAR_LD_LIBRARY_PATH=/common/software/install/migrated/R/3.6.3/lib64/R/lib:/common/software/install/migrated/R/3.6.3/lib64:/common/software/install/migrated/libtiff/4.0.8/lib:/common/software/install/migrated/curl/7.59.0_gcc7.2.0/lib:/common/software/install/migrated/xz-utils/5.2.3_gcc7.2.0/lib:/common/software/install/migrated/pcre/8.42_gcc7.2.0/lib:/common/software/install/migrated/isl/0.18_gcc7.2.0/lib:/common/software/install/migrated/mpc/1.0.3_gcc7.2.0/lib:/common/software/install/migrated/mpfr/3.1.6_gcc7.2.0/lib:/common/software/install/migrated/gmp/6.1.2_gcc7.2.0/lib:/common/software/install/migrated/bzip2/1.0.6-gcc7.2.0/lib:/common/software/install/migrated/zlib/1.2.11_gcc7.2.0/lib:/home/lmnp/knut0297/software/modules/zlib/1.3.1/build/lib:/common/software/install/migrated/libgd/2.1.0/lib:/common/software/install/migrated/java/openjdk-8_202/lib:/common/software/install/migrated/java/openjdk-8_202/jre/lib/amd64/server:/common/software/install/migrated/cuda/11.2/lib64:/common/software/install/migrated/openmpi/el6/3.1.6/gnu-8.2.0-cuda/lib:/common/software/install/migrated/java/openjdk-11.0.2/lib:/common/software/install/migrated/java/openjdk-11.0.2/lib/jli:/common/software/install/migrated/java/openjdk-11.0.2/lib/server:/common/software/install/migrated/gcc/8.2.0/lib64:/common/software/install/migrated/isl/0.19_gcc8.1.0/lib:/common/software/install/migrated/mpc/1.1.0_gcc8.1.0/lib:/common/software/install/migrated/mpfr/4.0.1_gcc8.1.0/lib:/common/software/install/migrated/gmp/6.1.2_gcc8.1.0/lib:/common/software/install/migrated/gcc/8.1.0/lib64:/common/software/install/migrated/amber/amber20/lib:/common/software/install/migrated/gcc/7.2.0/lib64
++++ LD_LIBRARY_PATH=
++++ LD_PRELOAD=
++++ __MODULES_QUARANTINE_SET=1
++++ /usr/bin/tclsh /usr/share/Modules/libexec/modulecmd.tcl bash load bwa/0.7.17
++ eval '__MODULES_LMALTNAME=gcc/8.2.0\&gcc/default\&gcc:cuda/11.2\&cuda\&as\|cuda/default:conda/4.4.7-py36_0\&conda/default\&conda\&as\|conda/latest:java/openjdk-8_202\&java\&as\|java/default:fastqc/0.12.1\&as\|fastqc/default\&as\|fastqc/latest:parallel/20210822\&parallel/default\&parallel\&as\|parallel/latest:fastx_toolkit/0.0.14\&fastx_toolkit/default\&fastx_toolkit\&as\|fastx_toolkit/latest:libgd/2.1.0\&as\|libgd/default\&as\|libgd/latest:zlib/1.3.1\&zlib/default\&zlib\&as\|zlib/latest:riss_util/1.0\&as\|riss_util/default\&as\|riss_util/latest:xz-utils/5.2.3_gcc7.2.0\&as\|xz-utils/default\&as\|xz-utils/latest:curl/7.59.0_gcc7.2.0\&as\|curl/default\&as\|curl/latest:libtiff/4.0.8\&as\|libtiff/default\&as\|libtiff/latest:bwa/0.7.17\&bwa/default\&bwa\&as\|bwa/latest; export __MODULES_LMALTNAME;
PATH=/home/lmnp/knut0297/software/modules/bwa/0.7.17/bin:/common/software/install/migrated/R/3.6.3/bin:/common/software/install/migrated/libtiff/4.0.8/bin:/common/software/install/migrated/gcc/8.1.0/bin:/common/software/install/migrated/curl/7.59.0_gcc7.2.0/bin:/common/software/install/migrated/xz-utils/5.2.3_gcc7.2.0/bin:/common/software/install/migrated/pcre/8.42_gcc7.2.0/bin:/common/software/install/migrated/gcc/7.2.0/bin:/common/software/install/migrated/bzip2/1.0.6-gcc7.2.0/bin:/common/software/install/migrated/riss_util/1.0/bin:/common/software/install/migrated/libgd/2.1.0/bin:/users/3/pier0273/morrell_lab:/home/lmnp/knut0297/software/modules/fastx_toolkit/0.0.14/bin:/common/software/install/migrated/parallel/20190122/bin:/common/software/install/migrated/parallel/20210822/bin:/common/software/install/manual/fastqc/0.12.1:/common/software/install/migrated/java/openjdk-8_202/bin:/users/3/pier0273/bin:/users/3/pier0273/vim/bin:/home/lmnp/knut0297/software/modules/conda/4.4.7-py36_0/bin:/common/software/install/migrated/cuda/11.2/bin:/common/software/install/migrated/openmpi/el6/3.1.6/gnu-8.2.0-cuda/bin:/common/software/install/migrated/java/openjdk-11.0.2/bin:/common/software/install/migrated/gcc/8.2.0/bin:/users/3/pier0273/vim/bin:/opt/msi/bin:/usr/share/Modules/bin:/usr/local/bin:/usr/bin:/usr/local/sbin:/usr/sbin:/opt/puppetlabs/bin:/common/software/install/migrated/amber/amber20/bin; export PATH;
_LMFILES_=/common/software/modulefiles/migrated/common/gmp/6.1.2_gcc8.1.0:/common/software/modulefiles/migrated/common/mpfr/4.0.1_gcc8.1.0:/common/software/modulefiles/migrated/common/mpc/1.1.0_gcc8.1.0:/common/software/modulefiles/migrated/common/isl/0.19_gcc8.1.0:/common/software/modulefiles/migrated/hpc/gcc/8.2.0:/common/software/modulefiles/migrated/common/java/openjdk-11.0.2:/common/software/modulefiles/migrated/hpc/ompi/3.1.6/gnu-8.2.0-cuda:/common/software/modulefiles/migrated/hpc/cuda/11.2:/common/software/modulefiles/migrated/hpc/amber/20:/home/lmnp/knut0297/software/modulesfiles/conda/4.4.7-py36_0:/common/software/modulefiles/migrated/common/java/openjdk-8_202:/common/software/modulefiles/manual/common/fastqc/0.12.1:/common/software/modulefiles/migrated/common/parallel/20210822:/common/software/modulefiles/migrated/common/parallel/20190122:/home/lmnp/knut0297/software/modulesfiles/libgtextutils/0.6:/home/lmnp/knut0297/software/modulesfiles/fastx_toolkit/0.0.14:/common/software/modulefiles/migrated/hpc/libgd/2.1.0:/home/lmnp/knut0297/software/modulesfiles/zlib/1.3.1:/common/software/modulefiles/migrated/common/riss_util/1.0:/common/software/modulefiles/migrated/common/zlib/1.2.11_gcc7.2.0:/common/software/modulefiles/migrated/common/bzip2/1.0.6-gnu7.2.0_PIC:/common/software/modulefiles/migrated/common/gmp/6.1.2_gcc7.2.0:/common/software/modulefiles/migrated/common/mpfr/3.1.6_gcc7.2.0:/common/software/modulefiles/migrated/common/mpc/1.0.3_gcc7.2.0:/common/software/modulefiles/migrated/common/isl/0.18_gcc7.2.0:/common/software/modulefiles/migrated/common/gcc/7.2.0:/common/software/modulefiles/migrated/common/pcre/8.42_gcc7.2.0:/common/software/modulefiles/migrated/common/xz-utils/5.2.3_gcc7.2.0:/common/software/modulefiles/migrated/common/curl/7.59.0_gcc7.2.0:/common/software/modulefiles/migrated/common/gcc/8.1.0:/common/software/modulefiles/migrated/common/libtiff/4.0.8:/common/software/modulefiles/migrated/common/R/3.6.3:/home/lmnp/knut0297/software/modulesfiles/bwa/0.7.17; export _LMFILES_;
LOADEDMODULES=gmp/6.1.2_gcc8.1.0:mpfr/4.0.1_gcc8.1.0:mpc/1.1.0_gcc8.1.0:isl/0.19_gcc8.1.0:gcc/8.2.0:java/openjdk-11.0.2:ompi/3.1.6/gnu-8.2.0-cuda:cuda/11.2:amber/20:conda/4.4.7-py36_0:java/openjdk-8_202:fastqc/0.12.1:parallel/20210822:parallel/20190122:/home/lmnp/knut0297/software/modulesfiles/libgtextutils/0.6:fastx_toolkit/0.0.14:libgd/2.1.0:zlib/1.3.1:riss_util/1.0:zlib/1.2.11_gcc7.2.0:bzip2/1.0.6-gnu7.2.0_PIC:gmp/6.1.2_gcc7.2.0:mpfr/3.1.6_gcc7.2.0:mpc/1.0.3_gcc7.2.0:isl/0.18_gcc7.2.0:gcc/7.2.0:pcre/8.42_gcc7.2.0:xz-utils/5.2.3_gcc7.2.0:curl/7.59.0_gcc7.2.0:gcc/8.1.0:libtiff/4.0.8:R/3.6.3:bwa/0.7.17; export LOADEDMODULES;
test 0;'
+++ __MODULES_LMALTNAME='gcc/8.2.0&gcc/default&gcc:cuda/11.2&cuda&as|cuda/default:conda/4.4.7-py36_0&conda/default&conda&as|conda/latest:java/openjdk-8_202&java&as|java/default:fastqc/0.12.1&as|fastqc/default&as|fastqc/latest:parallel/20210822&parallel/default&parallel&as|parallel/latest:fastx_toolkit/0.0.14&fastx_toolkit/default&fastx_toolkit&as|fastx_toolkit/latest:libgd/2.1.0&as|libgd/default&as|libgd/latest:zlib/1.3.1&zlib/default&zlib&as|zlib/latest:riss_util/1.0&as|riss_util/default&as|riss_util/latest:xz-utils/5.2.3_gcc7.2.0&as|xz-utils/default&as|xz-utils/latest:curl/7.59.0_gcc7.2.0&as|curl/default&as|curl/latest:libtiff/4.0.8&as|libtiff/default&as|libtiff/latest:bwa/0.7.17&bwa/default&bwa&as|bwa/latest'
+++ export __MODULES_LMALTNAME
+++ PATH=/home/lmnp/knut0297/software/modules/bwa/0.7.17/bin:/common/software/install/migrated/R/3.6.3/bin:/common/software/install/migrated/libtiff/4.0.8/bin:/common/software/install/migrated/gcc/8.1.0/bin:/common/software/install/migrated/curl/7.59.0_gcc7.2.0/bin:/common/software/install/migrated/xz-utils/5.2.3_gcc7.2.0/bin:/common/software/install/migrated/pcre/8.42_gcc7.2.0/bin:/common/software/install/migrated/gcc/7.2.0/bin:/common/software/install/migrated/bzip2/1.0.6-gcc7.2.0/bin:/common/software/install/migrated/riss_util/1.0/bin:/common/software/install/migrated/libgd/2.1.0/bin:/users/3/pier0273/morrell_lab:/home/lmnp/knut0297/software/modules/fastx_toolkit/0.0.14/bin:/common/software/install/migrated/parallel/20190122/bin:/common/software/install/migrated/parallel/20210822/bin:/common/software/install/manual/fastqc/0.12.1:/common/software/install/migrated/java/openjdk-8_202/bin:/users/3/pier0273/bin:/users/3/pier0273/vim/bin:/home/lmnp/knut0297/software/modules/conda/4.4.7-py36_0/bin:/common/software/install/migrated/cuda/11.2/bin:/common/software/install/migrated/openmpi/el6/3.1.6/gnu-8.2.0-cuda/bin:/common/software/install/migrated/java/openjdk-11.0.2/bin:/common/software/install/migrated/gcc/8.2.0/bin:/users/3/pier0273/vim/bin:/opt/msi/bin:/usr/share/Modules/bin:/usr/local/bin:/usr/bin:/usr/local/sbin:/usr/sbin:/opt/puppetlabs/bin:/common/software/install/migrated/amber/amber20/bin
+++ export PATH
+++ _LMFILES_=/common/software/modulefiles/migrated/common/gmp/6.1.2_gcc8.1.0:/common/software/modulefiles/migrated/common/mpfr/4.0.1_gcc8.1.0:/common/software/modulefiles/migrated/common/mpc/1.1.0_gcc8.1.0:/common/software/modulefiles/migrated/common/isl/0.19_gcc8.1.0:/common/software/modulefiles/migrated/hpc/gcc/8.2.0:/common/software/modulefiles/migrated/common/java/openjdk-11.0.2:/common/software/modulefiles/migrated/hpc/ompi/3.1.6/gnu-8.2.0-cuda:/common/software/modulefiles/migrated/hpc/cuda/11.2:/common/software/modulefiles/migrated/hpc/amber/20:/home/lmnp/knut0297/software/modulesfiles/conda/4.4.7-py36_0:/common/software/modulefiles/migrated/common/java/openjdk-8_202:/common/software/modulefiles/manual/common/fastqc/0.12.1:/common/software/modulefiles/migrated/common/parallel/20210822:/common/software/modulefiles/migrated/common/parallel/20190122:/home/lmnp/knut0297/software/modulesfiles/libgtextutils/0.6:/home/lmnp/knut0297/software/modulesfiles/fastx_toolkit/0.0.14:/common/software/modulefiles/migrated/hpc/libgd/2.1.0:/home/lmnp/knut0297/software/modulesfiles/zlib/1.3.1:/common/software/modulefiles/migrated/common/riss_util/1.0:/common/software/modulefiles/migrated/common/zlib/1.2.11_gcc7.2.0:/common/software/modulefiles/migrated/common/bzip2/1.0.6-gnu7.2.0_PIC:/common/software/modulefiles/migrated/common/gmp/6.1.2_gcc7.2.0:/common/software/modulefiles/migrated/common/mpfr/3.1.6_gcc7.2.0:/common/software/modulefiles/migrated/common/mpc/1.0.3_gcc7.2.0:/common/software/modulefiles/migrated/common/isl/0.18_gcc7.2.0:/common/software/modulefiles/migrated/common/gcc/7.2.0:/common/software/modulefiles/migrated/common/pcre/8.42_gcc7.2.0:/common/software/modulefiles/migrated/common/xz-utils/5.2.3_gcc7.2.0:/common/software/modulefiles/migrated/common/curl/7.59.0_gcc7.2.0:/common/software/modulefiles/migrated/common/gcc/8.1.0:/common/software/modulefiles/migrated/common/libtiff/4.0.8:/common/software/modulefiles/migrated/common/R/3.6.3:/home/lmnp/knut0297/software/modulesfiles/bwa/0.7.17
+++ export _LMFILES_
+++ LOADEDMODULES=gmp/6.1.2_gcc8.1.0:mpfr/4.0.1_gcc8.1.0:mpc/1.1.0_gcc8.1.0:isl/0.19_gcc8.1.0:gcc/8.2.0:java/openjdk-11.0.2:ompi/3.1.6/gnu-8.2.0-cuda:cuda/11.2:amber/20:conda/4.4.7-py36_0:java/openjdk-8_202:fastqc/0.12.1:parallel/20210822:parallel/20190122:/home/lmnp/knut0297/software/modulesfiles/libgtextutils/0.6:fastx_toolkit/0.0.14:libgd/2.1.0:zlib/1.3.1:riss_util/1.0:zlib/1.2.11_gcc7.2.0:bzip2/1.0.6-gnu7.2.0_PIC:gmp/6.1.2_gcc7.2.0:mpfr/3.1.6_gcc7.2.0:mpc/1.0.3_gcc7.2.0:isl/0.18_gcc7.2.0:gcc/7.2.0:pcre/8.42_gcc7.2.0:xz-utils/5.2.3_gcc7.2.0:curl/7.59.0_gcc7.2.0:gcc/8.1.0:libtiff/4.0.8:R/3.6.3:bwa/0.7.17
+++ export LOADEDMODULES
+++ test 0
++ _mlstatus=0
++ '[' -n x ']'
++ IFS=' 	
'
++ unset _mlre _mlv _mlrv _mlIFS
++ return 0
++ module load samtools/1.9
++ local _mlredir=1
++ '[' -n '' ']'
++ case " $@ " in
++ '[' 1 -eq 0 ']'
++ _module_raw load samtools/1.9
++ unset _mlre _mlIFS
++ '[' -n x ']'
++ _mlIFS=' 	
'
++ IFS=' '
++ for _mlv in ${MODULES_RUN_QUARANTINE:-}
++ '[' LD_LIBRARY_PATH = LD_LIBRARY_PATH ']'
++ '[' LD_LIBRARY_PATH = LD_LIBRARY_PATH ']'
+++ eval 'echo ${LD_LIBRARY_PATH+x}'
++++ echo x
++ '[' -n x ']'
+++ eval 'echo ${LD_LIBRARY_PATH}'
++++ echo /common/software/install/migrated/R/3.6.3/lib64/R/lib:/common/software/install/migrated/R/3.6.3/lib64:/common/software/install/migrated/libtiff/4.0.8/lib:/common/software/install/migrated/curl/7.59.0_gcc7.2.0/lib:/common/software/install/migrated/xz-utils/5.2.3_gcc7.2.0/lib:/common/software/install/migrated/pcre/8.42_gcc7.2.0/lib:/common/software/install/migrated/isl/0.18_gcc7.2.0/lib:/common/software/install/migrated/mpc/1.0.3_gcc7.2.0/lib:/common/software/install/migrated/mpfr/3.1.6_gcc7.2.0/lib:/common/software/install/migrated/gmp/6.1.2_gcc7.2.0/lib:/common/software/install/migrated/bzip2/1.0.6-gcc7.2.0/lib:/common/software/install/migrated/zlib/1.2.11_gcc7.2.0/lib:/home/lmnp/knut0297/software/modules/zlib/1.3.1/build/lib:/common/software/install/migrated/libgd/2.1.0/lib:/common/software/install/migrated/java/openjdk-8_202/lib:/common/software/install/migrated/java/openjdk-8_202/jre/lib/amd64/server:/common/software/install/migrated/cuda/11.2/lib64:/common/software/install/migrated/openmpi/el6/3.1.6/gnu-8.2.0-cuda/lib:/common/software/install/migrated/java/openjdk-11.0.2/lib:/common/software/install/migrated/java/openjdk-11.0.2/lib/jli:/common/software/install/migrated/java/openjdk-11.0.2/lib/server:/common/software/install/migrated/gcc/8.2.0/lib64:/common/software/install/migrated/isl/0.19_gcc8.1.0/lib:/common/software/install/migrated/mpc/1.1.0_gcc8.1.0/lib:/common/software/install/migrated/mpfr/4.0.1_gcc8.1.0/lib:/common/software/install/migrated/gmp/6.1.2_gcc8.1.0/lib:/common/software/install/migrated/gcc/8.1.0/lib64:/common/software/install/migrated/amber/amber20/lib:/common/software/install/migrated/gcc/7.2.0/lib64
++ _mlre='__MODULES_QUAR_LD_LIBRARY_PATH='\''/common/software/install/migrated/R/3.6.3/lib64/R/lib:/common/software/install/migrated/R/3.6.3/lib64:/common/software/install/migrated/libtiff/4.0.8/lib:/common/software/install/migrated/curl/7.59.0_gcc7.2.0/lib:/common/software/install/migrated/xz-utils/5.2.3_gcc7.2.0/lib:/common/software/install/migrated/pcre/8.42_gcc7.2.0/lib:/common/software/install/migrated/isl/0.18_gcc7.2.0/lib:/common/software/install/migrated/mpc/1.0.3_gcc7.2.0/lib:/common/software/install/migrated/mpfr/3.1.6_gcc7.2.0/lib:/common/software/install/migrated/gmp/6.1.2_gcc7.2.0/lib:/common/software/install/migrated/bzip2/1.0.6-gcc7.2.0/lib:/common/software/install/migrated/zlib/1.2.11_gcc7.2.0/lib:/home/lmnp/knut0297/software/modules/zlib/1.3.1/build/lib:/common/software/install/migrated/libgd/2.1.0/lib:/common/software/install/migrated/java/openjdk-8_202/lib:/common/software/install/migrated/java/openjdk-8_202/jre/lib/amd64/server:/common/software/install/migrated/cuda/11.2/lib64:/common/software/install/migrated/openmpi/el6/3.1.6/gnu-8.2.0-cuda/lib:/common/software/install/migrated/java/openjdk-11.0.2/lib:/common/software/install/migrated/java/openjdk-11.0.2/lib/jli:/common/software/install/migrated/java/openjdk-11.0.2/lib/server:/common/software/install/migrated/gcc/8.2.0/lib64:/common/software/install/migrated/isl/0.19_gcc8.1.0/lib:/common/software/install/migrated/mpc/1.1.0_gcc8.1.0/lib:/common/software/install/migrated/mpfr/4.0.1_gcc8.1.0/lib:/common/software/install/migrated/gmp/6.1.2_gcc8.1.0/lib:/common/software/install/migrated/gcc/8.1.0/lib64:/common/software/install/migrated/amber/amber20/lib:/common/software/install/migrated/gcc/7.2.0/lib64'\'' '
++ _mlrv=MODULES_RUNENV_LD_LIBRARY_PATH
+++ eval 'echo ${MODULES_RUNENV_LD_LIBRARY_PATH:-}'
++++ echo
++ _mlre='__MODULES_QUAR_LD_LIBRARY_PATH='\''/common/software/install/migrated/R/3.6.3/lib64/R/lib:/common/software/install/migrated/R/3.6.3/lib64:/common/software/install/migrated/libtiff/4.0.8/lib:/common/software/install/migrated/curl/7.59.0_gcc7.2.0/lib:/common/software/install/migrated/xz-utils/5.2.3_gcc7.2.0/lib:/common/software/install/migrated/pcre/8.42_gcc7.2.0/lib:/common/software/install/migrated/isl/0.18_gcc7.2.0/lib:/common/software/install/migrated/mpc/1.0.3_gcc7.2.0/lib:/common/software/install/migrated/mpfr/3.1.6_gcc7.2.0/lib:/common/software/install/migrated/gmp/6.1.2_gcc7.2.0/lib:/common/software/install/migrated/bzip2/1.0.6-gcc7.2.0/lib:/common/software/install/migrated/zlib/1.2.11_gcc7.2.0/lib:/home/lmnp/knut0297/software/modules/zlib/1.3.1/build/lib:/common/software/install/migrated/libgd/2.1.0/lib:/common/software/install/migrated/java/openjdk-8_202/lib:/common/software/install/migrated/java/openjdk-8_202/jre/lib/amd64/server:/common/software/install/migrated/cuda/11.2/lib64:/common/software/install/migrated/openmpi/el6/3.1.6/gnu-8.2.0-cuda/lib:/common/software/install/migrated/java/openjdk-11.0.2/lib:/common/software/install/migrated/java/openjdk-11.0.2/lib/jli:/common/software/install/migrated/java/openjdk-11.0.2/lib/server:/common/software/install/migrated/gcc/8.2.0/lib64:/common/software/install/migrated/isl/0.19_gcc8.1.0/lib:/common/software/install/migrated/mpc/1.1.0_gcc8.1.0/lib:/common/software/install/migrated/mpfr/4.0.1_gcc8.1.0/lib:/common/software/install/migrated/gmp/6.1.2_gcc8.1.0/lib:/common/software/install/migrated/gcc/8.1.0/lib64:/common/software/install/migrated/amber/amber20/lib:/common/software/install/migrated/gcc/7.2.0/lib64'\'' LD_LIBRARY_PATH='\'''\'' '
++ for _mlv in ${MODULES_RUN_QUARANTINE:-}
++ '[' LD_PRELOAD = LD_PRELOAD ']'
++ '[' LD_PRELOAD = LD_PRELOAD ']'
+++ eval 'echo ${LD_PRELOAD+x}'
++++ echo
++ '[' -n '' ']'
++ _mlrv=MODULES_RUNENV_LD_PRELOAD
+++ eval 'echo ${MODULES_RUNENV_LD_PRELOAD:-}'
++++ echo
++ _mlre='__MODULES_QUAR_LD_LIBRARY_PATH='\''/common/software/install/migrated/R/3.6.3/lib64/R/lib:/common/software/install/migrated/R/3.6.3/lib64:/common/software/install/migrated/libtiff/4.0.8/lib:/common/software/install/migrated/curl/7.59.0_gcc7.2.0/lib:/common/software/install/migrated/xz-utils/5.2.3_gcc7.2.0/lib:/common/software/install/migrated/pcre/8.42_gcc7.2.0/lib:/common/software/install/migrated/isl/0.18_gcc7.2.0/lib:/common/software/install/migrated/mpc/1.0.3_gcc7.2.0/lib:/common/software/install/migrated/mpfr/3.1.6_gcc7.2.0/lib:/common/software/install/migrated/gmp/6.1.2_gcc7.2.0/lib:/common/software/install/migrated/bzip2/1.0.6-gcc7.2.0/lib:/common/software/install/migrated/zlib/1.2.11_gcc7.2.0/lib:/home/lmnp/knut0297/software/modules/zlib/1.3.1/build/lib:/common/software/install/migrated/libgd/2.1.0/lib:/common/software/install/migrated/java/openjdk-8_202/lib:/common/software/install/migrated/java/openjdk-8_202/jre/lib/amd64/server:/common/software/install/migrated/cuda/11.2/lib64:/common/software/install/migrated/openmpi/el6/3.1.6/gnu-8.2.0-cuda/lib:/common/software/install/migrated/java/openjdk-11.0.2/lib:/common/software/install/migrated/java/openjdk-11.0.2/lib/jli:/common/software/install/migrated/java/openjdk-11.0.2/lib/server:/common/software/install/migrated/gcc/8.2.0/lib64:/common/software/install/migrated/isl/0.19_gcc8.1.0/lib:/common/software/install/migrated/mpc/1.1.0_gcc8.1.0/lib:/common/software/install/migrated/mpfr/4.0.1_gcc8.1.0/lib:/common/software/install/migrated/gmp/6.1.2_gcc8.1.0/lib:/common/software/install/migrated/gcc/8.1.0/lib64:/common/software/install/migrated/amber/amber20/lib:/common/software/install/migrated/gcc/7.2.0/lib64'\'' LD_LIBRARY_PATH='\'''\'' LD_PRELOAD='\'''\'' '
++ '[' -n '__MODULES_QUAR_LD_LIBRARY_PATH='\''/common/software/install/migrated/R/3.6.3/lib64/R/lib:/common/software/install/migrated/R/3.6.3/lib64:/common/software/install/migrated/libtiff/4.0.8/lib:/common/software/install/migrated/curl/7.59.0_gcc7.2.0/lib:/common/software/install/migrated/xz-utils/5.2.3_gcc7.2.0/lib:/common/software/install/migrated/pcre/8.42_gcc7.2.0/lib:/common/software/install/migrated/isl/0.18_gcc7.2.0/lib:/common/software/install/migrated/mpc/1.0.3_gcc7.2.0/lib:/common/software/install/migrated/mpfr/3.1.6_gcc7.2.0/lib:/common/software/install/migrated/gmp/6.1.2_gcc7.2.0/lib:/common/software/install/migrated/bzip2/1.0.6-gcc7.2.0/lib:/common/software/install/migrated/zlib/1.2.11_gcc7.2.0/lib:/home/lmnp/knut0297/software/modules/zlib/1.3.1/build/lib:/common/software/install/migrated/libgd/2.1.0/lib:/common/software/install/migrated/java/openjdk-8_202/lib:/common/software/install/migrated/java/openjdk-8_202/jre/lib/amd64/server:/common/software/install/migrated/cuda/11.2/lib64:/common/software/install/migrated/openmpi/el6/3.1.6/gnu-8.2.0-cuda/lib:/common/software/install/migrated/java/openjdk-11.0.2/lib:/common/software/install/migrated/java/openjdk-11.0.2/lib/jli:/common/software/install/migrated/java/openjdk-11.0.2/lib/server:/common/software/install/migrated/gcc/8.2.0/lib64:/common/software/install/migrated/isl/0.19_gcc8.1.0/lib:/common/software/install/migrated/mpc/1.1.0_gcc8.1.0/lib:/common/software/install/migrated/mpfr/4.0.1_gcc8.1.0/lib:/common/software/install/migrated/gmp/6.1.2_gcc8.1.0/lib:/common/software/install/migrated/gcc/8.1.0/lib64:/common/software/install/migrated/amber/amber20/lib:/common/software/install/migrated/gcc/7.2.0/lib64'\'' LD_LIBRARY_PATH='\'''\'' LD_PRELOAD='\'''\'' ' ']'
++ _mlre='__MODULES_QUAR_LD_LIBRARY_PATH='\''/common/software/install/migrated/R/3.6.3/lib64/R/lib:/common/software/install/migrated/R/3.6.3/lib64:/common/software/install/migrated/libtiff/4.0.8/lib:/common/software/install/migrated/curl/7.59.0_gcc7.2.0/lib:/common/software/install/migrated/xz-utils/5.2.3_gcc7.2.0/lib:/common/software/install/migrated/pcre/8.42_gcc7.2.0/lib:/common/software/install/migrated/isl/0.18_gcc7.2.0/lib:/common/software/install/migrated/mpc/1.0.3_gcc7.2.0/lib:/common/software/install/migrated/mpfr/3.1.6_gcc7.2.0/lib:/common/software/install/migrated/gmp/6.1.2_gcc7.2.0/lib:/common/software/install/migrated/bzip2/1.0.6-gcc7.2.0/lib:/common/software/install/migrated/zlib/1.2.11_gcc7.2.0/lib:/home/lmnp/knut0297/software/modules/zlib/1.3.1/build/lib:/common/software/install/migrated/libgd/2.1.0/lib:/common/software/install/migrated/java/openjdk-8_202/lib:/common/software/install/migrated/java/openjdk-8_202/jre/lib/amd64/server:/common/software/install/migrated/cuda/11.2/lib64:/common/software/install/migrated/openmpi/el6/3.1.6/gnu-8.2.0-cuda/lib:/common/software/install/migrated/java/openjdk-11.0.2/lib:/common/software/install/migrated/java/openjdk-11.0.2/lib/jli:/common/software/install/migrated/java/openjdk-11.0.2/lib/server:/common/software/install/migrated/gcc/8.2.0/lib64:/common/software/install/migrated/isl/0.19_gcc8.1.0/lib:/common/software/install/migrated/mpc/1.1.0_gcc8.1.0/lib:/common/software/install/migrated/mpfr/4.0.1_gcc8.1.0/lib:/common/software/install/migrated/gmp/6.1.2_gcc8.1.0/lib:/common/software/install/migrated/gcc/8.1.0/lib64:/common/software/install/migrated/amber/amber20/lib:/common/software/install/migrated/gcc/7.2.0/lib64'\'' LD_LIBRARY_PATH='\'''\'' LD_PRELOAD='\'''\'' __MODULES_QUARANTINE_SET=1 '
+++ eval '__MODULES_QUAR_LD_LIBRARY_PATH='\''/common/software/install/migrated/R/3.6.3/lib64/R/lib:/common/software/install/migrated/R/3.6.3/lib64:/common/software/install/migrated/libtiff/4.0.8/lib:/common/software/install/migrated/curl/7.59.0_gcc7.2.0/lib:/common/software/install/migrated/xz-utils/5.2.3_gcc7.2.0/lib:/common/software/install/migrated/pcre/8.42_gcc7.2.0/lib:/common/software/install/migrated/isl/0.18_gcc7.2.0/lib:/common/software/install/migrated/mpc/1.0.3_gcc7.2.0/lib:/common/software/install/migrated/mpfr/3.1.6_gcc7.2.0/lib:/common/software/install/migrated/gmp/6.1.2_gcc7.2.0/lib:/common/software/install/migrated/bzip2/1.0.6-gcc7.2.0/lib:/common/software/install/migrated/zlib/1.2.11_gcc7.2.0/lib:/home/lmnp/knut0297/software/modules/zlib/1.3.1/build/lib:/common/software/install/migrated/libgd/2.1.0/lib:/common/software/install/migrated/java/openjdk-8_202/lib:/common/software/install/migrated/java/openjdk-8_202/jre/lib/amd64/server:/common/software/install/migrated/cuda/11.2/lib64:/common/software/install/migrated/openmpi/el6/3.1.6/gnu-8.2.0-cuda/lib:/common/software/install/migrated/java/openjdk-11.0.2/lib:/common/software/install/migrated/java/openjdk-11.0.2/lib/jli:/common/software/install/migrated/java/openjdk-11.0.2/lib/server:/common/software/install/migrated/gcc/8.2.0/lib64:/common/software/install/migrated/isl/0.19_gcc8.1.0/lib:/common/software/install/migrated/mpc/1.1.0_gcc8.1.0/lib:/common/software/install/migrated/mpfr/4.0.1_gcc8.1.0/lib:/common/software/install/migrated/gmp/6.1.2_gcc8.1.0/lib:/common/software/install/migrated/gcc/8.1.0/lib64:/common/software/install/migrated/amber/amber20/lib:/common/software/install/migrated/gcc/7.2.0/lib64'\''' 'LD_LIBRARY_PATH='\'''\''' 'LD_PRELOAD='\'''\''' __MODULES_QUARANTINE_SET=1 /usr/bin/tclsh /usr/share/Modules/libexec/modulecmd.tcl bash '"$@"'
++++ __MODULES_QUAR_LD_LIBRARY_PATH=/common/software/install/migrated/R/3.6.3/lib64/R/lib:/common/software/install/migrated/R/3.6.3/lib64:/common/software/install/migrated/libtiff/4.0.8/lib:/common/software/install/migrated/curl/7.59.0_gcc7.2.0/lib:/common/software/install/migrated/xz-utils/5.2.3_gcc7.2.0/lib:/common/software/install/migrated/pcre/8.42_gcc7.2.0/lib:/common/software/install/migrated/isl/0.18_gcc7.2.0/lib:/common/software/install/migrated/mpc/1.0.3_gcc7.2.0/lib:/common/software/install/migrated/mpfr/3.1.6_gcc7.2.0/lib:/common/software/install/migrated/gmp/6.1.2_gcc7.2.0/lib:/common/software/install/migrated/bzip2/1.0.6-gcc7.2.0/lib:/common/software/install/migrated/zlib/1.2.11_gcc7.2.0/lib:/home/lmnp/knut0297/software/modules/zlib/1.3.1/build/lib:/common/software/install/migrated/libgd/2.1.0/lib:/common/software/install/migrated/java/openjdk-8_202/lib:/common/software/install/migrated/java/openjdk-8_202/jre/lib/amd64/server:/common/software/install/migrated/cuda/11.2/lib64:/common/software/install/migrated/openmpi/el6/3.1.6/gnu-8.2.0-cuda/lib:/common/software/install/migrated/java/openjdk-11.0.2/lib:/common/software/install/migrated/java/openjdk-11.0.2/lib/jli:/common/software/install/migrated/java/openjdk-11.0.2/lib/server:/common/software/install/migrated/gcc/8.2.0/lib64:/common/software/install/migrated/isl/0.19_gcc8.1.0/lib:/common/software/install/migrated/mpc/1.1.0_gcc8.1.0/lib:/common/software/install/migrated/mpfr/4.0.1_gcc8.1.0/lib:/common/software/install/migrated/gmp/6.1.2_gcc8.1.0/lib:/common/software/install/migrated/gcc/8.1.0/lib64:/common/software/install/migrated/amber/amber20/lib:/common/software/install/migrated/gcc/7.2.0/lib64
++++ LD_LIBRARY_PATH=
++++ LD_PRELOAD=
++++ __MODULES_QUARANTINE_SET=1
++++ /usr/bin/tclsh /usr/share/Modules/libexec/modulecmd.tcl bash load samtools/1.9
++ eval 'LD_LIBRARY_PATH=/common/software/install/migrated/bzip2/1.0.6-gnu6.1.0_PIC/lib:/common/software/install/migrated/R/3.6.3/lib64/R/lib:/common/software/install/migrated/R/3.6.3/lib64:/common/software/install/migrated/libtiff/4.0.8/lib:/common/software/install/migrated/curl/7.59.0_gcc7.2.0/lib:/common/software/install/migrated/xz-utils/5.2.3_gcc7.2.0/lib:/common/software/install/migrated/pcre/8.42_gcc7.2.0/lib:/common/software/install/migrated/isl/0.18_gcc7.2.0/lib:/common/software/install/migrated/mpc/1.0.3_gcc7.2.0/lib:/common/software/install/migrated/mpfr/3.1.6_gcc7.2.0/lib:/common/software/install/migrated/gmp/6.1.2_gcc7.2.0/lib:/common/software/install/migrated/bzip2/1.0.6-gcc7.2.0/lib:/common/software/install/migrated/zlib/1.2.11_gcc7.2.0/lib:/home/lmnp/knut0297/software/modules/zlib/1.3.1/build/lib:/common/software/install/migrated/libgd/2.1.0/lib:/common/software/install/migrated/java/openjdk-8_202/lib:/common/software/install/migrated/java/openjdk-8_202/jre/lib/amd64/server:/common/software/install/migrated/cuda/11.2/lib64:/common/software/install/migrated/openmpi/el6/3.1.6/gnu-8.2.0-cuda/lib:/common/software/install/migrated/java/openjdk-11.0.2/lib:/common/software/install/migrated/java/openjdk-11.0.2/lib/jli:/common/software/install/migrated/java/openjdk-11.0.2/lib/server:/common/software/install/migrated/gcc/8.2.0/lib64:/common/software/install/migrated/isl/0.19_gcc8.1.0/lib:/common/software/install/migrated/mpc/1.1.0_gcc8.1.0/lib:/common/software/install/migrated/mpfr/4.0.1_gcc8.1.0/lib:/common/software/install/migrated/gmp/6.1.2_gcc8.1.0/lib:/common/software/install/migrated/gcc/8.1.0/lib64:/common/software/install/migrated/amber/amber20/lib:/common/software/install/migrated/gcc/7.2.0/lib64; export LD_LIBRARY_PATH;
LD_RUN_PATH=/common/software/install/migrated/bzip2/1.0.6-gnu6.1.0_PIC/lib:/common/software/install/migrated/gcc/8.1.0/lib64:/common/software/install/migrated/gcc/7.2.0/lib64:/common/software/install/migrated/isl/0.18_gcc7.2.0/lib:/common/software/install/migrated/mpc/1.0.3_gcc7.2.0/lib:/common/software/install/migrated/mpfr/3.1.6_gcc7.2.0/lib:/common/software/install/migrated/gmp/6.1.2_gcc7.2.0/lib:/common/software/install/migrated/bzip2/1.0.6-gcc7.2.0/lib:/common/software/install/migrated/zlib/1.2.11_gcc7.2.0/lib:/home/lmnp/knut0297/software/modules/zlib/1.3.1/build/lib:/common/software/install/migrated/libgd/2.1.0/lib:/common/software/install/migrated/gcc/8.2.0/lib64:/common/software/install/migrated/isl/0.19_gcc8.1.0/lib:/common/software/install/migrated/mpc/1.1.0_gcc8.1.0/lib:/common/software/install/migrated/mpfr/4.0.1_gcc8.1.0/lib:/common/software/install/migrated/gmp/6.1.2_gcc8.1.0/lib; export LD_RUN_PATH;
CPATH=/common/software/install/migrated/bzip2/1.0.6-gnu6.1.0_PIC/include:/common/software/install/migrated/gcc/8.1.0/include:/common/software/install/migrated/curl/7.59.0_gcc7.2.0/include:/common/software/install/migrated/xz-utils/5.2.3_gcc7.2.0/include:/common/software/install/migrated/pcre/8.42_gcc7.2.0/include:/common/software/install/migrated/gcc/7.2.0/include:/common/software/install/migrated/isl/0.18_gcc7.2.0/include:/common/software/install/migrated/mpc/1.0.3_gcc7.2.0/include:/common/software/install/migrated/mpfr/3.1.6_gcc7.2.0/include:/common/software/install/migrated/gmp/6.1.2_gcc7.2.0/include:/common/software/install/migrated/bzip2/1.0.6-gcc7.2.0/include:/common/software/install/migrated/zlib/1.2.11_gcc7.2.0/include:/home/lmnp/knut0297/software/modules/zlib/1.3.1/build/include:/common/software/install/migrated/libgd/2.1.0/include:/common/software/install/migrated/java/openjdk-8_202/include:/common/software/install/migrated/cuda/11.2/include:/common/software/install/migrated/openmpi/el6/3.1.6/gnu-8.2.0-cuda/include:/common/software/install/migrated/java/openjdk-11.0.2/include:/common/software/install/migrated/gcc/8.2.0/include:/common/software/install/migrated/isl/0.19_gcc8.1.0/include:/common/software/install/migrated/mpc/1.1.0_gcc8.1.0/include:/common/software/install/migrated/mpfr/4.0.1_gcc8.1.0/include:/common/software/install/migrated/gmp/6.1.2_gcc8.1.0/include; export CPATH;
LIBRARY_PATH=/common/software/install/migrated/bzip2/1.0.6-gnu6.1.0_PIC/lib:/common/software/install/migrated/libtiff/4.0.8/lib:/common/software/install/migrated/gcc/8.1.0/lib64:/common/software/install/migrated/curl/7.59.0_gcc7.2.0/lib:/common/software/install/migrated/xz-utils/5.2.3_gcc7.2.0/lib:/common/software/install/migrated/pcre/8.42_gcc7.2.0/lib:/common/software/install/migrated/gcc/7.2.0/lib64:/common/software/install/migrated/isl/0.18_gcc7.2.0/lib:/common/software/install/migrated/mpc/1.0.3_gcc7.2.0/lib:/common/software/install/migrated/mpfr/3.1.6_gcc7.2.0/lib:/common/software/install/migrated/gmp/6.1.2_gcc7.2.0/lib:/common/software/install/migrated/bzip2/1.0.6-gcc7.2.0/lib:/common/software/install/migrated/zlib/1.2.11_gcc7.2.0/lib:/home/lmnp/knut0297/software/modules/zlib/1.3.1/build/lib:/common/software/install/migrated/cuda/11.2/lib64:/common/software/install/migrated/openmpi/el6/3.1.6/gnu-8.2.0-cuda/lib:/common/software/install/migrated/gcc/8.2.0/lib64:/common/software/install/migrated/isl/0.19_gcc8.1.0/lib:/common/software/install/migrated/mpc/1.1.0_gcc8.1.0/lib:/common/software/install/migrated/mpfr/4.0.1_gcc8.1.0/lib:/common/software/install/migrated/gmp/6.1.2_gcc8.1.0/lib; export LIBRARY_PATH;
MANPATH=/home/lmnp/knut0297/software/modules/samtools/1.9/share/man:/common/software/install/migrated/bzip2/1.0.6-gnu6.1.0_PIC/share/man:/common/software/install/migrated/R/3.6.3/share/man:/common/software/install/migrated/gcc/8.1.0/share/man:/common/software/install/migrated/curl/7.59.0_gcc7.2.0/share/man:/common/software/install/migrated/xz-utils/5.2.3_gcc7.2.0/share/man:/common/software/install/migrated/pcre/8.42_gcc7.2.0/share/man:/common/software/install/migrated/gcc/7.2.0/share/man:/common/software/install/migrated/bzip2/1.0.6-gcc7.2.0/share/man:/common/software/install/migrated/zlib/1.2.11_gcc7.2.0/share/man:/home/lmnp/knut0297/software/modules/zlib/1.3.1/build/share/man:/common/software/install/migrated/parallel/20190122/share/man:/common/software/install/migrated/parallel/20210822/share/man:/common/software/install/migrated/java/openjdk-8_202/man:/common/software/install/migrated/openmpi/el6/3.1.6/gnu-8.2.0-cuda/share/man:/common/software/install/migrated/java/openjdk-11.0.2/man:/common/software/install/migrated/gcc/8.2.0/share/man::/opt/puppetlabs/puppet/share/man:/opt/slurm/rocky8/ofed-24.07/x86_64/23.11.8/share/man; export MANPATH;
_LMFILES_=/common/software/modulefiles/migrated/common/gmp/6.1.2_gcc8.1.0:/common/software/modulefiles/migrated/common/mpfr/4.0.1_gcc8.1.0:/common/software/modulefiles/migrated/common/mpc/1.1.0_gcc8.1.0:/common/software/modulefiles/migrated/common/isl/0.19_gcc8.1.0:/common/software/modulefiles/migrated/hpc/gcc/8.2.0:/common/software/modulefiles/migrated/common/java/openjdk-11.0.2:/common/software/modulefiles/migrated/hpc/ompi/3.1.6/gnu-8.2.0-cuda:/common/software/modulefiles/migrated/hpc/cuda/11.2:/common/software/modulefiles/migrated/hpc/amber/20:/home/lmnp/knut0297/software/modulesfiles/conda/4.4.7-py36_0:/common/software/modulefiles/migrated/common/java/openjdk-8_202:/common/software/modulefiles/manual/common/fastqc/0.12.1:/common/software/modulefiles/migrated/common/parallel/20210822:/common/software/modulefiles/migrated/common/parallel/20190122:/home/lmnp/knut0297/software/modulesfiles/libgtextutils/0.6:/home/lmnp/knut0297/software/modulesfiles/fastx_toolkit/0.0.14:/common/software/modulefiles/migrated/hpc/libgd/2.1.0:/home/lmnp/knut0297/software/modulesfiles/zlib/1.3.1:/common/software/modulefiles/migrated/common/riss_util/1.0:/common/software/modulefiles/migrated/common/zlib/1.2.11_gcc7.2.0:/common/software/modulefiles/migrated/common/bzip2/1.0.6-gnu7.2.0_PIC:/common/software/modulefiles/migrated/common/gmp/6.1.2_gcc7.2.0:/common/software/modulefiles/migrated/common/mpfr/3.1.6_gcc7.2.0:/common/software/modulefiles/migrated/common/mpc/1.0.3_gcc7.2.0:/common/software/modulefiles/migrated/common/isl/0.18_gcc7.2.0:/common/software/modulefiles/migrated/common/gcc/7.2.0:/common/software/modulefiles/migrated/common/pcre/8.42_gcc7.2.0:/common/software/modulefiles/migrated/common/xz-utils/5.2.3_gcc7.2.0:/common/software/modulefiles/migrated/common/curl/7.59.0_gcc7.2.0:/common/software/modulefiles/migrated/common/gcc/8.1.0:/common/software/modulefiles/migrated/common/libtiff/4.0.8:/common/software/modulefiles/migrated/common/R/3.6.3:/home/lmnp/knut0297/software/modulesfiles/bwa/0.7.17:/common/software/modulefiles/migrated/common/bzip2/1.0.6-gnu6.1.0_PIC:/home/lmnp/knut0297/software/modulesfiles/samtools/1.9; export _LMFILES_;
LOADEDMODULES=gmp/6.1.2_gcc8.1.0:mpfr/4.0.1_gcc8.1.0:mpc/1.1.0_gcc8.1.0:isl/0.19_gcc8.1.0:gcc/8.2.0:java/openjdk-11.0.2:ompi/3.1.6/gnu-8.2.0-cuda:cuda/11.2:amber/20:conda/4.4.7-py36_0:java/openjdk-8_202:fastqc/0.12.1:parallel/20210822:parallel/20190122:/home/lmnp/knut0297/software/modulesfiles/libgtextutils/0.6:fastx_toolkit/0.0.14:libgd/2.1.0:zlib/1.3.1:riss_util/1.0:zlib/1.2.11_gcc7.2.0:bzip2/1.0.6-gnu7.2.0_PIC:gmp/6.1.2_gcc7.2.0:mpfr/3.1.6_gcc7.2.0:mpc/1.0.3_gcc7.2.0:isl/0.18_gcc7.2.0:gcc/7.2.0:pcre/8.42_gcc7.2.0:xz-utils/5.2.3_gcc7.2.0:curl/7.59.0_gcc7.2.0:gcc/8.1.0:libtiff/4.0.8:R/3.6.3:bwa/0.7.17:bzip2/1.0.6-gnu6.1.0_PIC:samtools/1.9; export LOADEDMODULES;
__MODULES_LMTAG=gmp/6.1.2_gcc8.1.0\&auto-loaded:mpfr/4.0.1_gcc8.1.0\&auto-loaded:mpc/1.1.0_gcc8.1.0\&auto-loaded:isl/0.19_gcc8.1.0\&auto-loaded:gcc/8.2.0\&auto-loaded:java/openjdk-11.0.2\&auto-loaded:ompi/3.1.6/gnu-8.2.0-cuda\&auto-loaded:cuda/11.2\&auto-loaded:java/openjdk-8_202\&auto-loaded:/home/lmnp/knut0297/software/modulesfiles/libgtextutils/0.6\&auto-loaded:libgd/2.1.0\&auto-loaded:zlib/1.3.1\&auto-loaded:zlib/1.2.11_gcc7.2.0\&auto-loaded:bzip2/1.0.6-gnu7.2.0_PIC\&auto-loaded:gmp/6.1.2_gcc7.2.0\&auto-loaded:mpfr/3.1.6_gcc7.2.0\&auto-loaded:mpc/1.0.3_gcc7.2.0\&auto-loaded:isl/0.18_gcc7.2.0\&auto-loaded:gcc/7.2.0\&auto-loaded:pcre/8.42_gcc7.2.0\&auto-loaded:xz-utils/5.2.3_gcc7.2.0\&auto-loaded:curl/7.59.0_gcc7.2.0\&auto-loaded:gcc/8.1.0\&auto-loaded:libtiff/4.0.8\&auto-loaded:bzip2/1.0.6-gnu6.1.0_PIC\&auto-loaded; export __MODULES_LMTAG;
INCLUDE=/common/software/install/migrated/bzip2/1.0.6-gnu6.1.0_PIC/include:/common/software/install/migrated/libtiff/4.0.8/include:/common/software/install/migrated/gcc/8.1.0/include:/common/software/install/migrated/curl/7.59.0_gcc7.2.0/include:/common/software/install/migrated/xz-utils/5.2.3_gcc7.2.0/include:/common/software/install/migrated/pcre/8.42_gcc7.2.0/include:/common/software/install/migrated/gcc/7.2.0/include:/common/software/install/migrated/isl/0.18_gcc7.2.0/include:/common/software/install/migrated/mpc/1.0.3_gcc7.2.0/include:/common/software/install/migrated/mpfr/3.1.6_gcc7.2.0/include:/common/software/install/migrated/gmp/6.1.2_gcc7.2.0/include:/common/software/install/migrated/bzip2/1.0.6-gcc7.2.0/include:/common/software/install/migrated/zlib/1.2.11_gcc7.2.0/include:/home/lmnp/knut0297/software/modules/zlib/1.3.1/build/include:/common/software/install/migrated/libgd/2.1.0/include:/common/software/install/migrated/java/openjdk-8_202/include:/common/software/install/migrated/cuda/11.2/include:/common/software/install/migrated/openmpi/el6/3.1.6/gnu-8.2.0-cuda/include:/common/software/install/migrated/java/openjdk-11.0.2/include:/common/software/install/migrated/gcc/8.2.0/include:/common/software/install/migrated/isl/0.19_gcc8.1.0/include:/common/software/install/migrated/mpc/1.1.0_gcc8.1.0/include:/common/software/install/migrated/mpfr/4.0.1_gcc8.1.0/include:/common/software/install/migrated/gmp/6.1.2_gcc8.1.0/include; export INCLUDE;
CPLUS_INCLUDE_PATH=/common/software/install/migrated/bzip2/1.0.6-gnu6.1.0_PIC/include:/common/software/install/migrated/libtiff/4.0.8/include:/common/software/install/migrated/gcc/8.1.0/include:/common/software/install/migrated/curl/7.59.0_gcc7.2.0/include:/common/software/install/migrated/xz-utils/5.2.3_gcc7.2.0/include:/common/software/install/migrated/pcre/8.42_gcc7.2.0/include:/common/software/install/migrated/gcc/7.2.0/include:/common/software/install/migrated/isl/0.18_gcc7.2.0/include:/common/software/install/migrated/mpc/1.0.3_gcc7.2.0/include:/common/software/install/migrated/mpfr/3.1.6_gcc7.2.0/include:/common/software/install/migrated/gmp/6.1.2_gcc7.2.0/include:/common/software/install/migrated/bzip2/1.0.6-gcc7.2.0/include:/common/software/install/migrated/zlib/1.2.11_gcc7.2.0/include:/home/lmnp/knut0297/software/modules/zlib/1.3.1/build/include:/common/software/install/migrated/libgd/2.1.0/include:/common/software/install/migrated/java/openjdk-8_202/include:/common/software/install/migrated/cuda/11.2/include:/common/software/install/migrated/openmpi/el6/3.1.6/gnu-8.2.0-cuda/include:/common/software/install/migrated/java/openjdk-11.0.2/include:/common/software/install/migrated/gcc/8.2.0/include:/common/software/install/migrated/isl/0.19_gcc8.1.0/include:/common/software/install/migrated/mpc/1.1.0_gcc8.1.0/include:/common/software/install/migrated/mpfr/4.0.1_gcc8.1.0/include:/common/software/install/migrated/gmp/6.1.2_gcc8.1.0/include; export CPLUS_INCLUDE_PATH;
__MODULES_SHARE_LD_LIBRARY_PATH=/common/software/install/migrated/gcc/8.1.0/lib64:2:/common/software/install/migrated/gcc/7.2.0/lib64:2; export __MODULES_SHARE_LD_LIBRARY_PATH;
__MODULES_SHARE_MANPATH=:1; export __MODULES_SHARE_MANPATH;
C_INCLUDE_PATH=/common/software/install/migrated/bzip2/1.0.6-gnu6.1.0_PIC/include:/common/software/install/migrated/libtiff/4.0.8/include:/common/software/install/migrated/gcc/8.1.0/include:/common/software/install/migrated/curl/7.59.0_gcc7.2.0/include:/common/software/install/migrated/xz-utils/5.2.3_gcc7.2.0/include:/common/software/install/migrated/pcre/8.42_gcc7.2.0/include:/common/software/install/migrated/gcc/7.2.0/include:/common/software/install/migrated/isl/0.18_gcc7.2.0/include:/common/software/install/migrated/mpc/1.0.3_gcc7.2.0/include:/common/software/install/migrated/mpfr/3.1.6_gcc7.2.0/include:/common/software/install/migrated/gmp/6.1.2_gcc7.2.0/include:/common/software/install/migrated/bzip2/1.0.6-gcc7.2.0/include:/common/software/install/migrated/zlib/1.2.11_gcc7.2.0/include:/home/lmnp/knut0297/software/modules/zlib/1.3.1/build/include:/common/software/install/migrated/libgd/2.1.0/include:/common/software/install/migrated/java/openjdk-8_202/include:/common/software/install/migrated/cuda/11.2/include:/common/software/install/migrated/openmpi/el6/3.1.6/gnu-8.2.0-cuda/include:/common/software/install/migrated/java/openjdk-11.0.2/include:/common/software/install/migrated/gcc/8.2.0/include:/common/software/install/migrated/isl/0.19_gcc8.1.0/include:/common/software/install/migrated/mpc/1.1.0_gcc8.1.0/include:/common/software/install/migrated/mpfr/4.0.1_gcc8.1.0/include:/common/software/install/migrated/gmp/6.1.2_gcc8.1.0/include; export C_INCLUDE_PATH;
PATH=/home/lmnp/knut0297/software/modules/samtools/1.9/bin:/common/software/install/migrated/bzip2/1.0.6-gnu6.1.0_PIC/bin:/home/lmnp/knut0297/software/modules/bwa/0.7.17/bin:/common/software/install/migrated/R/3.6.3/bin:/common/software/install/migrated/libtiff/4.0.8/bin:/common/software/install/migrated/gcc/8.1.0/bin:/common/software/install/migrated/curl/7.59.0_gcc7.2.0/bin:/common/software/install/migrated/xz-utils/5.2.3_gcc7.2.0/bin:/common/software/install/migrated/pcre/8.42_gcc7.2.0/bin:/common/software/install/migrated/gcc/7.2.0/bin:/common/software/install/migrated/bzip2/1.0.6-gcc7.2.0/bin:/common/software/install/migrated/riss_util/1.0/bin:/common/software/install/migrated/libgd/2.1.0/bin:/users/3/pier0273/morrell_lab:/home/lmnp/knut0297/software/modules/fastx_toolkit/0.0.14/bin:/common/software/install/migrated/parallel/20190122/bin:/common/software/install/migrated/parallel/20210822/bin:/common/software/install/manual/fastqc/0.12.1:/common/software/install/migrated/java/openjdk-8_202/bin:/users/3/pier0273/bin:/users/3/pier0273/vim/bin:/home/lmnp/knut0297/software/modules/conda/4.4.7-py36_0/bin:/common/software/install/migrated/cuda/11.2/bin:/common/software/install/migrated/openmpi/el6/3.1.6/gnu-8.2.0-cuda/bin:/common/software/install/migrated/java/openjdk-11.0.2/bin:/common/software/install/migrated/gcc/8.2.0/bin:/users/3/pier0273/vim/bin:/opt/msi/bin:/usr/share/Modules/bin:/usr/local/bin:/usr/bin:/usr/local/sbin:/usr/sbin:/opt/puppetlabs/bin:/common/software/install/migrated/amber/amber20/bin; export PATH;
test 0;'
+++ LD_LIBRARY_PATH=/common/software/install/migrated/bzip2/1.0.6-gnu6.1.0_PIC/lib:/common/software/install/migrated/R/3.6.3/lib64/R/lib:/common/software/install/migrated/R/3.6.3/lib64:/common/software/install/migrated/libtiff/4.0.8/lib:/common/software/install/migrated/curl/7.59.0_gcc7.2.0/lib:/common/software/install/migrated/xz-utils/5.2.3_gcc7.2.0/lib:/common/software/install/migrated/pcre/8.42_gcc7.2.0/lib:/common/software/install/migrated/isl/0.18_gcc7.2.0/lib:/common/software/install/migrated/mpc/1.0.3_gcc7.2.0/lib:/common/software/install/migrated/mpfr/3.1.6_gcc7.2.0/lib:/common/software/install/migrated/gmp/6.1.2_gcc7.2.0/lib:/common/software/install/migrated/bzip2/1.0.6-gcc7.2.0/lib:/common/software/install/migrated/zlib/1.2.11_gcc7.2.0/lib:/home/lmnp/knut0297/software/modules/zlib/1.3.1/build/lib:/common/software/install/migrated/libgd/2.1.0/lib:/common/software/install/migrated/java/openjdk-8_202/lib:/common/software/install/migrated/java/openjdk-8_202/jre/lib/amd64/server:/common/software/install/migrated/cuda/11.2/lib64:/common/software/install/migrated/openmpi/el6/3.1.6/gnu-8.2.0-cuda/lib:/common/software/install/migrated/java/openjdk-11.0.2/lib:/common/software/install/migrated/java/openjdk-11.0.2/lib/jli:/common/software/install/migrated/java/openjdk-11.0.2/lib/server:/common/software/install/migrated/gcc/8.2.0/lib64:/common/software/install/migrated/isl/0.19_gcc8.1.0/lib:/common/software/install/migrated/mpc/1.1.0_gcc8.1.0/lib:/common/software/install/migrated/mpfr/4.0.1_gcc8.1.0/lib:/common/software/install/migrated/gmp/6.1.2_gcc8.1.0/lib:/common/software/install/migrated/gcc/8.1.0/lib64:/common/software/install/migrated/amber/amber20/lib:/common/software/install/migrated/gcc/7.2.0/lib64
+++ export LD_LIBRARY_PATH
+++ LD_RUN_PATH=/common/software/install/migrated/bzip2/1.0.6-gnu6.1.0_PIC/lib:/common/software/install/migrated/gcc/8.1.0/lib64:/common/software/install/migrated/gcc/7.2.0/lib64:/common/software/install/migrated/isl/0.18_gcc7.2.0/lib:/common/software/install/migrated/mpc/1.0.3_gcc7.2.0/lib:/common/software/install/migrated/mpfr/3.1.6_gcc7.2.0/lib:/common/software/install/migrated/gmp/6.1.2_gcc7.2.0/lib:/common/software/install/migrated/bzip2/1.0.6-gcc7.2.0/lib:/common/software/install/migrated/zlib/1.2.11_gcc7.2.0/lib:/home/lmnp/knut0297/software/modules/zlib/1.3.1/build/lib:/common/software/install/migrated/libgd/2.1.0/lib:/common/software/install/migrated/gcc/8.2.0/lib64:/common/software/install/migrated/isl/0.19_gcc8.1.0/lib:/common/software/install/migrated/mpc/1.1.0_gcc8.1.0/lib:/common/software/install/migrated/mpfr/4.0.1_gcc8.1.0/lib:/common/software/install/migrated/gmp/6.1.2_gcc8.1.0/lib
+++ export LD_RUN_PATH
+++ CPATH=/common/software/install/migrated/bzip2/1.0.6-gnu6.1.0_PIC/include:/common/software/install/migrated/gcc/8.1.0/include:/common/software/install/migrated/curl/7.59.0_gcc7.2.0/include:/common/software/install/migrated/xz-utils/5.2.3_gcc7.2.0/include:/common/software/install/migrated/pcre/8.42_gcc7.2.0/include:/common/software/install/migrated/gcc/7.2.0/include:/common/software/install/migrated/isl/0.18_gcc7.2.0/include:/common/software/install/migrated/mpc/1.0.3_gcc7.2.0/include:/common/software/install/migrated/mpfr/3.1.6_gcc7.2.0/include:/common/software/install/migrated/gmp/6.1.2_gcc7.2.0/include:/common/software/install/migrated/bzip2/1.0.6-gcc7.2.0/include:/common/software/install/migrated/zlib/1.2.11_gcc7.2.0/include:/home/lmnp/knut0297/software/modules/zlib/1.3.1/build/include:/common/software/install/migrated/libgd/2.1.0/include:/common/software/install/migrated/java/openjdk-8_202/include:/common/software/install/migrated/cuda/11.2/include:/common/software/install/migrated/openmpi/el6/3.1.6/gnu-8.2.0-cuda/include:/common/software/install/migrated/java/openjdk-11.0.2/include:/common/software/install/migrated/gcc/8.2.0/include:/common/software/install/migrated/isl/0.19_gcc8.1.0/include:/common/software/install/migrated/mpc/1.1.0_gcc8.1.0/include:/common/software/install/migrated/mpfr/4.0.1_gcc8.1.0/include:/common/software/install/migrated/gmp/6.1.2_gcc8.1.0/include
+++ export CPATH
+++ LIBRARY_PATH=/common/software/install/migrated/bzip2/1.0.6-gnu6.1.0_PIC/lib:/common/software/install/migrated/libtiff/4.0.8/lib:/common/software/install/migrated/gcc/8.1.0/lib64:/common/software/install/migrated/curl/7.59.0_gcc7.2.0/lib:/common/software/install/migrated/xz-utils/5.2.3_gcc7.2.0/lib:/common/software/install/migrated/pcre/8.42_gcc7.2.0/lib:/common/software/install/migrated/gcc/7.2.0/lib64:/common/software/install/migrated/isl/0.18_gcc7.2.0/lib:/common/software/install/migrated/mpc/1.0.3_gcc7.2.0/lib:/common/software/install/migrated/mpfr/3.1.6_gcc7.2.0/lib:/common/software/install/migrated/gmp/6.1.2_gcc7.2.0/lib:/common/software/install/migrated/bzip2/1.0.6-gcc7.2.0/lib:/common/software/install/migrated/zlib/1.2.11_gcc7.2.0/lib:/home/lmnp/knut0297/software/modules/zlib/1.3.1/build/lib:/common/software/install/migrated/cuda/11.2/lib64:/common/software/install/migrated/openmpi/el6/3.1.6/gnu-8.2.0-cuda/lib:/common/software/install/migrated/gcc/8.2.0/lib64:/common/software/install/migrated/isl/0.19_gcc8.1.0/lib:/common/software/install/migrated/mpc/1.1.0_gcc8.1.0/lib:/common/software/install/migrated/mpfr/4.0.1_gcc8.1.0/lib:/common/software/install/migrated/gmp/6.1.2_gcc8.1.0/lib
+++ export LIBRARY_PATH
+++ MANPATH=/home/lmnp/knut0297/software/modules/samtools/1.9/share/man:/common/software/install/migrated/bzip2/1.0.6-gnu6.1.0_PIC/share/man:/common/software/install/migrated/R/3.6.3/share/man:/common/software/install/migrated/gcc/8.1.0/share/man:/common/software/install/migrated/curl/7.59.0_gcc7.2.0/share/man:/common/software/install/migrated/xz-utils/5.2.3_gcc7.2.0/share/man:/common/software/install/migrated/pcre/8.42_gcc7.2.0/share/man:/common/software/install/migrated/gcc/7.2.0/share/man:/common/software/install/migrated/bzip2/1.0.6-gcc7.2.0/share/man:/common/software/install/migrated/zlib/1.2.11_gcc7.2.0/share/man:/home/lmnp/knut0297/software/modules/zlib/1.3.1/build/share/man:/common/software/install/migrated/parallel/20190122/share/man:/common/software/install/migrated/parallel/20210822/share/man:/common/software/install/migrated/java/openjdk-8_202/man:/common/software/install/migrated/openmpi/el6/3.1.6/gnu-8.2.0-cuda/share/man:/common/software/install/migrated/java/openjdk-11.0.2/man:/common/software/install/migrated/gcc/8.2.0/share/man::/opt/puppetlabs/puppet/share/man:/opt/slurm/rocky8/ofed-24.07/x86_64/23.11.8/share/man
+++ export MANPATH
+++ _LMFILES_=/common/software/modulefiles/migrated/common/gmp/6.1.2_gcc8.1.0:/common/software/modulefiles/migrated/common/mpfr/4.0.1_gcc8.1.0:/common/software/modulefiles/migrated/common/mpc/1.1.0_gcc8.1.0:/common/software/modulefiles/migrated/common/isl/0.19_gcc8.1.0:/common/software/modulefiles/migrated/hpc/gcc/8.2.0:/common/software/modulefiles/migrated/common/java/openjdk-11.0.2:/common/software/modulefiles/migrated/hpc/ompi/3.1.6/gnu-8.2.0-cuda:/common/software/modulefiles/migrated/hpc/cuda/11.2:/common/software/modulefiles/migrated/hpc/amber/20:/home/lmnp/knut0297/software/modulesfiles/conda/4.4.7-py36_0:/common/software/modulefiles/migrated/common/java/openjdk-8_202:/common/software/modulefiles/manual/common/fastqc/0.12.1:/common/software/modulefiles/migrated/common/parallel/20210822:/common/software/modulefiles/migrated/common/parallel/20190122:/home/lmnp/knut0297/software/modulesfiles/libgtextutils/0.6:/home/lmnp/knut0297/software/modulesfiles/fastx_toolkit/0.0.14:/common/software/modulefiles/migrated/hpc/libgd/2.1.0:/home/lmnp/knut0297/software/modulesfiles/zlib/1.3.1:/common/software/modulefiles/migrated/common/riss_util/1.0:/common/software/modulefiles/migrated/common/zlib/1.2.11_gcc7.2.0:/common/software/modulefiles/migrated/common/bzip2/1.0.6-gnu7.2.0_PIC:/common/software/modulefiles/migrated/common/gmp/6.1.2_gcc7.2.0:/common/software/modulefiles/migrated/common/mpfr/3.1.6_gcc7.2.0:/common/software/modulefiles/migrated/common/mpc/1.0.3_gcc7.2.0:/common/software/modulefiles/migrated/common/isl/0.18_gcc7.2.0:/common/software/modulefiles/migrated/common/gcc/7.2.0:/common/software/modulefiles/migrated/common/pcre/8.42_gcc7.2.0:/common/software/modulefiles/migrated/common/xz-utils/5.2.3_gcc7.2.0:/common/software/modulefiles/migrated/common/curl/7.59.0_gcc7.2.0:/common/software/modulefiles/migrated/common/gcc/8.1.0:/common/software/modulefiles/migrated/common/libtiff/4.0.8:/common/software/modulefiles/migrated/common/R/3.6.3:/home/lmnp/knut0297/software/modulesfiles/bwa/0.7.17:/common/software/modulefiles/migrated/common/bzip2/1.0.6-gnu6.1.0_PIC:/home/lmnp/knut0297/software/modulesfiles/samtools/1.9
+++ export _LMFILES_
+++ LOADEDMODULES=gmp/6.1.2_gcc8.1.0:mpfr/4.0.1_gcc8.1.0:mpc/1.1.0_gcc8.1.0:isl/0.19_gcc8.1.0:gcc/8.2.0:java/openjdk-11.0.2:ompi/3.1.6/gnu-8.2.0-cuda:cuda/11.2:amber/20:conda/4.4.7-py36_0:java/openjdk-8_202:fastqc/0.12.1:parallel/20210822:parallel/20190122:/home/lmnp/knut0297/software/modulesfiles/libgtextutils/0.6:fastx_toolkit/0.0.14:libgd/2.1.0:zlib/1.3.1:riss_util/1.0:zlib/1.2.11_gcc7.2.0:bzip2/1.0.6-gnu7.2.0_PIC:gmp/6.1.2_gcc7.2.0:mpfr/3.1.6_gcc7.2.0:mpc/1.0.3_gcc7.2.0:isl/0.18_gcc7.2.0:gcc/7.2.0:pcre/8.42_gcc7.2.0:xz-utils/5.2.3_gcc7.2.0:curl/7.59.0_gcc7.2.0:gcc/8.1.0:libtiff/4.0.8:R/3.6.3:bwa/0.7.17:bzip2/1.0.6-gnu6.1.0_PIC:samtools/1.9
+++ export LOADEDMODULES
+++ __MODULES_LMTAG='gmp/6.1.2_gcc8.1.0&auto-loaded:mpfr/4.0.1_gcc8.1.0&auto-loaded:mpc/1.1.0_gcc8.1.0&auto-loaded:isl/0.19_gcc8.1.0&auto-loaded:gcc/8.2.0&auto-loaded:java/openjdk-11.0.2&auto-loaded:ompi/3.1.6/gnu-8.2.0-cuda&auto-loaded:cuda/11.2&auto-loaded:java/openjdk-8_202&auto-loaded:/home/lmnp/knut0297/software/modulesfiles/libgtextutils/0.6&auto-loaded:libgd/2.1.0&auto-loaded:zlib/1.3.1&auto-loaded:zlib/1.2.11_gcc7.2.0&auto-loaded:bzip2/1.0.6-gnu7.2.0_PIC&auto-loaded:gmp/6.1.2_gcc7.2.0&auto-loaded:mpfr/3.1.6_gcc7.2.0&auto-loaded:mpc/1.0.3_gcc7.2.0&auto-loaded:isl/0.18_gcc7.2.0&auto-loaded:gcc/7.2.0&auto-loaded:pcre/8.42_gcc7.2.0&auto-loaded:xz-utils/5.2.3_gcc7.2.0&auto-loaded:curl/7.59.0_gcc7.2.0&auto-loaded:gcc/8.1.0&auto-loaded:libtiff/4.0.8&auto-loaded:bzip2/1.0.6-gnu6.1.0_PIC&auto-loaded'
+++ export __MODULES_LMTAG
+++ INCLUDE=/common/software/install/migrated/bzip2/1.0.6-gnu6.1.0_PIC/include:/common/software/install/migrated/libtiff/4.0.8/include:/common/software/install/migrated/gcc/8.1.0/include:/common/software/install/migrated/curl/7.59.0_gcc7.2.0/include:/common/software/install/migrated/xz-utils/5.2.3_gcc7.2.0/include:/common/software/install/migrated/pcre/8.42_gcc7.2.0/include:/common/software/install/migrated/gcc/7.2.0/include:/common/software/install/migrated/isl/0.18_gcc7.2.0/include:/common/software/install/migrated/mpc/1.0.3_gcc7.2.0/include:/common/software/install/migrated/mpfr/3.1.6_gcc7.2.0/include:/common/software/install/migrated/gmp/6.1.2_gcc7.2.0/include:/common/software/install/migrated/bzip2/1.0.6-gcc7.2.0/include:/common/software/install/migrated/zlib/1.2.11_gcc7.2.0/include:/home/lmnp/knut0297/software/modules/zlib/1.3.1/build/include:/common/software/install/migrated/libgd/2.1.0/include:/common/software/install/migrated/java/openjdk-8_202/include:/common/software/install/migrated/cuda/11.2/include:/common/software/install/migrated/openmpi/el6/3.1.6/gnu-8.2.0-cuda/include:/common/software/install/migrated/java/openjdk-11.0.2/include:/common/software/install/migrated/gcc/8.2.0/include:/common/software/install/migrated/isl/0.19_gcc8.1.0/include:/common/software/install/migrated/mpc/1.1.0_gcc8.1.0/include:/common/software/install/migrated/mpfr/4.0.1_gcc8.1.0/include:/common/software/install/migrated/gmp/6.1.2_gcc8.1.0/include
+++ export INCLUDE
+++ CPLUS_INCLUDE_PATH=/common/software/install/migrated/bzip2/1.0.6-gnu6.1.0_PIC/include:/common/software/install/migrated/libtiff/4.0.8/include:/common/software/install/migrated/gcc/8.1.0/include:/common/software/install/migrated/curl/7.59.0_gcc7.2.0/include:/common/software/install/migrated/xz-utils/5.2.3_gcc7.2.0/include:/common/software/install/migrated/pcre/8.42_gcc7.2.0/include:/common/software/install/migrated/gcc/7.2.0/include:/common/software/install/migrated/isl/0.18_gcc7.2.0/include:/common/software/install/migrated/mpc/1.0.3_gcc7.2.0/include:/common/software/install/migrated/mpfr/3.1.6_gcc7.2.0/include:/common/software/install/migrated/gmp/6.1.2_gcc7.2.0/include:/common/software/install/migrated/bzip2/1.0.6-gcc7.2.0/include:/common/software/install/migrated/zlib/1.2.11_gcc7.2.0/include:/home/lmnp/knut0297/software/modules/zlib/1.3.1/build/include:/common/software/install/migrated/libgd/2.1.0/include:/common/software/install/migrated/java/openjdk-8_202/include:/common/software/install/migrated/cuda/11.2/include:/common/software/install/migrated/openmpi/el6/3.1.6/gnu-8.2.0-cuda/include:/common/software/install/migrated/java/openjdk-11.0.2/include:/common/software/install/migrated/gcc/8.2.0/include:/common/software/install/migrated/isl/0.19_gcc8.1.0/include:/common/software/install/migrated/mpc/1.1.0_gcc8.1.0/include:/common/software/install/migrated/mpfr/4.0.1_gcc8.1.0/include:/common/software/install/migrated/gmp/6.1.2_gcc8.1.0/include
+++ export CPLUS_INCLUDE_PATH
+++ __MODULES_SHARE_LD_LIBRARY_PATH=/common/software/install/migrated/gcc/8.1.0/lib64:2:/common/software/install/migrated/gcc/7.2.0/lib64:2
+++ export __MODULES_SHARE_LD_LIBRARY_PATH
+++ __MODULES_SHARE_MANPATH=:1
+++ export __MODULES_SHARE_MANPATH
+++ C_INCLUDE_PATH=/common/software/install/migrated/bzip2/1.0.6-gnu6.1.0_PIC/include:/common/software/install/migrated/libtiff/4.0.8/include:/common/software/install/migrated/gcc/8.1.0/include:/common/software/install/migrated/curl/7.59.0_gcc7.2.0/include:/common/software/install/migrated/xz-utils/5.2.3_gcc7.2.0/include:/common/software/install/migrated/pcre/8.42_gcc7.2.0/include:/common/software/install/migrated/gcc/7.2.0/include:/common/software/install/migrated/isl/0.18_gcc7.2.0/include:/common/software/install/migrated/mpc/1.0.3_gcc7.2.0/include:/common/software/install/migrated/mpfr/3.1.6_gcc7.2.0/include:/common/software/install/migrated/gmp/6.1.2_gcc7.2.0/include:/common/software/install/migrated/bzip2/1.0.6-gcc7.2.0/include:/common/software/install/migrated/zlib/1.2.11_gcc7.2.0/include:/home/lmnp/knut0297/software/modules/zlib/1.3.1/build/include:/common/software/install/migrated/libgd/2.1.0/include:/common/software/install/migrated/java/openjdk-8_202/include:/common/software/install/migrated/cuda/11.2/include:/common/software/install/migrated/openmpi/el6/3.1.6/gnu-8.2.0-cuda/include:/common/software/install/migrated/java/openjdk-11.0.2/include:/common/software/install/migrated/gcc/8.2.0/include:/common/software/install/migrated/isl/0.19_gcc8.1.0/include:/common/software/install/migrated/mpc/1.1.0_gcc8.1.0/include:/common/software/install/migrated/mpfr/4.0.1_gcc8.1.0/include:/common/software/install/migrated/gmp/6.1.2_gcc8.1.0/include
+++ export C_INCLUDE_PATH
+++ PATH=/home/lmnp/knut0297/software/modules/samtools/1.9/bin:/common/software/install/migrated/bzip2/1.0.6-gnu6.1.0_PIC/bin:/home/lmnp/knut0297/software/modules/bwa/0.7.17/bin:/common/software/install/migrated/R/3.6.3/bin:/common/software/install/migrated/libtiff/4.0.8/bin:/common/software/install/migrated/gcc/8.1.0/bin:/common/software/install/migrated/curl/7.59.0_gcc7.2.0/bin:/common/software/install/migrated/xz-utils/5.2.3_gcc7.2.0/bin:/common/software/install/migrated/pcre/8.42_gcc7.2.0/bin:/common/software/install/migrated/gcc/7.2.0/bin:/common/software/install/migrated/bzip2/1.0.6-gcc7.2.0/bin:/common/software/install/migrated/riss_util/1.0/bin:/common/software/install/migrated/libgd/2.1.0/bin:/users/3/pier0273/morrell_lab:/home/lmnp/knut0297/software/modules/fastx_toolkit/0.0.14/bin:/common/software/install/migrated/parallel/20190122/bin:/common/software/install/migrated/parallel/20210822/bin:/common/software/install/manual/fastqc/0.12.1:/common/software/install/migrated/java/openjdk-8_202/bin:/users/3/pier0273/bin:/users/3/pier0273/vim/bin:/home/lmnp/knut0297/software/modules/conda/4.4.7-py36_0/bin:/common/software/install/migrated/cuda/11.2/bin:/common/software/install/migrated/openmpi/el6/3.1.6/gnu-8.2.0-cuda/bin:/common/software/install/migrated/java/openjdk-11.0.2/bin:/common/software/install/migrated/gcc/8.2.0/bin:/users/3/pier0273/vim/bin:/opt/msi/bin:/usr/share/Modules/bin:/usr/local/bin:/usr/bin:/usr/local/sbin:/usr/sbin:/opt/puppetlabs/bin:/common/software/install/migrated/amber/amber20/bin
+++ export PATH
+++ test 0
++ _mlstatus=0
++ '[' -n x ']'
++ IFS=' 	
'
++ unset _mlre _mlv _mlrv _mlIFS
++ return 0
++ module load bedtools/2.17.0
++ local _mlredir=1
++ '[' -n '' ']'
++ case " $@ " in
++ '[' 1 -eq 0 ']'
++ _module_raw load bedtools/2.17.0
++ unset _mlre _mlIFS
++ '[' -n x ']'
++ _mlIFS=' 	
'
++ IFS=' '
++ for _mlv in ${MODULES_RUN_QUARANTINE:-}
++ '[' LD_LIBRARY_PATH = LD_LIBRARY_PATH ']'
++ '[' LD_LIBRARY_PATH = LD_LIBRARY_PATH ']'
+++ eval 'echo ${LD_LIBRARY_PATH+x}'
++++ echo x
++ '[' -n x ']'
+++ eval 'echo ${LD_LIBRARY_PATH}'
++++ echo /common/software/install/migrated/bzip2/1.0.6-gnu6.1.0_PIC/lib:/common/software/install/migrated/R/3.6.3/lib64/R/lib:/common/software/install/migrated/R/3.6.3/lib64:/common/software/install/migrated/libtiff/4.0.8/lib:/common/software/install/migrated/curl/7.59.0_gcc7.2.0/lib:/common/software/install/migrated/xz-utils/5.2.3_gcc7.2.0/lib:/common/software/install/migrated/pcre/8.42_gcc7.2.0/lib:/common/software/install/migrated/isl/0.18_gcc7.2.0/lib:/common/software/install/migrated/mpc/1.0.3_gcc7.2.0/lib:/common/software/install/migrated/mpfr/3.1.6_gcc7.2.0/lib:/common/software/install/migrated/gmp/6.1.2_gcc7.2.0/lib:/common/software/install/migrated/bzip2/1.0.6-gcc7.2.0/lib:/common/software/install/migrated/zlib/1.2.11_gcc7.2.0/lib:/home/lmnp/knut0297/software/modules/zlib/1.3.1/build/lib:/common/software/install/migrated/libgd/2.1.0/lib:/common/software/install/migrated/java/openjdk-8_202/lib:/common/software/install/migrated/java/openjdk-8_202/jre/lib/amd64/server:/common/software/install/migrated/cuda/11.2/lib64:/common/software/install/migrated/openmpi/el6/3.1.6/gnu-8.2.0-cuda/lib:/common/software/install/migrated/java/openjdk-11.0.2/lib:/common/software/install/migrated/java/openjdk-11.0.2/lib/jli:/common/software/install/migrated/java/openjdk-11.0.2/lib/server:/common/software/install/migrated/gcc/8.2.0/lib64:/common/software/install/migrated/isl/0.19_gcc8.1.0/lib:/common/software/install/migrated/mpc/1.1.0_gcc8.1.0/lib:/common/software/install/migrated/mpfr/4.0.1_gcc8.1.0/lib:/common/software/install/migrated/gmp/6.1.2_gcc8.1.0/lib:/common/software/install/migrated/gcc/8.1.0/lib64:/common/software/install/migrated/amber/amber20/lib:/common/software/install/migrated/gcc/7.2.0/lib64
++ _mlre='__MODULES_QUAR_LD_LIBRARY_PATH='\''/common/software/install/migrated/bzip2/1.0.6-gnu6.1.0_PIC/lib:/common/software/install/migrated/R/3.6.3/lib64/R/lib:/common/software/install/migrated/R/3.6.3/lib64:/common/software/install/migrated/libtiff/4.0.8/lib:/common/software/install/migrated/curl/7.59.0_gcc7.2.0/lib:/common/software/install/migrated/xz-utils/5.2.3_gcc7.2.0/lib:/common/software/install/migrated/pcre/8.42_gcc7.2.0/lib:/common/software/install/migrated/isl/0.18_gcc7.2.0/lib:/common/software/install/migrated/mpc/1.0.3_gcc7.2.0/lib:/common/software/install/migrated/mpfr/3.1.6_gcc7.2.0/lib:/common/software/install/migrated/gmp/6.1.2_gcc7.2.0/lib:/common/software/install/migrated/bzip2/1.0.6-gcc7.2.0/lib:/common/software/install/migrated/zlib/1.2.11_gcc7.2.0/lib:/home/lmnp/knut0297/software/modules/zlib/1.3.1/build/lib:/common/software/install/migrated/libgd/2.1.0/lib:/common/software/install/migrated/java/openjdk-8_202/lib:/common/software/install/migrated/java/openjdk-8_202/jre/lib/amd64/server:/common/software/install/migrated/cuda/11.2/lib64:/common/software/install/migrated/openmpi/el6/3.1.6/gnu-8.2.0-cuda/lib:/common/software/install/migrated/java/openjdk-11.0.2/lib:/common/software/install/migrated/java/openjdk-11.0.2/lib/jli:/common/software/install/migrated/java/openjdk-11.0.2/lib/server:/common/software/install/migrated/gcc/8.2.0/lib64:/common/software/install/migrated/isl/0.19_gcc8.1.0/lib:/common/software/install/migrated/mpc/1.1.0_gcc8.1.0/lib:/common/software/install/migrated/mpfr/4.0.1_gcc8.1.0/lib:/common/software/install/migrated/gmp/6.1.2_gcc8.1.0/lib:/common/software/install/migrated/gcc/8.1.0/lib64:/common/software/install/migrated/amber/amber20/lib:/common/software/install/migrated/gcc/7.2.0/lib64'\'' '
++ _mlrv=MODULES_RUNENV_LD_LIBRARY_PATH
+++ eval 'echo ${MODULES_RUNENV_LD_LIBRARY_PATH:-}'
++++ echo
++ _mlre='__MODULES_QUAR_LD_LIBRARY_PATH='\''/common/software/install/migrated/bzip2/1.0.6-gnu6.1.0_PIC/lib:/common/software/install/migrated/R/3.6.3/lib64/R/lib:/common/software/install/migrated/R/3.6.3/lib64:/common/software/install/migrated/libtiff/4.0.8/lib:/common/software/install/migrated/curl/7.59.0_gcc7.2.0/lib:/common/software/install/migrated/xz-utils/5.2.3_gcc7.2.0/lib:/common/software/install/migrated/pcre/8.42_gcc7.2.0/lib:/common/software/install/migrated/isl/0.18_gcc7.2.0/lib:/common/software/install/migrated/mpc/1.0.3_gcc7.2.0/lib:/common/software/install/migrated/mpfr/3.1.6_gcc7.2.0/lib:/common/software/install/migrated/gmp/6.1.2_gcc7.2.0/lib:/common/software/install/migrated/bzip2/1.0.6-gcc7.2.0/lib:/common/software/install/migrated/zlib/1.2.11_gcc7.2.0/lib:/home/lmnp/knut0297/software/modules/zlib/1.3.1/build/lib:/common/software/install/migrated/libgd/2.1.0/lib:/common/software/install/migrated/java/openjdk-8_202/lib:/common/software/install/migrated/java/openjdk-8_202/jre/lib/amd64/server:/common/software/install/migrated/cuda/11.2/lib64:/common/software/install/migrated/openmpi/el6/3.1.6/gnu-8.2.0-cuda/lib:/common/software/install/migrated/java/openjdk-11.0.2/lib:/common/software/install/migrated/java/openjdk-11.0.2/lib/jli:/common/software/install/migrated/java/openjdk-11.0.2/lib/server:/common/software/install/migrated/gcc/8.2.0/lib64:/common/software/install/migrated/isl/0.19_gcc8.1.0/lib:/common/software/install/migrated/mpc/1.1.0_gcc8.1.0/lib:/common/software/install/migrated/mpfr/4.0.1_gcc8.1.0/lib:/common/software/install/migrated/gmp/6.1.2_gcc8.1.0/lib:/common/software/install/migrated/gcc/8.1.0/lib64:/common/software/install/migrated/amber/amber20/lib:/common/software/install/migrated/gcc/7.2.0/lib64'\'' LD_LIBRARY_PATH='\'''\'' '
++ for _mlv in ${MODULES_RUN_QUARANTINE:-}
++ '[' LD_PRELOAD = LD_PRELOAD ']'
++ '[' LD_PRELOAD = LD_PRELOAD ']'
+++ eval 'echo ${LD_PRELOAD+x}'
++++ echo
++ '[' -n '' ']'
++ _mlrv=MODULES_RUNENV_LD_PRELOAD
+++ eval 'echo ${MODULES_RUNENV_LD_PRELOAD:-}'
++++ echo
++ _mlre='__MODULES_QUAR_LD_LIBRARY_PATH='\''/common/software/install/migrated/bzip2/1.0.6-gnu6.1.0_PIC/lib:/common/software/install/migrated/R/3.6.3/lib64/R/lib:/common/software/install/migrated/R/3.6.3/lib64:/common/software/install/migrated/libtiff/4.0.8/lib:/common/software/install/migrated/curl/7.59.0_gcc7.2.0/lib:/common/software/install/migrated/xz-utils/5.2.3_gcc7.2.0/lib:/common/software/install/migrated/pcre/8.42_gcc7.2.0/lib:/common/software/install/migrated/isl/0.18_gcc7.2.0/lib:/common/software/install/migrated/mpc/1.0.3_gcc7.2.0/lib:/common/software/install/migrated/mpfr/3.1.6_gcc7.2.0/lib:/common/software/install/migrated/gmp/6.1.2_gcc7.2.0/lib:/common/software/install/migrated/bzip2/1.0.6-gcc7.2.0/lib:/common/software/install/migrated/zlib/1.2.11_gcc7.2.0/lib:/home/lmnp/knut0297/software/modules/zlib/1.3.1/build/lib:/common/software/install/migrated/libgd/2.1.0/lib:/common/software/install/migrated/java/openjdk-8_202/lib:/common/software/install/migrated/java/openjdk-8_202/jre/lib/amd64/server:/common/software/install/migrated/cuda/11.2/lib64:/common/software/install/migrated/openmpi/el6/3.1.6/gnu-8.2.0-cuda/lib:/common/software/install/migrated/java/openjdk-11.0.2/lib:/common/software/install/migrated/java/openjdk-11.0.2/lib/jli:/common/software/install/migrated/java/openjdk-11.0.2/lib/server:/common/software/install/migrated/gcc/8.2.0/lib64:/common/software/install/migrated/isl/0.19_gcc8.1.0/lib:/common/software/install/migrated/mpc/1.1.0_gcc8.1.0/lib:/common/software/install/migrated/mpfr/4.0.1_gcc8.1.0/lib:/common/software/install/migrated/gmp/6.1.2_gcc8.1.0/lib:/common/software/install/migrated/gcc/8.1.0/lib64:/common/software/install/migrated/amber/amber20/lib:/common/software/install/migrated/gcc/7.2.0/lib64'\'' LD_LIBRARY_PATH='\'''\'' LD_PRELOAD='\'''\'' '
++ '[' -n '__MODULES_QUAR_LD_LIBRARY_PATH='\''/common/software/install/migrated/bzip2/1.0.6-gnu6.1.0_PIC/lib:/common/software/install/migrated/R/3.6.3/lib64/R/lib:/common/software/install/migrated/R/3.6.3/lib64:/common/software/install/migrated/libtiff/4.0.8/lib:/common/software/install/migrated/curl/7.59.0_gcc7.2.0/lib:/common/software/install/migrated/xz-utils/5.2.3_gcc7.2.0/lib:/common/software/install/migrated/pcre/8.42_gcc7.2.0/lib:/common/software/install/migrated/isl/0.18_gcc7.2.0/lib:/common/software/install/migrated/mpc/1.0.3_gcc7.2.0/lib:/common/software/install/migrated/mpfr/3.1.6_gcc7.2.0/lib:/common/software/install/migrated/gmp/6.1.2_gcc7.2.0/lib:/common/software/install/migrated/bzip2/1.0.6-gcc7.2.0/lib:/common/software/install/migrated/zlib/1.2.11_gcc7.2.0/lib:/home/lmnp/knut0297/software/modules/zlib/1.3.1/build/lib:/common/software/install/migrated/libgd/2.1.0/lib:/common/software/install/migrated/java/openjdk-8_202/lib:/common/software/install/migrated/java/openjdk-8_202/jre/lib/amd64/server:/common/software/install/migrated/cuda/11.2/lib64:/common/software/install/migrated/openmpi/el6/3.1.6/gnu-8.2.0-cuda/lib:/common/software/install/migrated/java/openjdk-11.0.2/lib:/common/software/install/migrated/java/openjdk-11.0.2/lib/jli:/common/software/install/migrated/java/openjdk-11.0.2/lib/server:/common/software/install/migrated/gcc/8.2.0/lib64:/common/software/install/migrated/isl/0.19_gcc8.1.0/lib:/common/software/install/migrated/mpc/1.1.0_gcc8.1.0/lib:/common/software/install/migrated/mpfr/4.0.1_gcc8.1.0/lib:/common/software/install/migrated/gmp/6.1.2_gcc8.1.0/lib:/common/software/install/migrated/gcc/8.1.0/lib64:/common/software/install/migrated/amber/amber20/lib:/common/software/install/migrated/gcc/7.2.0/lib64'\'' LD_LIBRARY_PATH='\'''\'' LD_PRELOAD='\'''\'' ' ']'
++ _mlre='__MODULES_QUAR_LD_LIBRARY_PATH='\''/common/software/install/migrated/bzip2/1.0.6-gnu6.1.0_PIC/lib:/common/software/install/migrated/R/3.6.3/lib64/R/lib:/common/software/install/migrated/R/3.6.3/lib64:/common/software/install/migrated/libtiff/4.0.8/lib:/common/software/install/migrated/curl/7.59.0_gcc7.2.0/lib:/common/software/install/migrated/xz-utils/5.2.3_gcc7.2.0/lib:/common/software/install/migrated/pcre/8.42_gcc7.2.0/lib:/common/software/install/migrated/isl/0.18_gcc7.2.0/lib:/common/software/install/migrated/mpc/1.0.3_gcc7.2.0/lib:/common/software/install/migrated/mpfr/3.1.6_gcc7.2.0/lib:/common/software/install/migrated/gmp/6.1.2_gcc7.2.0/lib:/common/software/install/migrated/bzip2/1.0.6-gcc7.2.0/lib:/common/software/install/migrated/zlib/1.2.11_gcc7.2.0/lib:/home/lmnp/knut0297/software/modules/zlib/1.3.1/build/lib:/common/software/install/migrated/libgd/2.1.0/lib:/common/software/install/migrated/java/openjdk-8_202/lib:/common/software/install/migrated/java/openjdk-8_202/jre/lib/amd64/server:/common/software/install/migrated/cuda/11.2/lib64:/common/software/install/migrated/openmpi/el6/3.1.6/gnu-8.2.0-cuda/lib:/common/software/install/migrated/java/openjdk-11.0.2/lib:/common/software/install/migrated/java/openjdk-11.0.2/lib/jli:/common/software/install/migrated/java/openjdk-11.0.2/lib/server:/common/software/install/migrated/gcc/8.2.0/lib64:/common/software/install/migrated/isl/0.19_gcc8.1.0/lib:/common/software/install/migrated/mpc/1.1.0_gcc8.1.0/lib:/common/software/install/migrated/mpfr/4.0.1_gcc8.1.0/lib:/common/software/install/migrated/gmp/6.1.2_gcc8.1.0/lib:/common/software/install/migrated/gcc/8.1.0/lib64:/common/software/install/migrated/amber/amber20/lib:/common/software/install/migrated/gcc/7.2.0/lib64'\'' LD_LIBRARY_PATH='\'''\'' LD_PRELOAD='\'''\'' __MODULES_QUARANTINE_SET=1 '
+++ eval '__MODULES_QUAR_LD_LIBRARY_PATH='\''/common/software/install/migrated/bzip2/1.0.6-gnu6.1.0_PIC/lib:/common/software/install/migrated/R/3.6.3/lib64/R/lib:/common/software/install/migrated/R/3.6.3/lib64:/common/software/install/migrated/libtiff/4.0.8/lib:/common/software/install/migrated/curl/7.59.0_gcc7.2.0/lib:/common/software/install/migrated/xz-utils/5.2.3_gcc7.2.0/lib:/common/software/install/migrated/pcre/8.42_gcc7.2.0/lib:/common/software/install/migrated/isl/0.18_gcc7.2.0/lib:/common/software/install/migrated/mpc/1.0.3_gcc7.2.0/lib:/common/software/install/migrated/mpfr/3.1.6_gcc7.2.0/lib:/common/software/install/migrated/gmp/6.1.2_gcc7.2.0/lib:/common/software/install/migrated/bzip2/1.0.6-gcc7.2.0/lib:/common/software/install/migrated/zlib/1.2.11_gcc7.2.0/lib:/home/lmnp/knut0297/software/modules/zlib/1.3.1/build/lib:/common/software/install/migrated/libgd/2.1.0/lib:/common/software/install/migrated/java/openjdk-8_202/lib:/common/software/install/migrated/java/openjdk-8_202/jre/lib/amd64/server:/common/software/install/migrated/cuda/11.2/lib64:/common/software/install/migrated/openmpi/el6/3.1.6/gnu-8.2.0-cuda/lib:/common/software/install/migrated/java/openjdk-11.0.2/lib:/common/software/install/migrated/java/openjdk-11.0.2/lib/jli:/common/software/install/migrated/java/openjdk-11.0.2/lib/server:/common/software/install/migrated/gcc/8.2.0/lib64:/common/software/install/migrated/isl/0.19_gcc8.1.0/lib:/common/software/install/migrated/mpc/1.1.0_gcc8.1.0/lib:/common/software/install/migrated/mpfr/4.0.1_gcc8.1.0/lib:/common/software/install/migrated/gmp/6.1.2_gcc8.1.0/lib:/common/software/install/migrated/gcc/8.1.0/lib64:/common/software/install/migrated/amber/amber20/lib:/common/software/install/migrated/gcc/7.2.0/lib64'\''' 'LD_LIBRARY_PATH='\'''\''' 'LD_PRELOAD='\'''\''' __MODULES_QUARANTINE_SET=1 /usr/bin/tclsh /usr/share/Modules/libexec/modulecmd.tcl bash '"$@"'
++++ __MODULES_QUAR_LD_LIBRARY_PATH=/common/software/install/migrated/bzip2/1.0.6-gnu6.1.0_PIC/lib:/common/software/install/migrated/R/3.6.3/lib64/R/lib:/common/software/install/migrated/R/3.6.3/lib64:/common/software/install/migrated/libtiff/4.0.8/lib:/common/software/install/migrated/curl/7.59.0_gcc7.2.0/lib:/common/software/install/migrated/xz-utils/5.2.3_gcc7.2.0/lib:/common/software/install/migrated/pcre/8.42_gcc7.2.0/lib:/common/software/install/migrated/isl/0.18_gcc7.2.0/lib:/common/software/install/migrated/mpc/1.0.3_gcc7.2.0/lib:/common/software/install/migrated/mpfr/3.1.6_gcc7.2.0/lib:/common/software/install/migrated/gmp/6.1.2_gcc7.2.0/lib:/common/software/install/migrated/bzip2/1.0.6-gcc7.2.0/lib:/common/software/install/migrated/zlib/1.2.11_gcc7.2.0/lib:/home/lmnp/knut0297/software/modules/zlib/1.3.1/build/lib:/common/software/install/migrated/libgd/2.1.0/lib:/common/software/install/migrated/java/openjdk-8_202/lib:/common/software/install/migrated/java/openjdk-8_202/jre/lib/amd64/server:/common/software/install/migrated/cuda/11.2/lib64:/common/software/install/migrated/openmpi/el6/3.1.6/gnu-8.2.0-cuda/lib:/common/software/install/migrated/java/openjdk-11.0.2/lib:/common/software/install/migrated/java/openjdk-11.0.2/lib/jli:/common/software/install/migrated/java/openjdk-11.0.2/lib/server:/common/software/install/migrated/gcc/8.2.0/lib64:/common/software/install/migrated/isl/0.19_gcc8.1.0/lib:/common/software/install/migrated/mpc/1.1.0_gcc8.1.0/lib:/common/software/install/migrated/mpfr/4.0.1_gcc8.1.0/lib:/common/software/install/migrated/gmp/6.1.2_gcc8.1.0/lib:/common/software/install/migrated/gcc/8.1.0/lib64:/common/software/install/migrated/amber/amber20/lib:/common/software/install/migrated/gcc/7.2.0/lib64
++++ LD_LIBRARY_PATH=
++++ LD_PRELOAD=
++++ __MODULES_QUARANTINE_SET=1
++++ /usr/bin/tclsh /usr/share/Modules/libexec/modulecmd.tcl bash load bedtools/2.17.0
++ eval 'PATH=/common/software/install/migrated/bedtools/2.17.0/bin:/home/lmnp/knut0297/software/modules/samtools/1.9/bin:/common/software/install/migrated/bzip2/1.0.6-gnu6.1.0_PIC/bin:/home/lmnp/knut0297/software/modules/bwa/0.7.17/bin:/common/software/install/migrated/R/3.6.3/bin:/common/software/install/migrated/libtiff/4.0.8/bin:/common/software/install/migrated/gcc/8.1.0/bin:/common/software/install/migrated/curl/7.59.0_gcc7.2.0/bin:/common/software/install/migrated/xz-utils/5.2.3_gcc7.2.0/bin:/common/software/install/migrated/pcre/8.42_gcc7.2.0/bin:/common/software/install/migrated/gcc/7.2.0/bin:/common/software/install/migrated/bzip2/1.0.6-gcc7.2.0/bin:/common/software/install/migrated/riss_util/1.0/bin:/common/software/install/migrated/libgd/2.1.0/bin:/users/3/pier0273/morrell_lab:/home/lmnp/knut0297/software/modules/fastx_toolkit/0.0.14/bin:/common/software/install/migrated/parallel/20190122/bin:/common/software/install/migrated/parallel/20210822/bin:/common/software/install/manual/fastqc/0.12.1:/common/software/install/migrated/java/openjdk-8_202/bin:/users/3/pier0273/bin:/users/3/pier0273/vim/bin:/home/lmnp/knut0297/software/modules/conda/4.4.7-py36_0/bin:/common/software/install/migrated/cuda/11.2/bin:/common/software/install/migrated/openmpi/el6/3.1.6/gnu-8.2.0-cuda/bin:/common/software/install/migrated/java/openjdk-11.0.2/bin:/common/software/install/migrated/gcc/8.2.0/bin:/users/3/pier0273/vim/bin:/opt/msi/bin:/usr/share/Modules/bin:/usr/local/bin:/usr/bin:/usr/local/sbin:/usr/sbin:/opt/puppetlabs/bin:/common/software/install/migrated/amber/amber20/bin; export PATH;
_LMFILES_=/common/software/modulefiles/migrated/common/gmp/6.1.2_gcc8.1.0:/common/software/modulefiles/migrated/common/mpfr/4.0.1_gcc8.1.0:/common/software/modulefiles/migrated/common/mpc/1.1.0_gcc8.1.0:/common/software/modulefiles/migrated/common/isl/0.19_gcc8.1.0:/common/software/modulefiles/migrated/hpc/gcc/8.2.0:/common/software/modulefiles/migrated/common/java/openjdk-11.0.2:/common/software/modulefiles/migrated/hpc/ompi/3.1.6/gnu-8.2.0-cuda:/common/software/modulefiles/migrated/hpc/cuda/11.2:/common/software/modulefiles/migrated/hpc/amber/20:/home/lmnp/knut0297/software/modulesfiles/conda/4.4.7-py36_0:/common/software/modulefiles/migrated/common/java/openjdk-8_202:/common/software/modulefiles/manual/common/fastqc/0.12.1:/common/software/modulefiles/migrated/common/parallel/20210822:/common/software/modulefiles/migrated/common/parallel/20190122:/home/lmnp/knut0297/software/modulesfiles/libgtextutils/0.6:/home/lmnp/knut0297/software/modulesfiles/fastx_toolkit/0.0.14:/common/software/modulefiles/migrated/hpc/libgd/2.1.0:/home/lmnp/knut0297/software/modulesfiles/zlib/1.3.1:/common/software/modulefiles/migrated/common/riss_util/1.0:/common/software/modulefiles/migrated/common/zlib/1.2.11_gcc7.2.0:/common/software/modulefiles/migrated/common/bzip2/1.0.6-gnu7.2.0_PIC:/common/software/modulefiles/migrated/common/gmp/6.1.2_gcc7.2.0:/common/software/modulefiles/migrated/common/mpfr/3.1.6_gcc7.2.0:/common/software/modulefiles/migrated/common/mpc/1.0.3_gcc7.2.0:/common/software/modulefiles/migrated/common/isl/0.18_gcc7.2.0:/common/software/modulefiles/migrated/common/gcc/7.2.0:/common/software/modulefiles/migrated/common/pcre/8.42_gcc7.2.0:/common/software/modulefiles/migrated/common/xz-utils/5.2.3_gcc7.2.0:/common/software/modulefiles/migrated/common/curl/7.59.0_gcc7.2.0:/common/software/modulefiles/migrated/common/gcc/8.1.0:/common/software/modulefiles/migrated/common/libtiff/4.0.8:/common/software/modulefiles/migrated/common/R/3.6.3:/home/lmnp/knut0297/software/modulesfiles/bwa/0.7.17:/common/software/modulefiles/migrated/common/bzip2/1.0.6-gnu6.1.0_PIC:/home/lmnp/knut0297/software/modulesfiles/samtools/1.9:/common/software/modulefiles/migrated/common/bedtools/2.17.0; export _LMFILES_;
LOADEDMODULES=gmp/6.1.2_gcc8.1.0:mpfr/4.0.1_gcc8.1.0:mpc/1.1.0_gcc8.1.0:isl/0.19_gcc8.1.0:gcc/8.2.0:java/openjdk-11.0.2:ompi/3.1.6/gnu-8.2.0-cuda:cuda/11.2:amber/20:conda/4.4.7-py36_0:java/openjdk-8_202:fastqc/0.12.1:parallel/20210822:parallel/20190122:/home/lmnp/knut0297/software/modulesfiles/libgtextutils/0.6:fastx_toolkit/0.0.14:libgd/2.1.0:zlib/1.3.1:riss_util/1.0:zlib/1.2.11_gcc7.2.0:bzip2/1.0.6-gnu7.2.0_PIC:gmp/6.1.2_gcc7.2.0:mpfr/3.1.6_gcc7.2.0:mpc/1.0.3_gcc7.2.0:isl/0.18_gcc7.2.0:gcc/7.2.0:pcre/8.42_gcc7.2.0:xz-utils/5.2.3_gcc7.2.0:curl/7.59.0_gcc7.2.0:gcc/8.1.0:libtiff/4.0.8:R/3.6.3:bwa/0.7.17:bzip2/1.0.6-gnu6.1.0_PIC:samtools/1.9:bedtools/2.17.0; export LOADEDMODULES;
test 0;'
+++ PATH=/common/software/install/migrated/bedtools/2.17.0/bin:/home/lmnp/knut0297/software/modules/samtools/1.9/bin:/common/software/install/migrated/bzip2/1.0.6-gnu6.1.0_PIC/bin:/home/lmnp/knut0297/software/modules/bwa/0.7.17/bin:/common/software/install/migrated/R/3.6.3/bin:/common/software/install/migrated/libtiff/4.0.8/bin:/common/software/install/migrated/gcc/8.1.0/bin:/common/software/install/migrated/curl/7.59.0_gcc7.2.0/bin:/common/software/install/migrated/xz-utils/5.2.3_gcc7.2.0/bin:/common/software/install/migrated/pcre/8.42_gcc7.2.0/bin:/common/software/install/migrated/gcc/7.2.0/bin:/common/software/install/migrated/bzip2/1.0.6-gcc7.2.0/bin:/common/software/install/migrated/riss_util/1.0/bin:/common/software/install/migrated/libgd/2.1.0/bin:/users/3/pier0273/morrell_lab:/home/lmnp/knut0297/software/modules/fastx_toolkit/0.0.14/bin:/common/software/install/migrated/parallel/20190122/bin:/common/software/install/migrated/parallel/20210822/bin:/common/software/install/manual/fastqc/0.12.1:/common/software/install/migrated/java/openjdk-8_202/bin:/users/3/pier0273/bin:/users/3/pier0273/vim/bin:/home/lmnp/knut0297/software/modules/conda/4.4.7-py36_0/bin:/common/software/install/migrated/cuda/11.2/bin:/common/software/install/migrated/openmpi/el6/3.1.6/gnu-8.2.0-cuda/bin:/common/software/install/migrated/java/openjdk-11.0.2/bin:/common/software/install/migrated/gcc/8.2.0/bin:/users/3/pier0273/vim/bin:/opt/msi/bin:/usr/share/Modules/bin:/usr/local/bin:/usr/bin:/usr/local/sbin:/usr/sbin:/opt/puppetlabs/bin:/common/software/install/migrated/amber/amber20/bin
+++ export PATH
+++ _LMFILES_=/common/software/modulefiles/migrated/common/gmp/6.1.2_gcc8.1.0:/common/software/modulefiles/migrated/common/mpfr/4.0.1_gcc8.1.0:/common/software/modulefiles/migrated/common/mpc/1.1.0_gcc8.1.0:/common/software/modulefiles/migrated/common/isl/0.19_gcc8.1.0:/common/software/modulefiles/migrated/hpc/gcc/8.2.0:/common/software/modulefiles/migrated/common/java/openjdk-11.0.2:/common/software/modulefiles/migrated/hpc/ompi/3.1.6/gnu-8.2.0-cuda:/common/software/modulefiles/migrated/hpc/cuda/11.2:/common/software/modulefiles/migrated/hpc/amber/20:/home/lmnp/knut0297/software/modulesfiles/conda/4.4.7-py36_0:/common/software/modulefiles/migrated/common/java/openjdk-8_202:/common/software/modulefiles/manual/common/fastqc/0.12.1:/common/software/modulefiles/migrated/common/parallel/20210822:/common/software/modulefiles/migrated/common/parallel/20190122:/home/lmnp/knut0297/software/modulesfiles/libgtextutils/0.6:/home/lmnp/knut0297/software/modulesfiles/fastx_toolkit/0.0.14:/common/software/modulefiles/migrated/hpc/libgd/2.1.0:/home/lmnp/knut0297/software/modulesfiles/zlib/1.3.1:/common/software/modulefiles/migrated/common/riss_util/1.0:/common/software/modulefiles/migrated/common/zlib/1.2.11_gcc7.2.0:/common/software/modulefiles/migrated/common/bzip2/1.0.6-gnu7.2.0_PIC:/common/software/modulefiles/migrated/common/gmp/6.1.2_gcc7.2.0:/common/software/modulefiles/migrated/common/mpfr/3.1.6_gcc7.2.0:/common/software/modulefiles/migrated/common/mpc/1.0.3_gcc7.2.0:/common/software/modulefiles/migrated/common/isl/0.18_gcc7.2.0:/common/software/modulefiles/migrated/common/gcc/7.2.0:/common/software/modulefiles/migrated/common/pcre/8.42_gcc7.2.0:/common/software/modulefiles/migrated/common/xz-utils/5.2.3_gcc7.2.0:/common/software/modulefiles/migrated/common/curl/7.59.0_gcc7.2.0:/common/software/modulefiles/migrated/common/gcc/8.1.0:/common/software/modulefiles/migrated/common/libtiff/4.0.8:/common/software/modulefiles/migrated/common/R/3.6.3:/home/lmnp/knut0297/software/modulesfiles/bwa/0.7.17:/common/software/modulefiles/migrated/common/bzip2/1.0.6-gnu6.1.0_PIC:/home/lmnp/knut0297/software/modulesfiles/samtools/1.9:/common/software/modulefiles/migrated/common/bedtools/2.17.0
+++ export _LMFILES_
+++ LOADEDMODULES=gmp/6.1.2_gcc8.1.0:mpfr/4.0.1_gcc8.1.0:mpc/1.1.0_gcc8.1.0:isl/0.19_gcc8.1.0:gcc/8.2.0:java/openjdk-11.0.2:ompi/3.1.6/gnu-8.2.0-cuda:cuda/11.2:amber/20:conda/4.4.7-py36_0:java/openjdk-8_202:fastqc/0.12.1:parallel/20210822:parallel/20190122:/home/lmnp/knut0297/software/modulesfiles/libgtextutils/0.6:fastx_toolkit/0.0.14:libgd/2.1.0:zlib/1.3.1:riss_util/1.0:zlib/1.2.11_gcc7.2.0:bzip2/1.0.6-gnu7.2.0_PIC:gmp/6.1.2_gcc7.2.0:mpfr/3.1.6_gcc7.2.0:mpc/1.0.3_gcc7.2.0:isl/0.18_gcc7.2.0:gcc/7.2.0:pcre/8.42_gcc7.2.0:xz-utils/5.2.3_gcc7.2.0:curl/7.59.0_gcc7.2.0:gcc/8.1.0:libtiff/4.0.8:R/3.6.3:bwa/0.7.17:bzip2/1.0.6-gnu6.1.0_PIC:samtools/1.9:bedtools/2.17.0
+++ export LOADEDMODULES
+++ test 0
++ _mlstatus=0
++ '[' -n x ']'
++ IFS=' 	
'
++ unset _mlre _mlv _mlrv _mlIFS
++ return 0
++ module load htslib/1.9
++ local _mlredir=1
++ '[' -n '' ']'
++ case " $@ " in
++ '[' 1 -eq 0 ']'
++ _module_raw load htslib/1.9
++ unset _mlre _mlIFS
++ '[' -n x ']'
++ _mlIFS=' 	
'
++ IFS=' '
++ for _mlv in ${MODULES_RUN_QUARANTINE:-}
++ '[' LD_LIBRARY_PATH = LD_LIBRARY_PATH ']'
++ '[' LD_LIBRARY_PATH = LD_LIBRARY_PATH ']'
+++ eval 'echo ${LD_LIBRARY_PATH+x}'
++++ echo x
++ '[' -n x ']'
+++ eval 'echo ${LD_LIBRARY_PATH}'
++++ echo /common/software/install/migrated/bzip2/1.0.6-gnu6.1.0_PIC/lib:/common/software/install/migrated/R/3.6.3/lib64/R/lib:/common/software/install/migrated/R/3.6.3/lib64:/common/software/install/migrated/libtiff/4.0.8/lib:/common/software/install/migrated/curl/7.59.0_gcc7.2.0/lib:/common/software/install/migrated/xz-utils/5.2.3_gcc7.2.0/lib:/common/software/install/migrated/pcre/8.42_gcc7.2.0/lib:/common/software/install/migrated/isl/0.18_gcc7.2.0/lib:/common/software/install/migrated/mpc/1.0.3_gcc7.2.0/lib:/common/software/install/migrated/mpfr/3.1.6_gcc7.2.0/lib:/common/software/install/migrated/gmp/6.1.2_gcc7.2.0/lib:/common/software/install/migrated/bzip2/1.0.6-gcc7.2.0/lib:/common/software/install/migrated/zlib/1.2.11_gcc7.2.0/lib:/home/lmnp/knut0297/software/modules/zlib/1.3.1/build/lib:/common/software/install/migrated/libgd/2.1.0/lib:/common/software/install/migrated/java/openjdk-8_202/lib:/common/software/install/migrated/java/openjdk-8_202/jre/lib/amd64/server:/common/software/install/migrated/cuda/11.2/lib64:/common/software/install/migrated/openmpi/el6/3.1.6/gnu-8.2.0-cuda/lib:/common/software/install/migrated/java/openjdk-11.0.2/lib:/common/software/install/migrated/java/openjdk-11.0.2/lib/jli:/common/software/install/migrated/java/openjdk-11.0.2/lib/server:/common/software/install/migrated/gcc/8.2.0/lib64:/common/software/install/migrated/isl/0.19_gcc8.1.0/lib:/common/software/install/migrated/mpc/1.1.0_gcc8.1.0/lib:/common/software/install/migrated/mpfr/4.0.1_gcc8.1.0/lib:/common/software/install/migrated/gmp/6.1.2_gcc8.1.0/lib:/common/software/install/migrated/gcc/8.1.0/lib64:/common/software/install/migrated/amber/amber20/lib:/common/software/install/migrated/gcc/7.2.0/lib64
++ _mlre='__MODULES_QUAR_LD_LIBRARY_PATH='\''/common/software/install/migrated/bzip2/1.0.6-gnu6.1.0_PIC/lib:/common/software/install/migrated/R/3.6.3/lib64/R/lib:/common/software/install/migrated/R/3.6.3/lib64:/common/software/install/migrated/libtiff/4.0.8/lib:/common/software/install/migrated/curl/7.59.0_gcc7.2.0/lib:/common/software/install/migrated/xz-utils/5.2.3_gcc7.2.0/lib:/common/software/install/migrated/pcre/8.42_gcc7.2.0/lib:/common/software/install/migrated/isl/0.18_gcc7.2.0/lib:/common/software/install/migrated/mpc/1.0.3_gcc7.2.0/lib:/common/software/install/migrated/mpfr/3.1.6_gcc7.2.0/lib:/common/software/install/migrated/gmp/6.1.2_gcc7.2.0/lib:/common/software/install/migrated/bzip2/1.0.6-gcc7.2.0/lib:/common/software/install/migrated/zlib/1.2.11_gcc7.2.0/lib:/home/lmnp/knut0297/software/modules/zlib/1.3.1/build/lib:/common/software/install/migrated/libgd/2.1.0/lib:/common/software/install/migrated/java/openjdk-8_202/lib:/common/software/install/migrated/java/openjdk-8_202/jre/lib/amd64/server:/common/software/install/migrated/cuda/11.2/lib64:/common/software/install/migrated/openmpi/el6/3.1.6/gnu-8.2.0-cuda/lib:/common/software/install/migrated/java/openjdk-11.0.2/lib:/common/software/install/migrated/java/openjdk-11.0.2/lib/jli:/common/software/install/migrated/java/openjdk-11.0.2/lib/server:/common/software/install/migrated/gcc/8.2.0/lib64:/common/software/install/migrated/isl/0.19_gcc8.1.0/lib:/common/software/install/migrated/mpc/1.1.0_gcc8.1.0/lib:/common/software/install/migrated/mpfr/4.0.1_gcc8.1.0/lib:/common/software/install/migrated/gmp/6.1.2_gcc8.1.0/lib:/common/software/install/migrated/gcc/8.1.0/lib64:/common/software/install/migrated/amber/amber20/lib:/common/software/install/migrated/gcc/7.2.0/lib64'\'' '
++ _mlrv=MODULES_RUNENV_LD_LIBRARY_PATH
+++ eval 'echo ${MODULES_RUNENV_LD_LIBRARY_PATH:-}'
++++ echo
++ _mlre='__MODULES_QUAR_LD_LIBRARY_PATH='\''/common/software/install/migrated/bzip2/1.0.6-gnu6.1.0_PIC/lib:/common/software/install/migrated/R/3.6.3/lib64/R/lib:/common/software/install/migrated/R/3.6.3/lib64:/common/software/install/migrated/libtiff/4.0.8/lib:/common/software/install/migrated/curl/7.59.0_gcc7.2.0/lib:/common/software/install/migrated/xz-utils/5.2.3_gcc7.2.0/lib:/common/software/install/migrated/pcre/8.42_gcc7.2.0/lib:/common/software/install/migrated/isl/0.18_gcc7.2.0/lib:/common/software/install/migrated/mpc/1.0.3_gcc7.2.0/lib:/common/software/install/migrated/mpfr/3.1.6_gcc7.2.0/lib:/common/software/install/migrated/gmp/6.1.2_gcc7.2.0/lib:/common/software/install/migrated/bzip2/1.0.6-gcc7.2.0/lib:/common/software/install/migrated/zlib/1.2.11_gcc7.2.0/lib:/home/lmnp/knut0297/software/modules/zlib/1.3.1/build/lib:/common/software/install/migrated/libgd/2.1.0/lib:/common/software/install/migrated/java/openjdk-8_202/lib:/common/software/install/migrated/java/openjdk-8_202/jre/lib/amd64/server:/common/software/install/migrated/cuda/11.2/lib64:/common/software/install/migrated/openmpi/el6/3.1.6/gnu-8.2.0-cuda/lib:/common/software/install/migrated/java/openjdk-11.0.2/lib:/common/software/install/migrated/java/openjdk-11.0.2/lib/jli:/common/software/install/migrated/java/openjdk-11.0.2/lib/server:/common/software/install/migrated/gcc/8.2.0/lib64:/common/software/install/migrated/isl/0.19_gcc8.1.0/lib:/common/software/install/migrated/mpc/1.1.0_gcc8.1.0/lib:/common/software/install/migrated/mpfr/4.0.1_gcc8.1.0/lib:/common/software/install/migrated/gmp/6.1.2_gcc8.1.0/lib:/common/software/install/migrated/gcc/8.1.0/lib64:/common/software/install/migrated/amber/amber20/lib:/common/software/install/migrated/gcc/7.2.0/lib64'\'' LD_LIBRARY_PATH='\'''\'' '
++ for _mlv in ${MODULES_RUN_QUARANTINE:-}
++ '[' LD_PRELOAD = LD_PRELOAD ']'
++ '[' LD_PRELOAD = LD_PRELOAD ']'
+++ eval 'echo ${LD_PRELOAD+x}'
++++ echo
++ '[' -n '' ']'
++ _mlrv=MODULES_RUNENV_LD_PRELOAD
+++ eval 'echo ${MODULES_RUNENV_LD_PRELOAD:-}'
++++ echo
++ _mlre='__MODULES_QUAR_LD_LIBRARY_PATH='\''/common/software/install/migrated/bzip2/1.0.6-gnu6.1.0_PIC/lib:/common/software/install/migrated/R/3.6.3/lib64/R/lib:/common/software/install/migrated/R/3.6.3/lib64:/common/software/install/migrated/libtiff/4.0.8/lib:/common/software/install/migrated/curl/7.59.0_gcc7.2.0/lib:/common/software/install/migrated/xz-utils/5.2.3_gcc7.2.0/lib:/common/software/install/migrated/pcre/8.42_gcc7.2.0/lib:/common/software/install/migrated/isl/0.18_gcc7.2.0/lib:/common/software/install/migrated/mpc/1.0.3_gcc7.2.0/lib:/common/software/install/migrated/mpfr/3.1.6_gcc7.2.0/lib:/common/software/install/migrated/gmp/6.1.2_gcc7.2.0/lib:/common/software/install/migrated/bzip2/1.0.6-gcc7.2.0/lib:/common/software/install/migrated/zlib/1.2.11_gcc7.2.0/lib:/home/lmnp/knut0297/software/modules/zlib/1.3.1/build/lib:/common/software/install/migrated/libgd/2.1.0/lib:/common/software/install/migrated/java/openjdk-8_202/lib:/common/software/install/migrated/java/openjdk-8_202/jre/lib/amd64/server:/common/software/install/migrated/cuda/11.2/lib64:/common/software/install/migrated/openmpi/el6/3.1.6/gnu-8.2.0-cuda/lib:/common/software/install/migrated/java/openjdk-11.0.2/lib:/common/software/install/migrated/java/openjdk-11.0.2/lib/jli:/common/software/install/migrated/java/openjdk-11.0.2/lib/server:/common/software/install/migrated/gcc/8.2.0/lib64:/common/software/install/migrated/isl/0.19_gcc8.1.0/lib:/common/software/install/migrated/mpc/1.1.0_gcc8.1.0/lib:/common/software/install/migrated/mpfr/4.0.1_gcc8.1.0/lib:/common/software/install/migrated/gmp/6.1.2_gcc8.1.0/lib:/common/software/install/migrated/gcc/8.1.0/lib64:/common/software/install/migrated/amber/amber20/lib:/common/software/install/migrated/gcc/7.2.0/lib64'\'' LD_LIBRARY_PATH='\'''\'' LD_PRELOAD='\'''\'' '
++ '[' -n '__MODULES_QUAR_LD_LIBRARY_PATH='\''/common/software/install/migrated/bzip2/1.0.6-gnu6.1.0_PIC/lib:/common/software/install/migrated/R/3.6.3/lib64/R/lib:/common/software/install/migrated/R/3.6.3/lib64:/common/software/install/migrated/libtiff/4.0.8/lib:/common/software/install/migrated/curl/7.59.0_gcc7.2.0/lib:/common/software/install/migrated/xz-utils/5.2.3_gcc7.2.0/lib:/common/software/install/migrated/pcre/8.42_gcc7.2.0/lib:/common/software/install/migrated/isl/0.18_gcc7.2.0/lib:/common/software/install/migrated/mpc/1.0.3_gcc7.2.0/lib:/common/software/install/migrated/mpfr/3.1.6_gcc7.2.0/lib:/common/software/install/migrated/gmp/6.1.2_gcc7.2.0/lib:/common/software/install/migrated/bzip2/1.0.6-gcc7.2.0/lib:/common/software/install/migrated/zlib/1.2.11_gcc7.2.0/lib:/home/lmnp/knut0297/software/modules/zlib/1.3.1/build/lib:/common/software/install/migrated/libgd/2.1.0/lib:/common/software/install/migrated/java/openjdk-8_202/lib:/common/software/install/migrated/java/openjdk-8_202/jre/lib/amd64/server:/common/software/install/migrated/cuda/11.2/lib64:/common/software/install/migrated/openmpi/el6/3.1.6/gnu-8.2.0-cuda/lib:/common/software/install/migrated/java/openjdk-11.0.2/lib:/common/software/install/migrated/java/openjdk-11.0.2/lib/jli:/common/software/install/migrated/java/openjdk-11.0.2/lib/server:/common/software/install/migrated/gcc/8.2.0/lib64:/common/software/install/migrated/isl/0.19_gcc8.1.0/lib:/common/software/install/migrated/mpc/1.1.0_gcc8.1.0/lib:/common/software/install/migrated/mpfr/4.0.1_gcc8.1.0/lib:/common/software/install/migrated/gmp/6.1.2_gcc8.1.0/lib:/common/software/install/migrated/gcc/8.1.0/lib64:/common/software/install/migrated/amber/amber20/lib:/common/software/install/migrated/gcc/7.2.0/lib64'\'' LD_LIBRARY_PATH='\'''\'' LD_PRELOAD='\'''\'' ' ']'
++ _mlre='__MODULES_QUAR_LD_LIBRARY_PATH='\''/common/software/install/migrated/bzip2/1.0.6-gnu6.1.0_PIC/lib:/common/software/install/migrated/R/3.6.3/lib64/R/lib:/common/software/install/migrated/R/3.6.3/lib64:/common/software/install/migrated/libtiff/4.0.8/lib:/common/software/install/migrated/curl/7.59.0_gcc7.2.0/lib:/common/software/install/migrated/xz-utils/5.2.3_gcc7.2.0/lib:/common/software/install/migrated/pcre/8.42_gcc7.2.0/lib:/common/software/install/migrated/isl/0.18_gcc7.2.0/lib:/common/software/install/migrated/mpc/1.0.3_gcc7.2.0/lib:/common/software/install/migrated/mpfr/3.1.6_gcc7.2.0/lib:/common/software/install/migrated/gmp/6.1.2_gcc7.2.0/lib:/common/software/install/migrated/bzip2/1.0.6-gcc7.2.0/lib:/common/software/install/migrated/zlib/1.2.11_gcc7.2.0/lib:/home/lmnp/knut0297/software/modules/zlib/1.3.1/build/lib:/common/software/install/migrated/libgd/2.1.0/lib:/common/software/install/migrated/java/openjdk-8_202/lib:/common/software/install/migrated/java/openjdk-8_202/jre/lib/amd64/server:/common/software/install/migrated/cuda/11.2/lib64:/common/software/install/migrated/openmpi/el6/3.1.6/gnu-8.2.0-cuda/lib:/common/software/install/migrated/java/openjdk-11.0.2/lib:/common/software/install/migrated/java/openjdk-11.0.2/lib/jli:/common/software/install/migrated/java/openjdk-11.0.2/lib/server:/common/software/install/migrated/gcc/8.2.0/lib64:/common/software/install/migrated/isl/0.19_gcc8.1.0/lib:/common/software/install/migrated/mpc/1.1.0_gcc8.1.0/lib:/common/software/install/migrated/mpfr/4.0.1_gcc8.1.0/lib:/common/software/install/migrated/gmp/6.1.2_gcc8.1.0/lib:/common/software/install/migrated/gcc/8.1.0/lib64:/common/software/install/migrated/amber/amber20/lib:/common/software/install/migrated/gcc/7.2.0/lib64'\'' LD_LIBRARY_PATH='\'''\'' LD_PRELOAD='\'''\'' __MODULES_QUARANTINE_SET=1 '
+++ eval '__MODULES_QUAR_LD_LIBRARY_PATH='\''/common/software/install/migrated/bzip2/1.0.6-gnu6.1.0_PIC/lib:/common/software/install/migrated/R/3.6.3/lib64/R/lib:/common/software/install/migrated/R/3.6.3/lib64:/common/software/install/migrated/libtiff/4.0.8/lib:/common/software/install/migrated/curl/7.59.0_gcc7.2.0/lib:/common/software/install/migrated/xz-utils/5.2.3_gcc7.2.0/lib:/common/software/install/migrated/pcre/8.42_gcc7.2.0/lib:/common/software/install/migrated/isl/0.18_gcc7.2.0/lib:/common/software/install/migrated/mpc/1.0.3_gcc7.2.0/lib:/common/software/install/migrated/mpfr/3.1.6_gcc7.2.0/lib:/common/software/install/migrated/gmp/6.1.2_gcc7.2.0/lib:/common/software/install/migrated/bzip2/1.0.6-gcc7.2.0/lib:/common/software/install/migrated/zlib/1.2.11_gcc7.2.0/lib:/home/lmnp/knut0297/software/modules/zlib/1.3.1/build/lib:/common/software/install/migrated/libgd/2.1.0/lib:/common/software/install/migrated/java/openjdk-8_202/lib:/common/software/install/migrated/java/openjdk-8_202/jre/lib/amd64/server:/common/software/install/migrated/cuda/11.2/lib64:/common/software/install/migrated/openmpi/el6/3.1.6/gnu-8.2.0-cuda/lib:/common/software/install/migrated/java/openjdk-11.0.2/lib:/common/software/install/migrated/java/openjdk-11.0.2/lib/jli:/common/software/install/migrated/java/openjdk-11.0.2/lib/server:/common/software/install/migrated/gcc/8.2.0/lib64:/common/software/install/migrated/isl/0.19_gcc8.1.0/lib:/common/software/install/migrated/mpc/1.1.0_gcc8.1.0/lib:/common/software/install/migrated/mpfr/4.0.1_gcc8.1.0/lib:/common/software/install/migrated/gmp/6.1.2_gcc8.1.0/lib:/common/software/install/migrated/gcc/8.1.0/lib64:/common/software/install/migrated/amber/amber20/lib:/common/software/install/migrated/gcc/7.2.0/lib64'\''' 'LD_LIBRARY_PATH='\'''\''' 'LD_PRELOAD='\'''\''' __MODULES_QUARANTINE_SET=1 /usr/bin/tclsh /usr/share/Modules/libexec/modulecmd.tcl bash '"$@"'
++++ __MODULES_QUAR_LD_LIBRARY_PATH=/common/software/install/migrated/bzip2/1.0.6-gnu6.1.0_PIC/lib:/common/software/install/migrated/R/3.6.3/lib64/R/lib:/common/software/install/migrated/R/3.6.3/lib64:/common/software/install/migrated/libtiff/4.0.8/lib:/common/software/install/migrated/curl/7.59.0_gcc7.2.0/lib:/common/software/install/migrated/xz-utils/5.2.3_gcc7.2.0/lib:/common/software/install/migrated/pcre/8.42_gcc7.2.0/lib:/common/software/install/migrated/isl/0.18_gcc7.2.0/lib:/common/software/install/migrated/mpc/1.0.3_gcc7.2.0/lib:/common/software/install/migrated/mpfr/3.1.6_gcc7.2.0/lib:/common/software/install/migrated/gmp/6.1.2_gcc7.2.0/lib:/common/software/install/migrated/bzip2/1.0.6-gcc7.2.0/lib:/common/software/install/migrated/zlib/1.2.11_gcc7.2.0/lib:/home/lmnp/knut0297/software/modules/zlib/1.3.1/build/lib:/common/software/install/migrated/libgd/2.1.0/lib:/common/software/install/migrated/java/openjdk-8_202/lib:/common/software/install/migrated/java/openjdk-8_202/jre/lib/amd64/server:/common/software/install/migrated/cuda/11.2/lib64:/common/software/install/migrated/openmpi/el6/3.1.6/gnu-8.2.0-cuda/lib:/common/software/install/migrated/java/openjdk-11.0.2/lib:/common/software/install/migrated/java/openjdk-11.0.2/lib/jli:/common/software/install/migrated/java/openjdk-11.0.2/lib/server:/common/software/install/migrated/gcc/8.2.0/lib64:/common/software/install/migrated/isl/0.19_gcc8.1.0/lib:/common/software/install/migrated/mpc/1.1.0_gcc8.1.0/lib:/common/software/install/migrated/mpfr/4.0.1_gcc8.1.0/lib:/common/software/install/migrated/gmp/6.1.2_gcc8.1.0/lib:/common/software/install/migrated/gcc/8.1.0/lib64:/common/software/install/migrated/amber/amber20/lib:/common/software/install/migrated/gcc/7.2.0/lib64
++++ LD_LIBRARY_PATH=
++++ LD_PRELOAD=
++++ __MODULES_QUARANTINE_SET=1
++++ /usr/bin/tclsh /usr/share/Modules/libexec/modulecmd.tcl bash load htslib/1.9
++ eval 'LD_LIBRARY_PATH=/common/software/install/migrated/htslib/1.9_gcc-7.2.0_haswell/lib:/common/software/install/migrated/xz-utils/5.2.2_gcc6.1.0/lib:/common/software/install/migrated/isl/0.16.1_gcc6.1.0/lib:/common/software/install/migrated/mpc/1.0.3_gcc6.1.0/lib:/common/software/install/migrated/mpfr/3.1.4-p1_gcc6.1.0/lib:/common/software/install/migrated/gmp/6.1.0_gcc6.1.0/lib:/common/software/install/migrated/bzip2/1.0.6-gnu6.1.0_PIC/lib:/common/software/install/migrated/R/3.6.3/lib64/R/lib:/common/software/install/migrated/R/3.6.3/lib64:/common/software/install/migrated/libtiff/4.0.8/lib:/common/software/install/migrated/curl/7.59.0_gcc7.2.0/lib:/common/software/install/migrated/xz-utils/5.2.3_gcc7.2.0/lib:/common/software/install/migrated/pcre/8.42_gcc7.2.0/lib:/common/software/install/migrated/isl/0.18_gcc7.2.0/lib:/common/software/install/migrated/mpc/1.0.3_gcc7.2.0/lib:/common/software/install/migrated/mpfr/3.1.6_gcc7.2.0/lib:/common/software/install/migrated/gmp/6.1.2_gcc7.2.0/lib:/common/software/install/migrated/bzip2/1.0.6-gcc7.2.0/lib:/common/software/install/migrated/zlib/1.2.11_gcc7.2.0/lib:/home/lmnp/knut0297/software/modules/zlib/1.3.1/build/lib:/common/software/install/migrated/libgd/2.1.0/lib:/common/software/install/migrated/java/openjdk-8_202/lib:/common/software/install/migrated/java/openjdk-8_202/jre/lib/amd64/server:/common/software/install/migrated/cuda/11.2/lib64:/common/software/install/migrated/openmpi/el6/3.1.6/gnu-8.2.0-cuda/lib:/common/software/install/migrated/java/openjdk-11.0.2/lib:/common/software/install/migrated/java/openjdk-11.0.2/lib/jli:/common/software/install/migrated/java/openjdk-11.0.2/lib/server:/common/software/install/migrated/gcc/8.2.0/lib64:/common/software/install/migrated/isl/0.19_gcc8.1.0/lib:/common/software/install/migrated/mpc/1.1.0_gcc8.1.0/lib:/common/software/install/migrated/mpfr/4.0.1_gcc8.1.0/lib:/common/software/install/migrated/gmp/6.1.2_gcc8.1.0/lib:/common/software/install/migrated/gcc/8.1.0/lib64:/common/software/install/migrated/amber/amber20/lib:/common/software/install/migrated/gcc/7.2.0/lib64:/common/software/install/migrated/gcc/6.1.0/lib64; export LD_LIBRARY_PATH;
LD_RUN_PATH=/common/software/install/migrated/gcc/6.1.0/lib64:/common/software/install/migrated/isl/0.16.1_gcc6.1.0/lib:/common/software/install/migrated/mpc/1.0.3_gcc6.1.0/lib:/common/software/install/migrated/mpfr/3.1.4-p1_gcc6.1.0/lib:/common/software/install/migrated/gmp/6.1.0_gcc6.1.0/lib:/common/software/install/migrated/bzip2/1.0.6-gnu6.1.0_PIC/lib:/common/software/install/migrated/gcc/8.1.0/lib64:/common/software/install/migrated/gcc/7.2.0/lib64:/common/software/install/migrated/isl/0.18_gcc7.2.0/lib:/common/software/install/migrated/mpc/1.0.3_gcc7.2.0/lib:/common/software/install/migrated/mpfr/3.1.6_gcc7.2.0/lib:/common/software/install/migrated/gmp/6.1.2_gcc7.2.0/lib:/common/software/install/migrated/bzip2/1.0.6-gcc7.2.0/lib:/common/software/install/migrated/zlib/1.2.11_gcc7.2.0/lib:/home/lmnp/knut0297/software/modules/zlib/1.3.1/build/lib:/common/software/install/migrated/libgd/2.1.0/lib:/common/software/install/migrated/gcc/8.2.0/lib64:/common/software/install/migrated/isl/0.19_gcc8.1.0/lib:/common/software/install/migrated/mpc/1.1.0_gcc8.1.0/lib:/common/software/install/migrated/mpfr/4.0.1_gcc8.1.0/lib:/common/software/install/migrated/gmp/6.1.2_gcc8.1.0/lib; export LD_RUN_PATH;
CPATH=/common/software/install/migrated/htslib/1.9_gcc-7.2.0_haswell/lib:/common/software/install/migrated/xz-utils/5.2.2_gcc6.1.0/include:/common/software/install/migrated/gcc/6.1.0/include:/common/software/install/migrated/isl/0.16.1_gcc6.1.0/include:/common/software/install/migrated/mpc/1.0.3_gcc6.1.0/include:/common/software/install/migrated/mpfr/3.1.4-p1_gcc6.1.0/include:/common/software/install/migrated/gmp/6.1.0_gcc6.1.0/include:/common/software/install/migrated/bzip2/1.0.6-gnu6.1.0_PIC/include:/common/software/install/migrated/gcc/8.1.0/include:/common/software/install/migrated/curl/7.59.0_gcc7.2.0/include:/common/software/install/migrated/xz-utils/5.2.3_gcc7.2.0/include:/common/software/install/migrated/pcre/8.42_gcc7.2.0/include:/common/software/install/migrated/gcc/7.2.0/include:/common/software/install/migrated/isl/0.18_gcc7.2.0/include:/common/software/install/migrated/mpc/1.0.3_gcc7.2.0/include:/common/software/install/migrated/mpfr/3.1.6_gcc7.2.0/include:/common/software/install/migrated/gmp/6.1.2_gcc7.2.0/include:/common/software/install/migrated/bzip2/1.0.6-gcc7.2.0/include:/common/software/install/migrated/zlib/1.2.11_gcc7.2.0/include:/home/lmnp/knut0297/software/modules/zlib/1.3.1/build/include:/common/software/install/migrated/libgd/2.1.0/include:/common/software/install/migrated/java/openjdk-8_202/include:/common/software/install/migrated/cuda/11.2/include:/common/software/install/migrated/openmpi/el6/3.1.6/gnu-8.2.0-cuda/include:/common/software/install/migrated/java/openjdk-11.0.2/include:/common/software/install/migrated/gcc/8.2.0/include:/common/software/install/migrated/isl/0.19_gcc8.1.0/include:/common/software/install/migrated/mpc/1.1.0_gcc8.1.0/include:/common/software/install/migrated/mpfr/4.0.1_gcc8.1.0/include:/common/software/install/migrated/gmp/6.1.2_gcc8.1.0/include; export CPATH;
MANPATH=/common/software/install/migrated/xz-utils/5.2.2_gcc6.1.0/share/man:/common/software/install/migrated/gcc/6.1.0/share/man:/home/lmnp/knut0297/software/modules/samtools/1.9/share/man:/common/software/install/migrated/bzip2/1.0.6-gnu6.1.0_PIC/share/man:/common/software/install/migrated/R/3.6.3/share/man:/common/software/install/migrated/gcc/8.1.0/share/man:/common/software/install/migrated/curl/7.59.0_gcc7.2.0/share/man:/common/software/install/migrated/xz-utils/5.2.3_gcc7.2.0/share/man:/common/software/install/migrated/pcre/8.42_gcc7.2.0/share/man:/common/software/install/migrated/gcc/7.2.0/share/man:/common/software/install/migrated/bzip2/1.0.6-gcc7.2.0/share/man:/common/software/install/migrated/zlib/1.2.11_gcc7.2.0/share/man:/home/lmnp/knut0297/software/modules/zlib/1.3.1/build/share/man:/common/software/install/migrated/parallel/20190122/share/man:/common/software/install/migrated/parallel/20210822/share/man:/common/software/install/migrated/java/openjdk-8_202/man:/common/software/install/migrated/openmpi/el6/3.1.6/gnu-8.2.0-cuda/share/man:/common/software/install/migrated/java/openjdk-11.0.2/man:/common/software/install/migrated/gcc/8.2.0/share/man::/opt/puppetlabs/puppet/share/man:/opt/slurm/rocky8/ofed-24.07/x86_64/23.11.8/share/man; export MANPATH;
LIBRARY_PATH=/common/software/install/migrated/htslib/1.9_gcc-7.2.0_haswell/lib:/common/software/install/migrated/xz-utils/5.2.2_gcc6.1.0/lib:/common/software/install/migrated/gcc/6.1.0/lib64:/common/software/install/migrated/isl/0.16.1_gcc6.1.0/lib:/common/software/install/migrated/mpc/1.0.3_gcc6.1.0/lib:/common/software/install/migrated/mpfr/3.1.4-p1_gcc6.1.0/lib:/common/software/install/migrated/gmp/6.1.0_gcc6.1.0/lib:/common/software/install/migrated/bzip2/1.0.6-gnu6.1.0_PIC/lib:/common/software/install/migrated/libtiff/4.0.8/lib:/common/software/install/migrated/gcc/8.1.0/lib64:/common/software/install/migrated/curl/7.59.0_gcc7.2.0/lib:/common/software/install/migrated/xz-utils/5.2.3_gcc7.2.0/lib:/common/software/install/migrated/pcre/8.42_gcc7.2.0/lib:/common/software/install/migrated/gcc/7.2.0/lib64:/common/software/install/migrated/isl/0.18_gcc7.2.0/lib:/common/software/install/migrated/mpc/1.0.3_gcc7.2.0/lib:/common/software/install/migrated/mpfr/3.1.6_gcc7.2.0/lib:/common/software/install/migrated/gmp/6.1.2_gcc7.2.0/lib:/common/software/install/migrated/bzip2/1.0.6-gcc7.2.0/lib:/common/software/install/migrated/zlib/1.2.11_gcc7.2.0/lib:/home/lmnp/knut0297/software/modules/zlib/1.3.1/build/lib:/common/software/install/migrated/cuda/11.2/lib64:/common/software/install/migrated/openmpi/el6/3.1.6/gnu-8.2.0-cuda/lib:/common/software/install/migrated/gcc/8.2.0/lib64:/common/software/install/migrated/isl/0.19_gcc8.1.0/lib:/common/software/install/migrated/mpc/1.1.0_gcc8.1.0/lib:/common/software/install/migrated/mpfr/4.0.1_gcc8.1.0/lib:/common/software/install/migrated/gmp/6.1.2_gcc8.1.0/lib; export LIBRARY_PATH;
LOADEDMODULES=gmp/6.1.2_gcc8.1.0:mpfr/4.0.1_gcc8.1.0:mpc/1.1.0_gcc8.1.0:isl/0.19_gcc8.1.0:gcc/8.2.0:java/openjdk-11.0.2:ompi/3.1.6/gnu-8.2.0-cuda:cuda/11.2:amber/20:conda/4.4.7-py36_0:java/openjdk-8_202:fastqc/0.12.1:parallel/20210822:parallel/20190122:/home/lmnp/knut0297/software/modulesfiles/libgtextutils/0.6:fastx_toolkit/0.0.14:libgd/2.1.0:zlib/1.3.1:riss_util/1.0:zlib/1.2.11_gcc7.2.0:bzip2/1.0.6-gnu7.2.0_PIC:gmp/6.1.2_gcc7.2.0:mpfr/3.1.6_gcc7.2.0:mpc/1.0.3_gcc7.2.0:isl/0.18_gcc7.2.0:gcc/7.2.0:pcre/8.42_gcc7.2.0:xz-utils/5.2.3_gcc7.2.0:curl/7.59.0_gcc7.2.0:gcc/8.1.0:libtiff/4.0.8:R/3.6.3:bwa/0.7.17:bzip2/1.0.6-gnu6.1.0_PIC:samtools/1.9:bedtools/2.17.0:gmp/6.1.0_gcc6.1.0:mpfr/3.1.4-p1_gcc6.1.0:mpc/1.0.3_gcc6.1.0:isl/0.16.1_gcc6.1.0:gcc/6.1.0:xz-utils/5.2.2_gcc6.1.0:htslib/1.9; export LOADEDMODULES;
_LMFILES_=/common/software/modulefiles/migrated/common/gmp/6.1.2_gcc8.1.0:/common/software/modulefiles/migrated/common/mpfr/4.0.1_gcc8.1.0:/common/software/modulefiles/migrated/common/mpc/1.1.0_gcc8.1.0:/common/software/modulefiles/migrated/common/isl/0.19_gcc8.1.0:/common/software/modulefiles/migrated/hpc/gcc/8.2.0:/common/software/modulefiles/migrated/common/java/openjdk-11.0.2:/common/software/modulefiles/migrated/hpc/ompi/3.1.6/gnu-8.2.0-cuda:/common/software/modulefiles/migrated/hpc/cuda/11.2:/common/software/modulefiles/migrated/hpc/amber/20:/home/lmnp/knut0297/software/modulesfiles/conda/4.4.7-py36_0:/common/software/modulefiles/migrated/common/java/openjdk-8_202:/common/software/modulefiles/manual/common/fastqc/0.12.1:/common/software/modulefiles/migrated/common/parallel/20210822:/common/software/modulefiles/migrated/common/parallel/20190122:/home/lmnp/knut0297/software/modulesfiles/libgtextutils/0.6:/home/lmnp/knut0297/software/modulesfiles/fastx_toolkit/0.0.14:/common/software/modulefiles/migrated/hpc/libgd/2.1.0:/home/lmnp/knut0297/software/modulesfiles/zlib/1.3.1:/common/software/modulefiles/migrated/common/riss_util/1.0:/common/software/modulefiles/migrated/common/zlib/1.2.11_gcc7.2.0:/common/software/modulefiles/migrated/common/bzip2/1.0.6-gnu7.2.0_PIC:/common/software/modulefiles/migrated/common/gmp/6.1.2_gcc7.2.0:/common/software/modulefiles/migrated/common/mpfr/3.1.6_gcc7.2.0:/common/software/modulefiles/migrated/common/mpc/1.0.3_gcc7.2.0:/common/software/modulefiles/migrated/common/isl/0.18_gcc7.2.0:/common/software/modulefiles/migrated/common/gcc/7.2.0:/common/software/modulefiles/migrated/common/pcre/8.42_gcc7.2.0:/common/software/modulefiles/migrated/common/xz-utils/5.2.3_gcc7.2.0:/common/software/modulefiles/migrated/common/curl/7.59.0_gcc7.2.0:/common/software/modulefiles/migrated/common/gcc/8.1.0:/common/software/modulefiles/migrated/common/libtiff/4.0.8:/common/software/modulefiles/migrated/common/R/3.6.3:/home/lmnp/knut0297/software/modulesfiles/bwa/0.7.17:/common/software/modulefiles/migrated/common/bzip2/1.0.6-gnu6.1.0_PIC:/home/lmnp/knut0297/software/modulesfiles/samtools/1.9:/common/software/modulefiles/migrated/common/bedtools/2.17.0:/common/software/modulefiles/migrated/common/gmp/6.1.0_gcc6.1.0:/common/software/modulefiles/migrated/common/mpfr/3.1.4-p1_gcc6.1.0:/common/software/modulefiles/migrated/common/mpc/1.0.3_gcc6.1.0:/common/software/modulefiles/migrated/common/isl/0.16.1_gcc6.1.0:/common/software/modulefiles/migrated/common/gcc/6.1.0:/common/software/modulefiles/migrated/common/xz-utils/5.2.2_gcc6.1.0:/common/software/modulefiles/migrated/hpc/htslib/1.9; export _LMFILES_;
PKG_CONFIG_PATH=/common/software/install/migrated/xz-utils/5.2.2_gcc6.1.0/lib/pkgconfig:/common/software/install/migrated/R/3.6.3/lib64/pkgconfig:/common/software/install/migrated/libtiff/4.0.8/lib/pkgconfig:/common/software/install/migrated/curl/7.59.0_gcc7.2.0/lib/pkgconfig:/common/software/install/migrated/xz-utils/5.2.3_gcc7.2.0/lib/pkgconfig:/common/software/install/migrated/pcre/8.42_gcc7.2.0/lib/pkgconfig:/common/software/install/migrated/zlib/1.2.11_gcc7.2.0/lib/pkgconfig:/home/lmnp/knut0297/software/modules/zlib/1.3.1/build/lib/pkgconfig:/home/lmnp/knut0297/software/modules/libgtextutils/0.6/lib/pkgconfig:/common/software/install/migrated/isl/0.19_gcc8.1.0/lib/pkgconfig:/common/software/install/migrated/mpfr/4.0.1_gcc8.1.0/lib/pkgconfig; export PKG_CONFIG_PATH;
FPATH=/common/software/install/migrated/htslib/1.9_gcc-7.2.0_haswell/include/htslib:/common/software/install/migrated/htslib/1.9_gcc-7.2.0_haswell/include:/common/software/install/migrated/xz-utils/5.2.2_gcc6.1.0/include:/common/software/install/migrated/gcc/6.1.0/include:/common/software/install/migrated/isl/0.16.1_gcc6.1.0/include:/common/software/install/migrated/mpc/1.0.3_gcc6.1.0/include:/common/software/install/migrated/mpfr/3.1.4-p1_gcc6.1.0/include:/common/software/install/migrated/gmp/6.1.0_gcc6.1.0/include:/common/software/install/migrated/gcc/8.1.0/include:/common/software/install/migrated/curl/7.59.0_gcc7.2.0/include:/common/software/install/migrated/xz-utils/5.2.3_gcc7.2.0/include:/common/software/install/migrated/pcre/8.42_gcc7.2.0/include:/common/software/install/migrated/gcc/7.2.0/include:/common/software/install/migrated/isl/0.18_gcc7.2.0/include:/common/software/install/migrated/mpc/1.0.3_gcc7.2.0/include:/common/software/install/migrated/mpfr/3.1.6_gcc7.2.0/include:/common/software/install/migrated/gmp/6.1.2_gcc7.2.0/include:/common/software/install/migrated/zlib/1.2.11_gcc7.2.0/include:/home/lmnp/knut0297/software/modules/zlib/1.3.1/build/include:/common/software/install/migrated/libgd/2.1.0/include:/common/software/install/migrated/cuda/11.2/include:/common/software/install/migrated/openmpi/el6/3.1.6/gnu-8.2.0-cuda/include:/common/software/install/migrated/gcc/8.2.0/include:/common/software/install/migrated/isl/0.19_gcc8.1.0/include:/common/software/install/migrated/mpc/1.1.0_gcc8.1.0/include:/common/software/install/migrated/mpfr/4.0.1_gcc8.1.0/include:/common/software/install/migrated/gmp/6.1.2_gcc8.1.0/include; export FPATH;
__MODULES_LMTAG=gmp/6.1.2_gcc8.1.0\&auto-loaded:mpfr/4.0.1_gcc8.1.0\&auto-loaded:mpc/1.1.0_gcc8.1.0\&auto-loaded:isl/0.19_gcc8.1.0\&auto-loaded:gcc/8.2.0\&auto-loaded:java/openjdk-11.0.2\&auto-loaded:ompi/3.1.6/gnu-8.2.0-cuda\&auto-loaded:cuda/11.2\&auto-loaded:java/openjdk-8_202\&auto-loaded:/home/lmnp/knut0297/software/modulesfiles/libgtextutils/0.6\&auto-loaded:libgd/2.1.0\&auto-loaded:zlib/1.3.1\&auto-loaded:zlib/1.2.11_gcc7.2.0\&auto-loaded:bzip2/1.0.6-gnu7.2.0_PIC\&auto-loaded:gmp/6.1.2_gcc7.2.0\&auto-loaded:mpfr/3.1.6_gcc7.2.0\&auto-loaded:mpc/1.0.3_gcc7.2.0\&auto-loaded:isl/0.18_gcc7.2.0\&auto-loaded:gcc/7.2.0\&auto-loaded:pcre/8.42_gcc7.2.0\&auto-loaded:xz-utils/5.2.3_gcc7.2.0\&auto-loaded:curl/7.59.0_gcc7.2.0\&auto-loaded:gcc/8.1.0\&auto-loaded:libtiff/4.0.8\&auto-loaded:bzip2/1.0.6-gnu6.1.0_PIC\&auto-loaded:gmp/6.1.0_gcc6.1.0\&auto-loaded:mpfr/3.1.4-p1_gcc6.1.0\&auto-loaded:mpc/1.0.3_gcc6.1.0\&auto-loaded:isl/0.16.1_gcc6.1.0\&auto-loaded:gcc/6.1.0\&auto-loaded:xz-utils/5.2.2_gcc6.1.0\&auto-loaded; export __MODULES_LMTAG;
INCLUDE=/common/software/install/migrated/htslib/1.9_gcc-7.2.0_haswell/include/htslib:/common/software/install/migrated/htslib/1.9_gcc-7.2.0_haswell/include:/common/software/install/migrated/xz-utils/5.2.2_gcc6.1.0/include:/common/software/install/migrated/gcc/6.1.0/include:/common/software/install/migrated/isl/0.16.1_gcc6.1.0/include:/common/software/install/migrated/mpc/1.0.3_gcc6.1.0/include:/common/software/install/migrated/mpfr/3.1.4-p1_gcc6.1.0/include:/common/software/install/migrated/gmp/6.1.0_gcc6.1.0/include:/common/software/install/migrated/bzip2/1.0.6-gnu6.1.0_PIC/include:/common/software/install/migrated/libtiff/4.0.8/include:/common/software/install/migrated/gcc/8.1.0/include:/common/software/install/migrated/curl/7.59.0_gcc7.2.0/include:/common/software/install/migrated/xz-utils/5.2.3_gcc7.2.0/include:/common/software/install/migrated/pcre/8.42_gcc7.2.0/include:/common/software/install/migrated/gcc/7.2.0/include:/common/software/install/migrated/isl/0.18_gcc7.2.0/include:/common/software/install/migrated/mpc/1.0.3_gcc7.2.0/include:/common/software/install/migrated/mpfr/3.1.6_gcc7.2.0/include:/common/software/install/migrated/gmp/6.1.2_gcc7.2.0/include:/common/software/install/migrated/bzip2/1.0.6-gcc7.2.0/include:/common/software/install/migrated/zlib/1.2.11_gcc7.2.0/include:/home/lmnp/knut0297/software/modules/zlib/1.3.1/build/include:/common/software/install/migrated/libgd/2.1.0/include:/common/software/install/migrated/java/openjdk-8_202/include:/common/software/install/migrated/cuda/11.2/include:/common/software/install/migrated/openmpi/el6/3.1.6/gnu-8.2.0-cuda/include:/common/software/install/migrated/java/openjdk-11.0.2/include:/common/software/install/migrated/gcc/8.2.0/include:/common/software/install/migrated/isl/0.19_gcc8.1.0/include:/common/software/install/migrated/mpc/1.1.0_gcc8.1.0/include:/common/software/install/migrated/mpfr/4.0.1_gcc8.1.0/include:/common/software/install/migrated/gmp/6.1.2_gcc8.1.0/include; export INCLUDE;
CPLUS_INCLUDE_PATH=/common/software/install/migrated/htslib/1.9_gcc-7.2.0_haswell/include/htslib:/common/software/install/migrated/htslib/1.9_gcc-7.2.0_haswell/include:/common/software/install/migrated/xz-utils/5.2.2_gcc6.1.0/include:/common/software/install/migrated/gcc/6.1.0/include:/common/software/install/migrated/isl/0.16.1_gcc6.1.0/include:/common/software/install/migrated/mpc/1.0.3_gcc6.1.0/include:/common/software/install/migrated/mpfr/3.1.4-p1_gcc6.1.0/include:/common/software/install/migrated/gmp/6.1.0_gcc6.1.0/include:/common/software/install/migrated/bzip2/1.0.6-gnu6.1.0_PIC/include:/common/software/install/migrated/libtiff/4.0.8/include:/common/software/install/migrated/gcc/8.1.0/include:/common/software/install/migrated/curl/7.59.0_gcc7.2.0/include:/common/software/install/migrated/xz-utils/5.2.3_gcc7.2.0/include:/common/software/install/migrated/pcre/8.42_gcc7.2.0/include:/common/software/install/migrated/gcc/7.2.0/include:/common/software/install/migrated/isl/0.18_gcc7.2.0/include:/common/software/install/migrated/mpc/1.0.3_gcc7.2.0/include:/common/software/install/migrated/mpfr/3.1.6_gcc7.2.0/include:/common/software/install/migrated/gmp/6.1.2_gcc7.2.0/include:/common/software/install/migrated/bzip2/1.0.6-gcc7.2.0/include:/common/software/install/migrated/zlib/1.2.11_gcc7.2.0/include:/home/lmnp/knut0297/software/modules/zlib/1.3.1/build/include:/common/software/install/migrated/libgd/2.1.0/include:/common/software/install/migrated/java/openjdk-8_202/include:/common/software/install/migrated/cuda/11.2/include:/common/software/install/migrated/openmpi/el6/3.1.6/gnu-8.2.0-cuda/include:/common/software/install/migrated/java/openjdk-11.0.2/include:/common/software/install/migrated/gcc/8.2.0/include:/common/software/install/migrated/isl/0.19_gcc8.1.0/include:/common/software/install/migrated/mpc/1.1.0_gcc8.1.0/include:/common/software/install/migrated/mpfr/4.0.1_gcc8.1.0/include:/common/software/install/migrated/gmp/6.1.2_gcc8.1.0/include; export CPLUS_INCLUDE_PATH;
__MODULES_SHARE_LD_LIBRARY_PATH=/common/software/install/migrated/gcc/6.1.0/lib64:2:/common/software/install/migrated/gcc/8.1.0/lib64:2:/common/software/install/migrated/gcc/7.2.0/lib64:2; export __MODULES_SHARE_LD_LIBRARY_PATH;
__MODULES_LMALTNAME=gcc/8.2.0\&gcc/default\&gcc:cuda/11.2\&cuda\&as\|cuda/default:conda/4.4.7-py36_0\&conda/default\&conda\&as\|conda/latest:java/openjdk-8_202\&java\&as\|java/default:fastqc/0.12.1\&as\|fastqc/default\&as\|fastqc/latest:parallel/20210822\&parallel/default\&parallel\&as\|parallel/latest:fastx_toolkit/0.0.14\&fastx_toolkit/default\&fastx_toolkit\&as\|fastx_toolkit/latest:libgd/2.1.0\&as\|libgd/default\&as\|libgd/latest:zlib/1.3.1\&zlib/default\&zlib\&as\|zlib/latest:riss_util/1.0\&as\|riss_util/default\&as\|riss_util/latest:xz-utils/5.2.3_gcc7.2.0\&as\|xz-utils/default\&as\|xz-utils/latest:curl/7.59.0_gcc7.2.0\&as\|curl/default\&as\|curl/latest:libtiff/4.0.8\&as\|libtiff/default\&as\|libtiff/latest:bwa/0.7.17\&bwa/default\&bwa\&as\|bwa/latest:htslib/1.9\&as\|htslib/default\&as\|htslib/latest; export __MODULES_LMALTNAME;
__MODULES_SHARE_MANPATH=:1; export __MODULES_SHARE_MANPATH;
C_INCLUDE_PATH=/common/software/install/migrated/htslib/1.9_gcc-7.2.0_haswell/include/htslib:/common/software/install/migrated/htslib/1.9_gcc-7.2.0_haswell/include:/common/software/install/migrated/xz-utils/5.2.2_gcc6.1.0/include:/common/software/install/migrated/gcc/6.1.0/include:/common/software/install/migrated/isl/0.16.1_gcc6.1.0/include:/common/software/install/migrated/mpc/1.0.3_gcc6.1.0/include:/common/software/install/migrated/mpfr/3.1.4-p1_gcc6.1.0/include:/common/software/install/migrated/gmp/6.1.0_gcc6.1.0/include:/common/software/install/migrated/bzip2/1.0.6-gnu6.1.0_PIC/include:/common/software/install/migrated/libtiff/4.0.8/include:/common/software/install/migrated/gcc/8.1.0/include:/common/software/install/migrated/curl/7.59.0_gcc7.2.0/include:/common/software/install/migrated/xz-utils/5.2.3_gcc7.2.0/include:/common/software/install/migrated/pcre/8.42_gcc7.2.0/include:/common/software/install/migrated/gcc/7.2.0/include:/common/software/install/migrated/isl/0.18_gcc7.2.0/include:/common/software/install/migrated/mpc/1.0.3_gcc7.2.0/include:/common/software/install/migrated/mpfr/3.1.6_gcc7.2.0/include:/common/software/install/migrated/gmp/6.1.2_gcc7.2.0/include:/common/software/install/migrated/bzip2/1.0.6-gcc7.2.0/include:/common/software/install/migrated/zlib/1.2.11_gcc7.2.0/include:/home/lmnp/knut0297/software/modules/zlib/1.3.1/build/include:/common/software/install/migrated/libgd/2.1.0/include:/common/software/install/migrated/java/openjdk-8_202/include:/common/software/install/migrated/cuda/11.2/include:/common/software/install/migrated/openmpi/el6/3.1.6/gnu-8.2.0-cuda/include:/common/software/install/migrated/java/openjdk-11.0.2/include:/common/software/install/migrated/gcc/8.2.0/include:/common/software/install/migrated/isl/0.19_gcc8.1.0/include:/common/software/install/migrated/mpc/1.1.0_gcc8.1.0/include:/common/software/install/migrated/mpfr/4.0.1_gcc8.1.0/include:/common/software/install/migrated/gmp/6.1.2_gcc8.1.0/include; export C_INCLUDE_PATH;
PATH=/common/software/install/migrated/htslib/1.9_gcc-7.2.0_haswell/bin:/common/software/install/migrated/xz-utils/5.2.2_gcc6.1.0/bin:/common/software/install/migrated/gcc/6.1.0/bin:/common/software/install/migrated/bedtools/2.17.0/bin:/home/lmnp/knut0297/software/modules/samtools/1.9/bin:/common/software/install/migrated/bzip2/1.0.6-gnu6.1.0_PIC/bin:/home/lmnp/knut0297/software/modules/bwa/0.7.17/bin:/common/software/install/migrated/R/3.6.3/bin:/common/software/install/migrated/libtiff/4.0.8/bin:/common/software/install/migrated/gcc/8.1.0/bin:/common/software/install/migrated/curl/7.59.0_gcc7.2.0/bin:/common/software/install/migrated/xz-utils/5.2.3_gcc7.2.0/bin:/common/software/install/migrated/pcre/8.42_gcc7.2.0/bin:/common/software/install/migrated/gcc/7.2.0/bin:/common/software/install/migrated/bzip2/1.0.6-gcc7.2.0/bin:/common/software/install/migrated/riss_util/1.0/bin:/common/software/install/migrated/libgd/2.1.0/bin:/users/3/pier0273/morrell_lab:/home/lmnp/knut0297/software/modules/fastx_toolkit/0.0.14/bin:/common/software/install/migrated/parallel/20190122/bin:/common/software/install/migrated/parallel/20210822/bin:/common/software/install/manual/fastqc/0.12.1:/common/software/install/migrated/java/openjdk-8_202/bin:/users/3/pier0273/bin:/users/3/pier0273/vim/bin:/home/lmnp/knut0297/software/modules/conda/4.4.7-py36_0/bin:/common/software/install/migrated/cuda/11.2/bin:/common/software/install/migrated/openmpi/el6/3.1.6/gnu-8.2.0-cuda/bin:/common/software/install/migrated/java/openjdk-11.0.2/bin:/common/software/install/migrated/gcc/8.2.0/bin:/users/3/pier0273/vim/bin:/opt/msi/bin:/usr/share/Modules/bin:/usr/local/bin:/usr/bin:/usr/local/sbin:/usr/sbin:/opt/puppetlabs/bin:/common/software/install/migrated/amber/amber20/bin; export PATH;
test 0;'
+++ LD_LIBRARY_PATH=/common/software/install/migrated/htslib/1.9_gcc-7.2.0_haswell/lib:/common/software/install/migrated/xz-utils/5.2.2_gcc6.1.0/lib:/common/software/install/migrated/isl/0.16.1_gcc6.1.0/lib:/common/software/install/migrated/mpc/1.0.3_gcc6.1.0/lib:/common/software/install/migrated/mpfr/3.1.4-p1_gcc6.1.0/lib:/common/software/install/migrated/gmp/6.1.0_gcc6.1.0/lib:/common/software/install/migrated/bzip2/1.0.6-gnu6.1.0_PIC/lib:/common/software/install/migrated/R/3.6.3/lib64/R/lib:/common/software/install/migrated/R/3.6.3/lib64:/common/software/install/migrated/libtiff/4.0.8/lib:/common/software/install/migrated/curl/7.59.0_gcc7.2.0/lib:/common/software/install/migrated/xz-utils/5.2.3_gcc7.2.0/lib:/common/software/install/migrated/pcre/8.42_gcc7.2.0/lib:/common/software/install/migrated/isl/0.18_gcc7.2.0/lib:/common/software/install/migrated/mpc/1.0.3_gcc7.2.0/lib:/common/software/install/migrated/mpfr/3.1.6_gcc7.2.0/lib:/common/software/install/migrated/gmp/6.1.2_gcc7.2.0/lib:/common/software/install/migrated/bzip2/1.0.6-gcc7.2.0/lib:/common/software/install/migrated/zlib/1.2.11_gcc7.2.0/lib:/home/lmnp/knut0297/software/modules/zlib/1.3.1/build/lib:/common/software/install/migrated/libgd/2.1.0/lib:/common/software/install/migrated/java/openjdk-8_202/lib:/common/software/install/migrated/java/openjdk-8_202/jre/lib/amd64/server:/common/software/install/migrated/cuda/11.2/lib64:/common/software/install/migrated/openmpi/el6/3.1.6/gnu-8.2.0-cuda/lib:/common/software/install/migrated/java/openjdk-11.0.2/lib:/common/software/install/migrated/java/openjdk-11.0.2/lib/jli:/common/software/install/migrated/java/openjdk-11.0.2/lib/server:/common/software/install/migrated/gcc/8.2.0/lib64:/common/software/install/migrated/isl/0.19_gcc8.1.0/lib:/common/software/install/migrated/mpc/1.1.0_gcc8.1.0/lib:/common/software/install/migrated/mpfr/4.0.1_gcc8.1.0/lib:/common/software/install/migrated/gmp/6.1.2_gcc8.1.0/lib:/common/software/install/migrated/gcc/8.1.0/lib64:/common/software/install/migrated/amber/amber20/lib:/common/software/install/migrated/gcc/7.2.0/lib64:/common/software/install/migrated/gcc/6.1.0/lib64
+++ export LD_LIBRARY_PATH
+++ LD_RUN_PATH=/common/software/install/migrated/gcc/6.1.0/lib64:/common/software/install/migrated/isl/0.16.1_gcc6.1.0/lib:/common/software/install/migrated/mpc/1.0.3_gcc6.1.0/lib:/common/software/install/migrated/mpfr/3.1.4-p1_gcc6.1.0/lib:/common/software/install/migrated/gmp/6.1.0_gcc6.1.0/lib:/common/software/install/migrated/bzip2/1.0.6-gnu6.1.0_PIC/lib:/common/software/install/migrated/gcc/8.1.0/lib64:/common/software/install/migrated/gcc/7.2.0/lib64:/common/software/install/migrated/isl/0.18_gcc7.2.0/lib:/common/software/install/migrated/mpc/1.0.3_gcc7.2.0/lib:/common/software/install/migrated/mpfr/3.1.6_gcc7.2.0/lib:/common/software/install/migrated/gmp/6.1.2_gcc7.2.0/lib:/common/software/install/migrated/bzip2/1.0.6-gcc7.2.0/lib:/common/software/install/migrated/zlib/1.2.11_gcc7.2.0/lib:/home/lmnp/knut0297/software/modules/zlib/1.3.1/build/lib:/common/software/install/migrated/libgd/2.1.0/lib:/common/software/install/migrated/gcc/8.2.0/lib64:/common/software/install/migrated/isl/0.19_gcc8.1.0/lib:/common/software/install/migrated/mpc/1.1.0_gcc8.1.0/lib:/common/software/install/migrated/mpfr/4.0.1_gcc8.1.0/lib:/common/software/install/migrated/gmp/6.1.2_gcc8.1.0/lib
+++ export LD_RUN_PATH
+++ CPATH=/common/software/install/migrated/htslib/1.9_gcc-7.2.0_haswell/lib:/common/software/install/migrated/xz-utils/5.2.2_gcc6.1.0/include:/common/software/install/migrated/gcc/6.1.0/include:/common/software/install/migrated/isl/0.16.1_gcc6.1.0/include:/common/software/install/migrated/mpc/1.0.3_gcc6.1.0/include:/common/software/install/migrated/mpfr/3.1.4-p1_gcc6.1.0/include:/common/software/install/migrated/gmp/6.1.0_gcc6.1.0/include:/common/software/install/migrated/bzip2/1.0.6-gnu6.1.0_PIC/include:/common/software/install/migrated/gcc/8.1.0/include:/common/software/install/migrated/curl/7.59.0_gcc7.2.0/include:/common/software/install/migrated/xz-utils/5.2.3_gcc7.2.0/include:/common/software/install/migrated/pcre/8.42_gcc7.2.0/include:/common/software/install/migrated/gcc/7.2.0/include:/common/software/install/migrated/isl/0.18_gcc7.2.0/include:/common/software/install/migrated/mpc/1.0.3_gcc7.2.0/include:/common/software/install/migrated/mpfr/3.1.6_gcc7.2.0/include:/common/software/install/migrated/gmp/6.1.2_gcc7.2.0/include:/common/software/install/migrated/bzip2/1.0.6-gcc7.2.0/include:/common/software/install/migrated/zlib/1.2.11_gcc7.2.0/include:/home/lmnp/knut0297/software/modules/zlib/1.3.1/build/include:/common/software/install/migrated/libgd/2.1.0/include:/common/software/install/migrated/java/openjdk-8_202/include:/common/software/install/migrated/cuda/11.2/include:/common/software/install/migrated/openmpi/el6/3.1.6/gnu-8.2.0-cuda/include:/common/software/install/migrated/java/openjdk-11.0.2/include:/common/software/install/migrated/gcc/8.2.0/include:/common/software/install/migrated/isl/0.19_gcc8.1.0/include:/common/software/install/migrated/mpc/1.1.0_gcc8.1.0/include:/common/software/install/migrated/mpfr/4.0.1_gcc8.1.0/include:/common/software/install/migrated/gmp/6.1.2_gcc8.1.0/include
+++ export CPATH
+++ MANPATH=/common/software/install/migrated/xz-utils/5.2.2_gcc6.1.0/share/man:/common/software/install/migrated/gcc/6.1.0/share/man:/home/lmnp/knut0297/software/modules/samtools/1.9/share/man:/common/software/install/migrated/bzip2/1.0.6-gnu6.1.0_PIC/share/man:/common/software/install/migrated/R/3.6.3/share/man:/common/software/install/migrated/gcc/8.1.0/share/man:/common/software/install/migrated/curl/7.59.0_gcc7.2.0/share/man:/common/software/install/migrated/xz-utils/5.2.3_gcc7.2.0/share/man:/common/software/install/migrated/pcre/8.42_gcc7.2.0/share/man:/common/software/install/migrated/gcc/7.2.0/share/man:/common/software/install/migrated/bzip2/1.0.6-gcc7.2.0/share/man:/common/software/install/migrated/zlib/1.2.11_gcc7.2.0/share/man:/home/lmnp/knut0297/software/modules/zlib/1.3.1/build/share/man:/common/software/install/migrated/parallel/20190122/share/man:/common/software/install/migrated/parallel/20210822/share/man:/common/software/install/migrated/java/openjdk-8_202/man:/common/software/install/migrated/openmpi/el6/3.1.6/gnu-8.2.0-cuda/share/man:/common/software/install/migrated/java/openjdk-11.0.2/man:/common/software/install/migrated/gcc/8.2.0/share/man::/opt/puppetlabs/puppet/share/man:/opt/slurm/rocky8/ofed-24.07/x86_64/23.11.8/share/man
+++ export MANPATH
+++ LIBRARY_PATH=/common/software/install/migrated/htslib/1.9_gcc-7.2.0_haswell/lib:/common/software/install/migrated/xz-utils/5.2.2_gcc6.1.0/lib:/common/software/install/migrated/gcc/6.1.0/lib64:/common/software/install/migrated/isl/0.16.1_gcc6.1.0/lib:/common/software/install/migrated/mpc/1.0.3_gcc6.1.0/lib:/common/software/install/migrated/mpfr/3.1.4-p1_gcc6.1.0/lib:/common/software/install/migrated/gmp/6.1.0_gcc6.1.0/lib:/common/software/install/migrated/bzip2/1.0.6-gnu6.1.0_PIC/lib:/common/software/install/migrated/libtiff/4.0.8/lib:/common/software/install/migrated/gcc/8.1.0/lib64:/common/software/install/migrated/curl/7.59.0_gcc7.2.0/lib:/common/software/install/migrated/xz-utils/5.2.3_gcc7.2.0/lib:/common/software/install/migrated/pcre/8.42_gcc7.2.0/lib:/common/software/install/migrated/gcc/7.2.0/lib64:/common/software/install/migrated/isl/0.18_gcc7.2.0/lib:/common/software/install/migrated/mpc/1.0.3_gcc7.2.0/lib:/common/software/install/migrated/mpfr/3.1.6_gcc7.2.0/lib:/common/software/install/migrated/gmp/6.1.2_gcc7.2.0/lib:/common/software/install/migrated/bzip2/1.0.6-gcc7.2.0/lib:/common/software/install/migrated/zlib/1.2.11_gcc7.2.0/lib:/home/lmnp/knut0297/software/modules/zlib/1.3.1/build/lib:/common/software/install/migrated/cuda/11.2/lib64:/common/software/install/migrated/openmpi/el6/3.1.6/gnu-8.2.0-cuda/lib:/common/software/install/migrated/gcc/8.2.0/lib64:/common/software/install/migrated/isl/0.19_gcc8.1.0/lib:/common/software/install/migrated/mpc/1.1.0_gcc8.1.0/lib:/common/software/install/migrated/mpfr/4.0.1_gcc8.1.0/lib:/common/software/install/migrated/gmp/6.1.2_gcc8.1.0/lib
+++ export LIBRARY_PATH
+++ LOADEDMODULES=gmp/6.1.2_gcc8.1.0:mpfr/4.0.1_gcc8.1.0:mpc/1.1.0_gcc8.1.0:isl/0.19_gcc8.1.0:gcc/8.2.0:java/openjdk-11.0.2:ompi/3.1.6/gnu-8.2.0-cuda:cuda/11.2:amber/20:conda/4.4.7-py36_0:java/openjdk-8_202:fastqc/0.12.1:parallel/20210822:parallel/20190122:/home/lmnp/knut0297/software/modulesfiles/libgtextutils/0.6:fastx_toolkit/0.0.14:libgd/2.1.0:zlib/1.3.1:riss_util/1.0:zlib/1.2.11_gcc7.2.0:bzip2/1.0.6-gnu7.2.0_PIC:gmp/6.1.2_gcc7.2.0:mpfr/3.1.6_gcc7.2.0:mpc/1.0.3_gcc7.2.0:isl/0.18_gcc7.2.0:gcc/7.2.0:pcre/8.42_gcc7.2.0:xz-utils/5.2.3_gcc7.2.0:curl/7.59.0_gcc7.2.0:gcc/8.1.0:libtiff/4.0.8:R/3.6.3:bwa/0.7.17:bzip2/1.0.6-gnu6.1.0_PIC:samtools/1.9:bedtools/2.17.0:gmp/6.1.0_gcc6.1.0:mpfr/3.1.4-p1_gcc6.1.0:mpc/1.0.3_gcc6.1.0:isl/0.16.1_gcc6.1.0:gcc/6.1.0:xz-utils/5.2.2_gcc6.1.0:htslib/1.9
+++ export LOADEDMODULES
+++ _LMFILES_=/common/software/modulefiles/migrated/common/gmp/6.1.2_gcc8.1.0:/common/software/modulefiles/migrated/common/mpfr/4.0.1_gcc8.1.0:/common/software/modulefiles/migrated/common/mpc/1.1.0_gcc8.1.0:/common/software/modulefiles/migrated/common/isl/0.19_gcc8.1.0:/common/software/modulefiles/migrated/hpc/gcc/8.2.0:/common/software/modulefiles/migrated/common/java/openjdk-11.0.2:/common/software/modulefiles/migrated/hpc/ompi/3.1.6/gnu-8.2.0-cuda:/common/software/modulefiles/migrated/hpc/cuda/11.2:/common/software/modulefiles/migrated/hpc/amber/20:/home/lmnp/knut0297/software/modulesfiles/conda/4.4.7-py36_0:/common/software/modulefiles/migrated/common/java/openjdk-8_202:/common/software/modulefiles/manual/common/fastqc/0.12.1:/common/software/modulefiles/migrated/common/parallel/20210822:/common/software/modulefiles/migrated/common/parallel/20190122:/home/lmnp/knut0297/software/modulesfiles/libgtextutils/0.6:/home/lmnp/knut0297/software/modulesfiles/fastx_toolkit/0.0.14:/common/software/modulefiles/migrated/hpc/libgd/2.1.0:/home/lmnp/knut0297/software/modulesfiles/zlib/1.3.1:/common/software/modulefiles/migrated/common/riss_util/1.0:/common/software/modulefiles/migrated/common/zlib/1.2.11_gcc7.2.0:/common/software/modulefiles/migrated/common/bzip2/1.0.6-gnu7.2.0_PIC:/common/software/modulefiles/migrated/common/gmp/6.1.2_gcc7.2.0:/common/software/modulefiles/migrated/common/mpfr/3.1.6_gcc7.2.0:/common/software/modulefiles/migrated/common/mpc/1.0.3_gcc7.2.0:/common/software/modulefiles/migrated/common/isl/0.18_gcc7.2.0:/common/software/modulefiles/migrated/common/gcc/7.2.0:/common/software/modulefiles/migrated/common/pcre/8.42_gcc7.2.0:/common/software/modulefiles/migrated/common/xz-utils/5.2.3_gcc7.2.0:/common/software/modulefiles/migrated/common/curl/7.59.0_gcc7.2.0:/common/software/modulefiles/migrated/common/gcc/8.1.0:/common/software/modulefiles/migrated/common/libtiff/4.0.8:/common/software/modulefiles/migrated/common/R/3.6.3:/home/lmnp/knut0297/software/modulesfiles/bwa/0.7.17:/common/software/modulefiles/migrated/common/bzip2/1.0.6-gnu6.1.0_PIC:/home/lmnp/knut0297/software/modulesfiles/samtools/1.9:/common/software/modulefiles/migrated/common/bedtools/2.17.0:/common/software/modulefiles/migrated/common/gmp/6.1.0_gcc6.1.0:/common/software/modulefiles/migrated/common/mpfr/3.1.4-p1_gcc6.1.0:/common/software/modulefiles/migrated/common/mpc/1.0.3_gcc6.1.0:/common/software/modulefiles/migrated/common/isl/0.16.1_gcc6.1.0:/common/software/modulefiles/migrated/common/gcc/6.1.0:/common/software/modulefiles/migrated/common/xz-utils/5.2.2_gcc6.1.0:/common/software/modulefiles/migrated/hpc/htslib/1.9
+++ export _LMFILES_
+++ PKG_CONFIG_PATH=/common/software/install/migrated/xz-utils/5.2.2_gcc6.1.0/lib/pkgconfig:/common/software/install/migrated/R/3.6.3/lib64/pkgconfig:/common/software/install/migrated/libtiff/4.0.8/lib/pkgconfig:/common/software/install/migrated/curl/7.59.0_gcc7.2.0/lib/pkgconfig:/common/software/install/migrated/xz-utils/5.2.3_gcc7.2.0/lib/pkgconfig:/common/software/install/migrated/pcre/8.42_gcc7.2.0/lib/pkgconfig:/common/software/install/migrated/zlib/1.2.11_gcc7.2.0/lib/pkgconfig:/home/lmnp/knut0297/software/modules/zlib/1.3.1/build/lib/pkgconfig:/home/lmnp/knut0297/software/modules/libgtextutils/0.6/lib/pkgconfig:/common/software/install/migrated/isl/0.19_gcc8.1.0/lib/pkgconfig:/common/software/install/migrated/mpfr/4.0.1_gcc8.1.0/lib/pkgconfig
+++ export PKG_CONFIG_PATH
+++ FPATH=/common/software/install/migrated/htslib/1.9_gcc-7.2.0_haswell/include/htslib:/common/software/install/migrated/htslib/1.9_gcc-7.2.0_haswell/include:/common/software/install/migrated/xz-utils/5.2.2_gcc6.1.0/include:/common/software/install/migrated/gcc/6.1.0/include:/common/software/install/migrated/isl/0.16.1_gcc6.1.0/include:/common/software/install/migrated/mpc/1.0.3_gcc6.1.0/include:/common/software/install/migrated/mpfr/3.1.4-p1_gcc6.1.0/include:/common/software/install/migrated/gmp/6.1.0_gcc6.1.0/include:/common/software/install/migrated/gcc/8.1.0/include:/common/software/install/migrated/curl/7.59.0_gcc7.2.0/include:/common/software/install/migrated/xz-utils/5.2.3_gcc7.2.0/include:/common/software/install/migrated/pcre/8.42_gcc7.2.0/include:/common/software/install/migrated/gcc/7.2.0/include:/common/software/install/migrated/isl/0.18_gcc7.2.0/include:/common/software/install/migrated/mpc/1.0.3_gcc7.2.0/include:/common/software/install/migrated/mpfr/3.1.6_gcc7.2.0/include:/common/software/install/migrated/gmp/6.1.2_gcc7.2.0/include:/common/software/install/migrated/zlib/1.2.11_gcc7.2.0/include:/home/lmnp/knut0297/software/modules/zlib/1.3.1/build/include:/common/software/install/migrated/libgd/2.1.0/include:/common/software/install/migrated/cuda/11.2/include:/common/software/install/migrated/openmpi/el6/3.1.6/gnu-8.2.0-cuda/include:/common/software/install/migrated/gcc/8.2.0/include:/common/software/install/migrated/isl/0.19_gcc8.1.0/include:/common/software/install/migrated/mpc/1.1.0_gcc8.1.0/include:/common/software/install/migrated/mpfr/4.0.1_gcc8.1.0/include:/common/software/install/migrated/gmp/6.1.2_gcc8.1.0/include
+++ export FPATH
+++ __MODULES_LMTAG='gmp/6.1.2_gcc8.1.0&auto-loaded:mpfr/4.0.1_gcc8.1.0&auto-loaded:mpc/1.1.0_gcc8.1.0&auto-loaded:isl/0.19_gcc8.1.0&auto-loaded:gcc/8.2.0&auto-loaded:java/openjdk-11.0.2&auto-loaded:ompi/3.1.6/gnu-8.2.0-cuda&auto-loaded:cuda/11.2&auto-loaded:java/openjdk-8_202&auto-loaded:/home/lmnp/knut0297/software/modulesfiles/libgtextutils/0.6&auto-loaded:libgd/2.1.0&auto-loaded:zlib/1.3.1&auto-loaded:zlib/1.2.11_gcc7.2.0&auto-loaded:bzip2/1.0.6-gnu7.2.0_PIC&auto-loaded:gmp/6.1.2_gcc7.2.0&auto-loaded:mpfr/3.1.6_gcc7.2.0&auto-loaded:mpc/1.0.3_gcc7.2.0&auto-loaded:isl/0.18_gcc7.2.0&auto-loaded:gcc/7.2.0&auto-loaded:pcre/8.42_gcc7.2.0&auto-loaded:xz-utils/5.2.3_gcc7.2.0&auto-loaded:curl/7.59.0_gcc7.2.0&auto-loaded:gcc/8.1.0&auto-loaded:libtiff/4.0.8&auto-loaded:bzip2/1.0.6-gnu6.1.0_PIC&auto-loaded:gmp/6.1.0_gcc6.1.0&auto-loaded:mpfr/3.1.4-p1_gcc6.1.0&auto-loaded:mpc/1.0.3_gcc6.1.0&auto-loaded:isl/0.16.1_gcc6.1.0&auto-loaded:gcc/6.1.0&auto-loaded:xz-utils/5.2.2_gcc6.1.0&auto-loaded'
+++ export __MODULES_LMTAG
+++ INCLUDE=/common/software/install/migrated/htslib/1.9_gcc-7.2.0_haswell/include/htslib:/common/software/install/migrated/htslib/1.9_gcc-7.2.0_haswell/include:/common/software/install/migrated/xz-utils/5.2.2_gcc6.1.0/include:/common/software/install/migrated/gcc/6.1.0/include:/common/software/install/migrated/isl/0.16.1_gcc6.1.0/include:/common/software/install/migrated/mpc/1.0.3_gcc6.1.0/include:/common/software/install/migrated/mpfr/3.1.4-p1_gcc6.1.0/include:/common/software/install/migrated/gmp/6.1.0_gcc6.1.0/include:/common/software/install/migrated/bzip2/1.0.6-gnu6.1.0_PIC/include:/common/software/install/migrated/libtiff/4.0.8/include:/common/software/install/migrated/gcc/8.1.0/include:/common/software/install/migrated/curl/7.59.0_gcc7.2.0/include:/common/software/install/migrated/xz-utils/5.2.3_gcc7.2.0/include:/common/software/install/migrated/pcre/8.42_gcc7.2.0/include:/common/software/install/migrated/gcc/7.2.0/include:/common/software/install/migrated/isl/0.18_gcc7.2.0/include:/common/software/install/migrated/mpc/1.0.3_gcc7.2.0/include:/common/software/install/migrated/mpfr/3.1.6_gcc7.2.0/include:/common/software/install/migrated/gmp/6.1.2_gcc7.2.0/include:/common/software/install/migrated/bzip2/1.0.6-gcc7.2.0/include:/common/software/install/migrated/zlib/1.2.11_gcc7.2.0/include:/home/lmnp/knut0297/software/modules/zlib/1.3.1/build/include:/common/software/install/migrated/libgd/2.1.0/include:/common/software/install/migrated/java/openjdk-8_202/include:/common/software/install/migrated/cuda/11.2/include:/common/software/install/migrated/openmpi/el6/3.1.6/gnu-8.2.0-cuda/include:/common/software/install/migrated/java/openjdk-11.0.2/include:/common/software/install/migrated/gcc/8.2.0/include:/common/software/install/migrated/isl/0.19_gcc8.1.0/include:/common/software/install/migrated/mpc/1.1.0_gcc8.1.0/include:/common/software/install/migrated/mpfr/4.0.1_gcc8.1.0/include:/common/software/install/migrated/gmp/6.1.2_gcc8.1.0/include
+++ export INCLUDE
+++ CPLUS_INCLUDE_PATH=/common/software/install/migrated/htslib/1.9_gcc-7.2.0_haswell/include/htslib:/common/software/install/migrated/htslib/1.9_gcc-7.2.0_haswell/include:/common/software/install/migrated/xz-utils/5.2.2_gcc6.1.0/include:/common/software/install/migrated/gcc/6.1.0/include:/common/software/install/migrated/isl/0.16.1_gcc6.1.0/include:/common/software/install/migrated/mpc/1.0.3_gcc6.1.0/include:/common/software/install/migrated/mpfr/3.1.4-p1_gcc6.1.0/include:/common/software/install/migrated/gmp/6.1.0_gcc6.1.0/include:/common/software/install/migrated/bzip2/1.0.6-gnu6.1.0_PIC/include:/common/software/install/migrated/libtiff/4.0.8/include:/common/software/install/migrated/gcc/8.1.0/include:/common/software/install/migrated/curl/7.59.0_gcc7.2.0/include:/common/software/install/migrated/xz-utils/5.2.3_gcc7.2.0/include:/common/software/install/migrated/pcre/8.42_gcc7.2.0/include:/common/software/install/migrated/gcc/7.2.0/include:/common/software/install/migrated/isl/0.18_gcc7.2.0/include:/common/software/install/migrated/mpc/1.0.3_gcc7.2.0/include:/common/software/install/migrated/mpfr/3.1.6_gcc7.2.0/include:/common/software/install/migrated/gmp/6.1.2_gcc7.2.0/include:/common/software/install/migrated/bzip2/1.0.6-gcc7.2.0/include:/common/software/install/migrated/zlib/1.2.11_gcc7.2.0/include:/home/lmnp/knut0297/software/modules/zlib/1.3.1/build/include:/common/software/install/migrated/libgd/2.1.0/include:/common/software/install/migrated/java/openjdk-8_202/include:/common/software/install/migrated/cuda/11.2/include:/common/software/install/migrated/openmpi/el6/3.1.6/gnu-8.2.0-cuda/include:/common/software/install/migrated/java/openjdk-11.0.2/include:/common/software/install/migrated/gcc/8.2.0/include:/common/software/install/migrated/isl/0.19_gcc8.1.0/include:/common/software/install/migrated/mpc/1.1.0_gcc8.1.0/include:/common/software/install/migrated/mpfr/4.0.1_gcc8.1.0/include:/common/software/install/migrated/gmp/6.1.2_gcc8.1.0/include
+++ export CPLUS_INCLUDE_PATH
+++ __MODULES_SHARE_LD_LIBRARY_PATH=/common/software/install/migrated/gcc/6.1.0/lib64:2:/common/software/install/migrated/gcc/8.1.0/lib64:2:/common/software/install/migrated/gcc/7.2.0/lib64:2
+++ export __MODULES_SHARE_LD_LIBRARY_PATH
+++ __MODULES_LMALTNAME='gcc/8.2.0&gcc/default&gcc:cuda/11.2&cuda&as|cuda/default:conda/4.4.7-py36_0&conda/default&conda&as|conda/latest:java/openjdk-8_202&java&as|java/default:fastqc/0.12.1&as|fastqc/default&as|fastqc/latest:parallel/20210822&parallel/default&parallel&as|parallel/latest:fastx_toolkit/0.0.14&fastx_toolkit/default&fastx_toolkit&as|fastx_toolkit/latest:libgd/2.1.0&as|libgd/default&as|libgd/latest:zlib/1.3.1&zlib/default&zlib&as|zlib/latest:riss_util/1.0&as|riss_util/default&as|riss_util/latest:xz-utils/5.2.3_gcc7.2.0&as|xz-utils/default&as|xz-utils/latest:curl/7.59.0_gcc7.2.0&as|curl/default&as|curl/latest:libtiff/4.0.8&as|libtiff/default&as|libtiff/latest:bwa/0.7.17&bwa/default&bwa&as|bwa/latest:htslib/1.9&as|htslib/default&as|htslib/latest'
+++ export __MODULES_LMALTNAME
+++ __MODULES_SHARE_MANPATH=:1
+++ export __MODULES_SHARE_MANPATH
+++ C_INCLUDE_PATH=/common/software/install/migrated/htslib/1.9_gcc-7.2.0_haswell/include/htslib:/common/software/install/migrated/htslib/1.9_gcc-7.2.0_haswell/include:/common/software/install/migrated/xz-utils/5.2.2_gcc6.1.0/include:/common/software/install/migrated/gcc/6.1.0/include:/common/software/install/migrated/isl/0.16.1_gcc6.1.0/include:/common/software/install/migrated/mpc/1.0.3_gcc6.1.0/include:/common/software/install/migrated/mpfr/3.1.4-p1_gcc6.1.0/include:/common/software/install/migrated/gmp/6.1.0_gcc6.1.0/include:/common/software/install/migrated/bzip2/1.0.6-gnu6.1.0_PIC/include:/common/software/install/migrated/libtiff/4.0.8/include:/common/software/install/migrated/gcc/8.1.0/include:/common/software/install/migrated/curl/7.59.0_gcc7.2.0/include:/common/software/install/migrated/xz-utils/5.2.3_gcc7.2.0/include:/common/software/install/migrated/pcre/8.42_gcc7.2.0/include:/common/software/install/migrated/gcc/7.2.0/include:/common/software/install/migrated/isl/0.18_gcc7.2.0/include:/common/software/install/migrated/mpc/1.0.3_gcc7.2.0/include:/common/software/install/migrated/mpfr/3.1.6_gcc7.2.0/include:/common/software/install/migrated/gmp/6.1.2_gcc7.2.0/include:/common/software/install/migrated/bzip2/1.0.6-gcc7.2.0/include:/common/software/install/migrated/zlib/1.2.11_gcc7.2.0/include:/home/lmnp/knut0297/software/modules/zlib/1.3.1/build/include:/common/software/install/migrated/libgd/2.1.0/include:/common/software/install/migrated/java/openjdk-8_202/include:/common/software/install/migrated/cuda/11.2/include:/common/software/install/migrated/openmpi/el6/3.1.6/gnu-8.2.0-cuda/include:/common/software/install/migrated/java/openjdk-11.0.2/include:/common/software/install/migrated/gcc/8.2.0/include:/common/software/install/migrated/isl/0.19_gcc8.1.0/include:/common/software/install/migrated/mpc/1.1.0_gcc8.1.0/include:/common/software/install/migrated/mpfr/4.0.1_gcc8.1.0/include:/common/software/install/migrated/gmp/6.1.2_gcc8.1.0/include
+++ export C_INCLUDE_PATH
+++ PATH=/common/software/install/migrated/htslib/1.9_gcc-7.2.0_haswell/bin:/common/software/install/migrated/xz-utils/5.2.2_gcc6.1.0/bin:/common/software/install/migrated/gcc/6.1.0/bin:/common/software/install/migrated/bedtools/2.17.0/bin:/home/lmnp/knut0297/software/modules/samtools/1.9/bin:/common/software/install/migrated/bzip2/1.0.6-gnu6.1.0_PIC/bin:/home/lmnp/knut0297/software/modules/bwa/0.7.17/bin:/common/software/install/migrated/R/3.6.3/bin:/common/software/install/migrated/libtiff/4.0.8/bin:/common/software/install/migrated/gcc/8.1.0/bin:/common/software/install/migrated/curl/7.59.0_gcc7.2.0/bin:/common/software/install/migrated/xz-utils/5.2.3_gcc7.2.0/bin:/common/software/install/migrated/pcre/8.42_gcc7.2.0/bin:/common/software/install/migrated/gcc/7.2.0/bin:/common/software/install/migrated/bzip2/1.0.6-gcc7.2.0/bin:/common/software/install/migrated/riss_util/1.0/bin:/common/software/install/migrated/libgd/2.1.0/bin:/users/3/pier0273/morrell_lab:/home/lmnp/knut0297/software/modules/fastx_toolkit/0.0.14/bin:/common/software/install/migrated/parallel/20190122/bin:/common/software/install/migrated/parallel/20210822/bin:/common/software/install/manual/fastqc/0.12.1:/common/software/install/migrated/java/openjdk-8_202/bin:/users/3/pier0273/bin:/users/3/pier0273/vim/bin:/home/lmnp/knut0297/software/modules/conda/4.4.7-py36_0/bin:/common/software/install/migrated/cuda/11.2/bin:/common/software/install/migrated/openmpi/el6/3.1.6/gnu-8.2.0-cuda/bin:/common/software/install/migrated/java/openjdk-11.0.2/bin:/common/software/install/migrated/gcc/8.2.0/bin:/users/3/pier0273/vim/bin:/opt/msi/bin:/usr/share/Modules/bin:/usr/local/bin:/usr/bin:/usr/local/sbin:/usr/sbin:/opt/puppetlabs/bin:/common/software/install/migrated/amber/amber20/bin
+++ export PATH
+++ test 0
++ _mlstatus=0
++ '[' -n x ']'
++ IFS=' 	
'
++ unset _mlre _mlv _mlrv _mlIFS
++ return 0
++ module load java/openjdk-8_202
++ local _mlredir=1
++ '[' -n '' ']'
++ case " $@ " in
++ '[' 1 -eq 0 ']'
++ _module_raw load java/openjdk-8_202
++ unset _mlre _mlIFS
++ '[' -n x ']'
++ _mlIFS=' 	
'
++ IFS=' '
++ for _mlv in ${MODULES_RUN_QUARANTINE:-}
++ '[' LD_LIBRARY_PATH = LD_LIBRARY_PATH ']'
++ '[' LD_LIBRARY_PATH = LD_LIBRARY_PATH ']'
+++ eval 'echo ${LD_LIBRARY_PATH+x}'
++++ echo x
++ '[' -n x ']'
+++ eval 'echo ${LD_LIBRARY_PATH}'
++++ echo /common/software/install/migrated/htslib/1.9_gcc-7.2.0_haswell/lib:/common/software/install/migrated/xz-utils/5.2.2_gcc6.1.0/lib:/common/software/install/migrated/isl/0.16.1_gcc6.1.0/lib:/common/software/install/migrated/mpc/1.0.3_gcc6.1.0/lib:/common/software/install/migrated/mpfr/3.1.4-p1_gcc6.1.0/lib:/common/software/install/migrated/gmp/6.1.0_gcc6.1.0/lib:/common/software/install/migrated/bzip2/1.0.6-gnu6.1.0_PIC/lib:/common/software/install/migrated/R/3.6.3/lib64/R/lib:/common/software/install/migrated/R/3.6.3/lib64:/common/software/install/migrated/libtiff/4.0.8/lib:/common/software/install/migrated/curl/7.59.0_gcc7.2.0/lib:/common/software/install/migrated/xz-utils/5.2.3_gcc7.2.0/lib:/common/software/install/migrated/pcre/8.42_gcc7.2.0/lib:/common/software/install/migrated/isl/0.18_gcc7.2.0/lib:/common/software/install/migrated/mpc/1.0.3_gcc7.2.0/lib:/common/software/install/migrated/mpfr/3.1.6_gcc7.2.0/lib:/common/software/install/migrated/gmp/6.1.2_gcc7.2.0/lib:/common/software/install/migrated/bzip2/1.0.6-gcc7.2.0/lib:/common/software/install/migrated/zlib/1.2.11_gcc7.2.0/lib:/home/lmnp/knut0297/software/modules/zlib/1.3.1/build/lib:/common/software/install/migrated/libgd/2.1.0/lib:/common/software/install/migrated/java/openjdk-8_202/lib:/common/software/install/migrated/java/openjdk-8_202/jre/lib/amd64/server:/common/software/install/migrated/cuda/11.2/lib64:/common/software/install/migrated/openmpi/el6/3.1.6/gnu-8.2.0-cuda/lib:/common/software/install/migrated/java/openjdk-11.0.2/lib:/common/software/install/migrated/java/openjdk-11.0.2/lib/jli:/common/software/install/migrated/java/openjdk-11.0.2/lib/server:/common/software/install/migrated/gcc/8.2.0/lib64:/common/software/install/migrated/isl/0.19_gcc8.1.0/lib:/common/software/install/migrated/mpc/1.1.0_gcc8.1.0/lib:/common/software/install/migrated/mpfr/4.0.1_gcc8.1.0/lib:/common/software/install/migrated/gmp/6.1.2_gcc8.1.0/lib:/common/software/install/migrated/gcc/8.1.0/lib64:/common/software/install/migrated/amber/amber20/lib:/common/software/install/migrated/gcc/7.2.0/lib64:/common/software/install/migrated/gcc/6.1.0/lib64
++ _mlre='__MODULES_QUAR_LD_LIBRARY_PATH='\''/common/software/install/migrated/htslib/1.9_gcc-7.2.0_haswell/lib:/common/software/install/migrated/xz-utils/5.2.2_gcc6.1.0/lib:/common/software/install/migrated/isl/0.16.1_gcc6.1.0/lib:/common/software/install/migrated/mpc/1.0.3_gcc6.1.0/lib:/common/software/install/migrated/mpfr/3.1.4-p1_gcc6.1.0/lib:/common/software/install/migrated/gmp/6.1.0_gcc6.1.0/lib:/common/software/install/migrated/bzip2/1.0.6-gnu6.1.0_PIC/lib:/common/software/install/migrated/R/3.6.3/lib64/R/lib:/common/software/install/migrated/R/3.6.3/lib64:/common/software/install/migrated/libtiff/4.0.8/lib:/common/software/install/migrated/curl/7.59.0_gcc7.2.0/lib:/common/software/install/migrated/xz-utils/5.2.3_gcc7.2.0/lib:/common/software/install/migrated/pcre/8.42_gcc7.2.0/lib:/common/software/install/migrated/isl/0.18_gcc7.2.0/lib:/common/software/install/migrated/mpc/1.0.3_gcc7.2.0/lib:/common/software/install/migrated/mpfr/3.1.6_gcc7.2.0/lib:/common/software/install/migrated/gmp/6.1.2_gcc7.2.0/lib:/common/software/install/migrated/bzip2/1.0.6-gcc7.2.0/lib:/common/software/install/migrated/zlib/1.2.11_gcc7.2.0/lib:/home/lmnp/knut0297/software/modules/zlib/1.3.1/build/lib:/common/software/install/migrated/libgd/2.1.0/lib:/common/software/install/migrated/java/openjdk-8_202/lib:/common/software/install/migrated/java/openjdk-8_202/jre/lib/amd64/server:/common/software/install/migrated/cuda/11.2/lib64:/common/software/install/migrated/openmpi/el6/3.1.6/gnu-8.2.0-cuda/lib:/common/software/install/migrated/java/openjdk-11.0.2/lib:/common/software/install/migrated/java/openjdk-11.0.2/lib/jli:/common/software/install/migrated/java/openjdk-11.0.2/lib/server:/common/software/install/migrated/gcc/8.2.0/lib64:/common/software/install/migrated/isl/0.19_gcc8.1.0/lib:/common/software/install/migrated/mpc/1.1.0_gcc8.1.0/lib:/common/software/install/migrated/mpfr/4.0.1_gcc8.1.0/lib:/common/software/install/migrated/gmp/6.1.2_gcc8.1.0/lib:/common/software/install/migrated/gcc/8.1.0/lib64:/common/software/install/migrated/amber/amber20/lib:/common/software/install/migrated/gcc/7.2.0/lib64:/common/software/install/migrated/gcc/6.1.0/lib64'\'' '
++ _mlrv=MODULES_RUNENV_LD_LIBRARY_PATH
+++ eval 'echo ${MODULES_RUNENV_LD_LIBRARY_PATH:-}'
++++ echo
++ _mlre='__MODULES_QUAR_LD_LIBRARY_PATH='\''/common/software/install/migrated/htslib/1.9_gcc-7.2.0_haswell/lib:/common/software/install/migrated/xz-utils/5.2.2_gcc6.1.0/lib:/common/software/install/migrated/isl/0.16.1_gcc6.1.0/lib:/common/software/install/migrated/mpc/1.0.3_gcc6.1.0/lib:/common/software/install/migrated/mpfr/3.1.4-p1_gcc6.1.0/lib:/common/software/install/migrated/gmp/6.1.0_gcc6.1.0/lib:/common/software/install/migrated/bzip2/1.0.6-gnu6.1.0_PIC/lib:/common/software/install/migrated/R/3.6.3/lib64/R/lib:/common/software/install/migrated/R/3.6.3/lib64:/common/software/install/migrated/libtiff/4.0.8/lib:/common/software/install/migrated/curl/7.59.0_gcc7.2.0/lib:/common/software/install/migrated/xz-utils/5.2.3_gcc7.2.0/lib:/common/software/install/migrated/pcre/8.42_gcc7.2.0/lib:/common/software/install/migrated/isl/0.18_gcc7.2.0/lib:/common/software/install/migrated/mpc/1.0.3_gcc7.2.0/lib:/common/software/install/migrated/mpfr/3.1.6_gcc7.2.0/lib:/common/software/install/migrated/gmp/6.1.2_gcc7.2.0/lib:/common/software/install/migrated/bzip2/1.0.6-gcc7.2.0/lib:/common/software/install/migrated/zlib/1.2.11_gcc7.2.0/lib:/home/lmnp/knut0297/software/modules/zlib/1.3.1/build/lib:/common/software/install/migrated/libgd/2.1.0/lib:/common/software/install/migrated/java/openjdk-8_202/lib:/common/software/install/migrated/java/openjdk-8_202/jre/lib/amd64/server:/common/software/install/migrated/cuda/11.2/lib64:/common/software/install/migrated/openmpi/el6/3.1.6/gnu-8.2.0-cuda/lib:/common/software/install/migrated/java/openjdk-11.0.2/lib:/common/software/install/migrated/java/openjdk-11.0.2/lib/jli:/common/software/install/migrated/java/openjdk-11.0.2/lib/server:/common/software/install/migrated/gcc/8.2.0/lib64:/common/software/install/migrated/isl/0.19_gcc8.1.0/lib:/common/software/install/migrated/mpc/1.1.0_gcc8.1.0/lib:/common/software/install/migrated/mpfr/4.0.1_gcc8.1.0/lib:/common/software/install/migrated/gmp/6.1.2_gcc8.1.0/lib:/common/software/install/migrated/gcc/8.1.0/lib64:/common/software/install/migrated/amber/amber20/lib:/common/software/install/migrated/gcc/7.2.0/lib64:/common/software/install/migrated/gcc/6.1.0/lib64'\'' LD_LIBRARY_PATH='\'''\'' '
++ for _mlv in ${MODULES_RUN_QUARANTINE:-}
++ '[' LD_PRELOAD = LD_PRELOAD ']'
++ '[' LD_PRELOAD = LD_PRELOAD ']'
+++ eval 'echo ${LD_PRELOAD+x}'
++++ echo
++ '[' -n '' ']'
++ _mlrv=MODULES_RUNENV_LD_PRELOAD
+++ eval 'echo ${MODULES_RUNENV_LD_PRELOAD:-}'
++++ echo
++ _mlre='__MODULES_QUAR_LD_LIBRARY_PATH='\''/common/software/install/migrated/htslib/1.9_gcc-7.2.0_haswell/lib:/common/software/install/migrated/xz-utils/5.2.2_gcc6.1.0/lib:/common/software/install/migrated/isl/0.16.1_gcc6.1.0/lib:/common/software/install/migrated/mpc/1.0.3_gcc6.1.0/lib:/common/software/install/migrated/mpfr/3.1.4-p1_gcc6.1.0/lib:/common/software/install/migrated/gmp/6.1.0_gcc6.1.0/lib:/common/software/install/migrated/bzip2/1.0.6-gnu6.1.0_PIC/lib:/common/software/install/migrated/R/3.6.3/lib64/R/lib:/common/software/install/migrated/R/3.6.3/lib64:/common/software/install/migrated/libtiff/4.0.8/lib:/common/software/install/migrated/curl/7.59.0_gcc7.2.0/lib:/common/software/install/migrated/xz-utils/5.2.3_gcc7.2.0/lib:/common/software/install/migrated/pcre/8.42_gcc7.2.0/lib:/common/software/install/migrated/isl/0.18_gcc7.2.0/lib:/common/software/install/migrated/mpc/1.0.3_gcc7.2.0/lib:/common/software/install/migrated/mpfr/3.1.6_gcc7.2.0/lib:/common/software/install/migrated/gmp/6.1.2_gcc7.2.0/lib:/common/software/install/migrated/bzip2/1.0.6-gcc7.2.0/lib:/common/software/install/migrated/zlib/1.2.11_gcc7.2.0/lib:/home/lmnp/knut0297/software/modules/zlib/1.3.1/build/lib:/common/software/install/migrated/libgd/2.1.0/lib:/common/software/install/migrated/java/openjdk-8_202/lib:/common/software/install/migrated/java/openjdk-8_202/jre/lib/amd64/server:/common/software/install/migrated/cuda/11.2/lib64:/common/software/install/migrated/openmpi/el6/3.1.6/gnu-8.2.0-cuda/lib:/common/software/install/migrated/java/openjdk-11.0.2/lib:/common/software/install/migrated/java/openjdk-11.0.2/lib/jli:/common/software/install/migrated/java/openjdk-11.0.2/lib/server:/common/software/install/migrated/gcc/8.2.0/lib64:/common/software/install/migrated/isl/0.19_gcc8.1.0/lib:/common/software/install/migrated/mpc/1.1.0_gcc8.1.0/lib:/common/software/install/migrated/mpfr/4.0.1_gcc8.1.0/lib:/common/software/install/migrated/gmp/6.1.2_gcc8.1.0/lib:/common/software/install/migrated/gcc/8.1.0/lib64:/common/software/install/migrated/amber/amber20/lib:/common/software/install/migrated/gcc/7.2.0/lib64:/common/software/install/migrated/gcc/6.1.0/lib64'\'' LD_LIBRARY_PATH='\'''\'' LD_PRELOAD='\'''\'' '
++ '[' -n '__MODULES_QUAR_LD_LIBRARY_PATH='\''/common/software/install/migrated/htslib/1.9_gcc-7.2.0_haswell/lib:/common/software/install/migrated/xz-utils/5.2.2_gcc6.1.0/lib:/common/software/install/migrated/isl/0.16.1_gcc6.1.0/lib:/common/software/install/migrated/mpc/1.0.3_gcc6.1.0/lib:/common/software/install/migrated/mpfr/3.1.4-p1_gcc6.1.0/lib:/common/software/install/migrated/gmp/6.1.0_gcc6.1.0/lib:/common/software/install/migrated/bzip2/1.0.6-gnu6.1.0_PIC/lib:/common/software/install/migrated/R/3.6.3/lib64/R/lib:/common/software/install/migrated/R/3.6.3/lib64:/common/software/install/migrated/libtiff/4.0.8/lib:/common/software/install/migrated/curl/7.59.0_gcc7.2.0/lib:/common/software/install/migrated/xz-utils/5.2.3_gcc7.2.0/lib:/common/software/install/migrated/pcre/8.42_gcc7.2.0/lib:/common/software/install/migrated/isl/0.18_gcc7.2.0/lib:/common/software/install/migrated/mpc/1.0.3_gcc7.2.0/lib:/common/software/install/migrated/mpfr/3.1.6_gcc7.2.0/lib:/common/software/install/migrated/gmp/6.1.2_gcc7.2.0/lib:/common/software/install/migrated/bzip2/1.0.6-gcc7.2.0/lib:/common/software/install/migrated/zlib/1.2.11_gcc7.2.0/lib:/home/lmnp/knut0297/software/modules/zlib/1.3.1/build/lib:/common/software/install/migrated/libgd/2.1.0/lib:/common/software/install/migrated/java/openjdk-8_202/lib:/common/software/install/migrated/java/openjdk-8_202/jre/lib/amd64/server:/common/software/install/migrated/cuda/11.2/lib64:/common/software/install/migrated/openmpi/el6/3.1.6/gnu-8.2.0-cuda/lib:/common/software/install/migrated/java/openjdk-11.0.2/lib:/common/software/install/migrated/java/openjdk-11.0.2/lib/jli:/common/software/install/migrated/java/openjdk-11.0.2/lib/server:/common/software/install/migrated/gcc/8.2.0/lib64:/common/software/install/migrated/isl/0.19_gcc8.1.0/lib:/common/software/install/migrated/mpc/1.1.0_gcc8.1.0/lib:/common/software/install/migrated/mpfr/4.0.1_gcc8.1.0/lib:/common/software/install/migrated/gmp/6.1.2_gcc8.1.0/lib:/common/software/install/migrated/gcc/8.1.0/lib64:/common/software/install/migrated/amber/amber20/lib:/common/software/install/migrated/gcc/7.2.0/lib64:/common/software/install/migrated/gcc/6.1.0/lib64'\'' LD_LIBRARY_PATH='\'''\'' LD_PRELOAD='\'''\'' ' ']'
++ _mlre='__MODULES_QUAR_LD_LIBRARY_PATH='\''/common/software/install/migrated/htslib/1.9_gcc-7.2.0_haswell/lib:/common/software/install/migrated/xz-utils/5.2.2_gcc6.1.0/lib:/common/software/install/migrated/isl/0.16.1_gcc6.1.0/lib:/common/software/install/migrated/mpc/1.0.3_gcc6.1.0/lib:/common/software/install/migrated/mpfr/3.1.4-p1_gcc6.1.0/lib:/common/software/install/migrated/gmp/6.1.0_gcc6.1.0/lib:/common/software/install/migrated/bzip2/1.0.6-gnu6.1.0_PIC/lib:/common/software/install/migrated/R/3.6.3/lib64/R/lib:/common/software/install/migrated/R/3.6.3/lib64:/common/software/install/migrated/libtiff/4.0.8/lib:/common/software/install/migrated/curl/7.59.0_gcc7.2.0/lib:/common/software/install/migrated/xz-utils/5.2.3_gcc7.2.0/lib:/common/software/install/migrated/pcre/8.42_gcc7.2.0/lib:/common/software/install/migrated/isl/0.18_gcc7.2.0/lib:/common/software/install/migrated/mpc/1.0.3_gcc7.2.0/lib:/common/software/install/migrated/mpfr/3.1.6_gcc7.2.0/lib:/common/software/install/migrated/gmp/6.1.2_gcc7.2.0/lib:/common/software/install/migrated/bzip2/1.0.6-gcc7.2.0/lib:/common/software/install/migrated/zlib/1.2.11_gcc7.2.0/lib:/home/lmnp/knut0297/software/modules/zlib/1.3.1/build/lib:/common/software/install/migrated/libgd/2.1.0/lib:/common/software/install/migrated/java/openjdk-8_202/lib:/common/software/install/migrated/java/openjdk-8_202/jre/lib/amd64/server:/common/software/install/migrated/cuda/11.2/lib64:/common/software/install/migrated/openmpi/el6/3.1.6/gnu-8.2.0-cuda/lib:/common/software/install/migrated/java/openjdk-11.0.2/lib:/common/software/install/migrated/java/openjdk-11.0.2/lib/jli:/common/software/install/migrated/java/openjdk-11.0.2/lib/server:/common/software/install/migrated/gcc/8.2.0/lib64:/common/software/install/migrated/isl/0.19_gcc8.1.0/lib:/common/software/install/migrated/mpc/1.1.0_gcc8.1.0/lib:/common/software/install/migrated/mpfr/4.0.1_gcc8.1.0/lib:/common/software/install/migrated/gmp/6.1.2_gcc8.1.0/lib:/common/software/install/migrated/gcc/8.1.0/lib64:/common/software/install/migrated/amber/amber20/lib:/common/software/install/migrated/gcc/7.2.0/lib64:/common/software/install/migrated/gcc/6.1.0/lib64'\'' LD_LIBRARY_PATH='\'''\'' LD_PRELOAD='\'''\'' __MODULES_QUARANTINE_SET=1 '
+++ eval '__MODULES_QUAR_LD_LIBRARY_PATH='\''/common/software/install/migrated/htslib/1.9_gcc-7.2.0_haswell/lib:/common/software/install/migrated/xz-utils/5.2.2_gcc6.1.0/lib:/common/software/install/migrated/isl/0.16.1_gcc6.1.0/lib:/common/software/install/migrated/mpc/1.0.3_gcc6.1.0/lib:/common/software/install/migrated/mpfr/3.1.4-p1_gcc6.1.0/lib:/common/software/install/migrated/gmp/6.1.0_gcc6.1.0/lib:/common/software/install/migrated/bzip2/1.0.6-gnu6.1.0_PIC/lib:/common/software/install/migrated/R/3.6.3/lib64/R/lib:/common/software/install/migrated/R/3.6.3/lib64:/common/software/install/migrated/libtiff/4.0.8/lib:/common/software/install/migrated/curl/7.59.0_gcc7.2.0/lib:/common/software/install/migrated/xz-utils/5.2.3_gcc7.2.0/lib:/common/software/install/migrated/pcre/8.42_gcc7.2.0/lib:/common/software/install/migrated/isl/0.18_gcc7.2.0/lib:/common/software/install/migrated/mpc/1.0.3_gcc7.2.0/lib:/common/software/install/migrated/mpfr/3.1.6_gcc7.2.0/lib:/common/software/install/migrated/gmp/6.1.2_gcc7.2.0/lib:/common/software/install/migrated/bzip2/1.0.6-gcc7.2.0/lib:/common/software/install/migrated/zlib/1.2.11_gcc7.2.0/lib:/home/lmnp/knut0297/software/modules/zlib/1.3.1/build/lib:/common/software/install/migrated/libgd/2.1.0/lib:/common/software/install/migrated/java/openjdk-8_202/lib:/common/software/install/migrated/java/openjdk-8_202/jre/lib/amd64/server:/common/software/install/migrated/cuda/11.2/lib64:/common/software/install/migrated/openmpi/el6/3.1.6/gnu-8.2.0-cuda/lib:/common/software/install/migrated/java/openjdk-11.0.2/lib:/common/software/install/migrated/java/openjdk-11.0.2/lib/jli:/common/software/install/migrated/java/openjdk-11.0.2/lib/server:/common/software/install/migrated/gcc/8.2.0/lib64:/common/software/install/migrated/isl/0.19_gcc8.1.0/lib:/common/software/install/migrated/mpc/1.1.0_gcc8.1.0/lib:/common/software/install/migrated/mpfr/4.0.1_gcc8.1.0/lib:/common/software/install/migrated/gmp/6.1.2_gcc8.1.0/lib:/common/software/install/migrated/gcc/8.1.0/lib64:/common/software/install/migrated/amber/amber20/lib:/common/software/install/migrated/gcc/7.2.0/lib64:/common/software/install/migrated/gcc/6.1.0/lib64'\''' 'LD_LIBRARY_PATH='\'''\''' 'LD_PRELOAD='\'''\''' __MODULES_QUARANTINE_SET=1 /usr/bin/tclsh /usr/share/Modules/libexec/modulecmd.tcl bash '"$@"'
++++ __MODULES_QUAR_LD_LIBRARY_PATH=/common/software/install/migrated/htslib/1.9_gcc-7.2.0_haswell/lib:/common/software/install/migrated/xz-utils/5.2.2_gcc6.1.0/lib:/common/software/install/migrated/isl/0.16.1_gcc6.1.0/lib:/common/software/install/migrated/mpc/1.0.3_gcc6.1.0/lib:/common/software/install/migrated/mpfr/3.1.4-p1_gcc6.1.0/lib:/common/software/install/migrated/gmp/6.1.0_gcc6.1.0/lib:/common/software/install/migrated/bzip2/1.0.6-gnu6.1.0_PIC/lib:/common/software/install/migrated/R/3.6.3/lib64/R/lib:/common/software/install/migrated/R/3.6.3/lib64:/common/software/install/migrated/libtiff/4.0.8/lib:/common/software/install/migrated/curl/7.59.0_gcc7.2.0/lib:/common/software/install/migrated/xz-utils/5.2.3_gcc7.2.0/lib:/common/software/install/migrated/pcre/8.42_gcc7.2.0/lib:/common/software/install/migrated/isl/0.18_gcc7.2.0/lib:/common/software/install/migrated/mpc/1.0.3_gcc7.2.0/lib:/common/software/install/migrated/mpfr/3.1.6_gcc7.2.0/lib:/common/software/install/migrated/gmp/6.1.2_gcc7.2.0/lib:/common/software/install/migrated/bzip2/1.0.6-gcc7.2.0/lib:/common/software/install/migrated/zlib/1.2.11_gcc7.2.0/lib:/home/lmnp/knut0297/software/modules/zlib/1.3.1/build/lib:/common/software/install/migrated/libgd/2.1.0/lib:/common/software/install/migrated/java/openjdk-8_202/lib:/common/software/install/migrated/java/openjdk-8_202/jre/lib/amd64/server:/common/software/install/migrated/cuda/11.2/lib64:/common/software/install/migrated/openmpi/el6/3.1.6/gnu-8.2.0-cuda/lib:/common/software/install/migrated/java/openjdk-11.0.2/lib:/common/software/install/migrated/java/openjdk-11.0.2/lib/jli:/common/software/install/migrated/java/openjdk-11.0.2/lib/server:/common/software/install/migrated/gcc/8.2.0/lib64:/common/software/install/migrated/isl/0.19_gcc8.1.0/lib:/common/software/install/migrated/mpc/1.1.0_gcc8.1.0/lib:/common/software/install/migrated/mpfr/4.0.1_gcc8.1.0/lib:/common/software/install/migrated/gmp/6.1.2_gcc8.1.0/lib:/common/software/install/migrated/gcc/8.1.0/lib64:/common/software/install/migrated/amber/amber20/lib:/common/software/install/migrated/gcc/7.2.0/lib64:/common/software/install/migrated/gcc/6.1.0/lib64
++++ LD_LIBRARY_PATH=
++++ LD_PRELOAD=
++++ __MODULES_QUARANTINE_SET=1
++++ /usr/bin/tclsh /usr/share/Modules/libexec/modulecmd.tcl bash load java/openjdk-8_202
++ eval ''
++ _mlstatus=0
++ '[' -n x ']'
++ IFS=' 	
'
++ unset _mlre _mlv _mlrv _mlIFS
++ return 0
++ GATK_JAR=/panfs/jay/groups/9/morrellp/public/Software/GATK_ML_4.1.2/gatk
++ module load gatk/4.1.2
++ local _mlredir=1
++ '[' -n '' ']'
++ case " $@ " in
++ '[' 1 -eq 0 ']'
++ _module_raw load gatk/4.1.2
++ unset _mlre _mlIFS
++ '[' -n x ']'
++ _mlIFS=' 	
'
++ IFS=' '
++ for _mlv in ${MODULES_RUN_QUARANTINE:-}
++ '[' LD_LIBRARY_PATH = LD_LIBRARY_PATH ']'
++ '[' LD_LIBRARY_PATH = LD_LIBRARY_PATH ']'
+++ eval 'echo ${LD_LIBRARY_PATH+x}'
++++ echo x
++ '[' -n x ']'
+++ eval 'echo ${LD_LIBRARY_PATH}'
++++ echo /common/software/install/migrated/htslib/1.9_gcc-7.2.0_haswell/lib:/common/software/install/migrated/xz-utils/5.2.2_gcc6.1.0/lib:/common/software/install/migrated/isl/0.16.1_gcc6.1.0/lib:/common/software/install/migrated/mpc/1.0.3_gcc6.1.0/lib:/common/software/install/migrated/mpfr/3.1.4-p1_gcc6.1.0/lib:/common/software/install/migrated/gmp/6.1.0_gcc6.1.0/lib:/common/software/install/migrated/bzip2/1.0.6-gnu6.1.0_PIC/lib:/common/software/install/migrated/R/3.6.3/lib64/R/lib:/common/software/install/migrated/R/3.6.3/lib64:/common/software/install/migrated/libtiff/4.0.8/lib:/common/software/install/migrated/curl/7.59.0_gcc7.2.0/lib:/common/software/install/migrated/xz-utils/5.2.3_gcc7.2.0/lib:/common/software/install/migrated/pcre/8.42_gcc7.2.0/lib:/common/software/install/migrated/isl/0.18_gcc7.2.0/lib:/common/software/install/migrated/mpc/1.0.3_gcc7.2.0/lib:/common/software/install/migrated/mpfr/3.1.6_gcc7.2.0/lib:/common/software/install/migrated/gmp/6.1.2_gcc7.2.0/lib:/common/software/install/migrated/bzip2/1.0.6-gcc7.2.0/lib:/common/software/install/migrated/zlib/1.2.11_gcc7.2.0/lib:/home/lmnp/knut0297/software/modules/zlib/1.3.1/build/lib:/common/software/install/migrated/libgd/2.1.0/lib:/common/software/install/migrated/java/openjdk-8_202/lib:/common/software/install/migrated/java/openjdk-8_202/jre/lib/amd64/server:/common/software/install/migrated/cuda/11.2/lib64:/common/software/install/migrated/openmpi/el6/3.1.6/gnu-8.2.0-cuda/lib:/common/software/install/migrated/java/openjdk-11.0.2/lib:/common/software/install/migrated/java/openjdk-11.0.2/lib/jli:/common/software/install/migrated/java/openjdk-11.0.2/lib/server:/common/software/install/migrated/gcc/8.2.0/lib64:/common/software/install/migrated/isl/0.19_gcc8.1.0/lib:/common/software/install/migrated/mpc/1.1.0_gcc8.1.0/lib:/common/software/install/migrated/mpfr/4.0.1_gcc8.1.0/lib:/common/software/install/migrated/gmp/6.1.2_gcc8.1.0/lib:/common/software/install/migrated/gcc/8.1.0/lib64:/common/software/install/migrated/amber/amber20/lib:/common/software/install/migrated/gcc/7.2.0/lib64:/common/software/install/migrated/gcc/6.1.0/lib64
++ _mlre='__MODULES_QUAR_LD_LIBRARY_PATH='\''/common/software/install/migrated/htslib/1.9_gcc-7.2.0_haswell/lib:/common/software/install/migrated/xz-utils/5.2.2_gcc6.1.0/lib:/common/software/install/migrated/isl/0.16.1_gcc6.1.0/lib:/common/software/install/migrated/mpc/1.0.3_gcc6.1.0/lib:/common/software/install/migrated/mpfr/3.1.4-p1_gcc6.1.0/lib:/common/software/install/migrated/gmp/6.1.0_gcc6.1.0/lib:/common/software/install/migrated/bzip2/1.0.6-gnu6.1.0_PIC/lib:/common/software/install/migrated/R/3.6.3/lib64/R/lib:/common/software/install/migrated/R/3.6.3/lib64:/common/software/install/migrated/libtiff/4.0.8/lib:/common/software/install/migrated/curl/7.59.0_gcc7.2.0/lib:/common/software/install/migrated/xz-utils/5.2.3_gcc7.2.0/lib:/common/software/install/migrated/pcre/8.42_gcc7.2.0/lib:/common/software/install/migrated/isl/0.18_gcc7.2.0/lib:/common/software/install/migrated/mpc/1.0.3_gcc7.2.0/lib:/common/software/install/migrated/mpfr/3.1.6_gcc7.2.0/lib:/common/software/install/migrated/gmp/6.1.2_gcc7.2.0/lib:/common/software/install/migrated/bzip2/1.0.6-gcc7.2.0/lib:/common/software/install/migrated/zlib/1.2.11_gcc7.2.0/lib:/home/lmnp/knut0297/software/modules/zlib/1.3.1/build/lib:/common/software/install/migrated/libgd/2.1.0/lib:/common/software/install/migrated/java/openjdk-8_202/lib:/common/software/install/migrated/java/openjdk-8_202/jre/lib/amd64/server:/common/software/install/migrated/cuda/11.2/lib64:/common/software/install/migrated/openmpi/el6/3.1.6/gnu-8.2.0-cuda/lib:/common/software/install/migrated/java/openjdk-11.0.2/lib:/common/software/install/migrated/java/openjdk-11.0.2/lib/jli:/common/software/install/migrated/java/openjdk-11.0.2/lib/server:/common/software/install/migrated/gcc/8.2.0/lib64:/common/software/install/migrated/isl/0.19_gcc8.1.0/lib:/common/software/install/migrated/mpc/1.1.0_gcc8.1.0/lib:/common/software/install/migrated/mpfr/4.0.1_gcc8.1.0/lib:/common/software/install/migrated/gmp/6.1.2_gcc8.1.0/lib:/common/software/install/migrated/gcc/8.1.0/lib64:/common/software/install/migrated/amber/amber20/lib:/common/software/install/migrated/gcc/7.2.0/lib64:/common/software/install/migrated/gcc/6.1.0/lib64'\'' '
++ _mlrv=MODULES_RUNENV_LD_LIBRARY_PATH
+++ eval 'echo ${MODULES_RUNENV_LD_LIBRARY_PATH:-}'
++++ echo
++ _mlre='__MODULES_QUAR_LD_LIBRARY_PATH='\''/common/software/install/migrated/htslib/1.9_gcc-7.2.0_haswell/lib:/common/software/install/migrated/xz-utils/5.2.2_gcc6.1.0/lib:/common/software/install/migrated/isl/0.16.1_gcc6.1.0/lib:/common/software/install/migrated/mpc/1.0.3_gcc6.1.0/lib:/common/software/install/migrated/mpfr/3.1.4-p1_gcc6.1.0/lib:/common/software/install/migrated/gmp/6.1.0_gcc6.1.0/lib:/common/software/install/migrated/bzip2/1.0.6-gnu6.1.0_PIC/lib:/common/software/install/migrated/R/3.6.3/lib64/R/lib:/common/software/install/migrated/R/3.6.3/lib64:/common/software/install/migrated/libtiff/4.0.8/lib:/common/software/install/migrated/curl/7.59.0_gcc7.2.0/lib:/common/software/install/migrated/xz-utils/5.2.3_gcc7.2.0/lib:/common/software/install/migrated/pcre/8.42_gcc7.2.0/lib:/common/software/install/migrated/isl/0.18_gcc7.2.0/lib:/common/software/install/migrated/mpc/1.0.3_gcc7.2.0/lib:/common/software/install/migrated/mpfr/3.1.6_gcc7.2.0/lib:/common/software/install/migrated/gmp/6.1.2_gcc7.2.0/lib:/common/software/install/migrated/bzip2/1.0.6-gcc7.2.0/lib:/common/software/install/migrated/zlib/1.2.11_gcc7.2.0/lib:/home/lmnp/knut0297/software/modules/zlib/1.3.1/build/lib:/common/software/install/migrated/libgd/2.1.0/lib:/common/software/install/migrated/java/openjdk-8_202/lib:/common/software/install/migrated/java/openjdk-8_202/jre/lib/amd64/server:/common/software/install/migrated/cuda/11.2/lib64:/common/software/install/migrated/openmpi/el6/3.1.6/gnu-8.2.0-cuda/lib:/common/software/install/migrated/java/openjdk-11.0.2/lib:/common/software/install/migrated/java/openjdk-11.0.2/lib/jli:/common/software/install/migrated/java/openjdk-11.0.2/lib/server:/common/software/install/migrated/gcc/8.2.0/lib64:/common/software/install/migrated/isl/0.19_gcc8.1.0/lib:/common/software/install/migrated/mpc/1.1.0_gcc8.1.0/lib:/common/software/install/migrated/mpfr/4.0.1_gcc8.1.0/lib:/common/software/install/migrated/gmp/6.1.2_gcc8.1.0/lib:/common/software/install/migrated/gcc/8.1.0/lib64:/common/software/install/migrated/amber/amber20/lib:/common/software/install/migrated/gcc/7.2.0/lib64:/common/software/install/migrated/gcc/6.1.0/lib64'\'' LD_LIBRARY_PATH='\'''\'' '
++ for _mlv in ${MODULES_RUN_QUARANTINE:-}
++ '[' LD_PRELOAD = LD_PRELOAD ']'
++ '[' LD_PRELOAD = LD_PRELOAD ']'
+++ eval 'echo ${LD_PRELOAD+x}'
++++ echo
++ '[' -n '' ']'
++ _mlrv=MODULES_RUNENV_LD_PRELOAD
+++ eval 'echo ${MODULES_RUNENV_LD_PRELOAD:-}'
++++ echo
++ _mlre='__MODULES_QUAR_LD_LIBRARY_PATH='\''/common/software/install/migrated/htslib/1.9_gcc-7.2.0_haswell/lib:/common/software/install/migrated/xz-utils/5.2.2_gcc6.1.0/lib:/common/software/install/migrated/isl/0.16.1_gcc6.1.0/lib:/common/software/install/migrated/mpc/1.0.3_gcc6.1.0/lib:/common/software/install/migrated/mpfr/3.1.4-p1_gcc6.1.0/lib:/common/software/install/migrated/gmp/6.1.0_gcc6.1.0/lib:/common/software/install/migrated/bzip2/1.0.6-gnu6.1.0_PIC/lib:/common/software/install/migrated/R/3.6.3/lib64/R/lib:/common/software/install/migrated/R/3.6.3/lib64:/common/software/install/migrated/libtiff/4.0.8/lib:/common/software/install/migrated/curl/7.59.0_gcc7.2.0/lib:/common/software/install/migrated/xz-utils/5.2.3_gcc7.2.0/lib:/common/software/install/migrated/pcre/8.42_gcc7.2.0/lib:/common/software/install/migrated/isl/0.18_gcc7.2.0/lib:/common/software/install/migrated/mpc/1.0.3_gcc7.2.0/lib:/common/software/install/migrated/mpfr/3.1.6_gcc7.2.0/lib:/common/software/install/migrated/gmp/6.1.2_gcc7.2.0/lib:/common/software/install/migrated/bzip2/1.0.6-gcc7.2.0/lib:/common/software/install/migrated/zlib/1.2.11_gcc7.2.0/lib:/home/lmnp/knut0297/software/modules/zlib/1.3.1/build/lib:/common/software/install/migrated/libgd/2.1.0/lib:/common/software/install/migrated/java/openjdk-8_202/lib:/common/software/install/migrated/java/openjdk-8_202/jre/lib/amd64/server:/common/software/install/migrated/cuda/11.2/lib64:/common/software/install/migrated/openmpi/el6/3.1.6/gnu-8.2.0-cuda/lib:/common/software/install/migrated/java/openjdk-11.0.2/lib:/common/software/install/migrated/java/openjdk-11.0.2/lib/jli:/common/software/install/migrated/java/openjdk-11.0.2/lib/server:/common/software/install/migrated/gcc/8.2.0/lib64:/common/software/install/migrated/isl/0.19_gcc8.1.0/lib:/common/software/install/migrated/mpc/1.1.0_gcc8.1.0/lib:/common/software/install/migrated/mpfr/4.0.1_gcc8.1.0/lib:/common/software/install/migrated/gmp/6.1.2_gcc8.1.0/lib:/common/software/install/migrated/gcc/8.1.0/lib64:/common/software/install/migrated/amber/amber20/lib:/common/software/install/migrated/gcc/7.2.0/lib64:/common/software/install/migrated/gcc/6.1.0/lib64'\'' LD_LIBRARY_PATH='\'''\'' LD_PRELOAD='\'''\'' '
++ '[' -n '__MODULES_QUAR_LD_LIBRARY_PATH='\''/common/software/install/migrated/htslib/1.9_gcc-7.2.0_haswell/lib:/common/software/install/migrated/xz-utils/5.2.2_gcc6.1.0/lib:/common/software/install/migrated/isl/0.16.1_gcc6.1.0/lib:/common/software/install/migrated/mpc/1.0.3_gcc6.1.0/lib:/common/software/install/migrated/mpfr/3.1.4-p1_gcc6.1.0/lib:/common/software/install/migrated/gmp/6.1.0_gcc6.1.0/lib:/common/software/install/migrated/bzip2/1.0.6-gnu6.1.0_PIC/lib:/common/software/install/migrated/R/3.6.3/lib64/R/lib:/common/software/install/migrated/R/3.6.3/lib64:/common/software/install/migrated/libtiff/4.0.8/lib:/common/software/install/migrated/curl/7.59.0_gcc7.2.0/lib:/common/software/install/migrated/xz-utils/5.2.3_gcc7.2.0/lib:/common/software/install/migrated/pcre/8.42_gcc7.2.0/lib:/common/software/install/migrated/isl/0.18_gcc7.2.0/lib:/common/software/install/migrated/mpc/1.0.3_gcc7.2.0/lib:/common/software/install/migrated/mpfr/3.1.6_gcc7.2.0/lib:/common/software/install/migrated/gmp/6.1.2_gcc7.2.0/lib:/common/software/install/migrated/bzip2/1.0.6-gcc7.2.0/lib:/common/software/install/migrated/zlib/1.2.11_gcc7.2.0/lib:/home/lmnp/knut0297/software/modules/zlib/1.3.1/build/lib:/common/software/install/migrated/libgd/2.1.0/lib:/common/software/install/migrated/java/openjdk-8_202/lib:/common/software/install/migrated/java/openjdk-8_202/jre/lib/amd64/server:/common/software/install/migrated/cuda/11.2/lib64:/common/software/install/migrated/openmpi/el6/3.1.6/gnu-8.2.0-cuda/lib:/common/software/install/migrated/java/openjdk-11.0.2/lib:/common/software/install/migrated/java/openjdk-11.0.2/lib/jli:/common/software/install/migrated/java/openjdk-11.0.2/lib/server:/common/software/install/migrated/gcc/8.2.0/lib64:/common/software/install/migrated/isl/0.19_gcc8.1.0/lib:/common/software/install/migrated/mpc/1.1.0_gcc8.1.0/lib:/common/software/install/migrated/mpfr/4.0.1_gcc8.1.0/lib:/common/software/install/migrated/gmp/6.1.2_gcc8.1.0/lib:/common/software/install/migrated/gcc/8.1.0/lib64:/common/software/install/migrated/amber/amber20/lib:/common/software/install/migrated/gcc/7.2.0/lib64:/common/software/install/migrated/gcc/6.1.0/lib64'\'' LD_LIBRARY_PATH='\'''\'' LD_PRELOAD='\'''\'' ' ']'
++ _mlre='__MODULES_QUAR_LD_LIBRARY_PATH='\''/common/software/install/migrated/htslib/1.9_gcc-7.2.0_haswell/lib:/common/software/install/migrated/xz-utils/5.2.2_gcc6.1.0/lib:/common/software/install/migrated/isl/0.16.1_gcc6.1.0/lib:/common/software/install/migrated/mpc/1.0.3_gcc6.1.0/lib:/common/software/install/migrated/mpfr/3.1.4-p1_gcc6.1.0/lib:/common/software/install/migrated/gmp/6.1.0_gcc6.1.0/lib:/common/software/install/migrated/bzip2/1.0.6-gnu6.1.0_PIC/lib:/common/software/install/migrated/R/3.6.3/lib64/R/lib:/common/software/install/migrated/R/3.6.3/lib64:/common/software/install/migrated/libtiff/4.0.8/lib:/common/software/install/migrated/curl/7.59.0_gcc7.2.0/lib:/common/software/install/migrated/xz-utils/5.2.3_gcc7.2.0/lib:/common/software/install/migrated/pcre/8.42_gcc7.2.0/lib:/common/software/install/migrated/isl/0.18_gcc7.2.0/lib:/common/software/install/migrated/mpc/1.0.3_gcc7.2.0/lib:/common/software/install/migrated/mpfr/3.1.6_gcc7.2.0/lib:/common/software/install/migrated/gmp/6.1.2_gcc7.2.0/lib:/common/software/install/migrated/bzip2/1.0.6-gcc7.2.0/lib:/common/software/install/migrated/zlib/1.2.11_gcc7.2.0/lib:/home/lmnp/knut0297/software/modules/zlib/1.3.1/build/lib:/common/software/install/migrated/libgd/2.1.0/lib:/common/software/install/migrated/java/openjdk-8_202/lib:/common/software/install/migrated/java/openjdk-8_202/jre/lib/amd64/server:/common/software/install/migrated/cuda/11.2/lib64:/common/software/install/migrated/openmpi/el6/3.1.6/gnu-8.2.0-cuda/lib:/common/software/install/migrated/java/openjdk-11.0.2/lib:/common/software/install/migrated/java/openjdk-11.0.2/lib/jli:/common/software/install/migrated/java/openjdk-11.0.2/lib/server:/common/software/install/migrated/gcc/8.2.0/lib64:/common/software/install/migrated/isl/0.19_gcc8.1.0/lib:/common/software/install/migrated/mpc/1.1.0_gcc8.1.0/lib:/common/software/install/migrated/mpfr/4.0.1_gcc8.1.0/lib:/common/software/install/migrated/gmp/6.1.2_gcc8.1.0/lib:/common/software/install/migrated/gcc/8.1.0/lib64:/common/software/install/migrated/amber/amber20/lib:/common/software/install/migrated/gcc/7.2.0/lib64:/common/software/install/migrated/gcc/6.1.0/lib64'\'' LD_LIBRARY_PATH='\'''\'' LD_PRELOAD='\'''\'' __MODULES_QUARANTINE_SET=1 '
+++ eval '__MODULES_QUAR_LD_LIBRARY_PATH='\''/common/software/install/migrated/htslib/1.9_gcc-7.2.0_haswell/lib:/common/software/install/migrated/xz-utils/5.2.2_gcc6.1.0/lib:/common/software/install/migrated/isl/0.16.1_gcc6.1.0/lib:/common/software/install/migrated/mpc/1.0.3_gcc6.1.0/lib:/common/software/install/migrated/mpfr/3.1.4-p1_gcc6.1.0/lib:/common/software/install/migrated/gmp/6.1.0_gcc6.1.0/lib:/common/software/install/migrated/bzip2/1.0.6-gnu6.1.0_PIC/lib:/common/software/install/migrated/R/3.6.3/lib64/R/lib:/common/software/install/migrated/R/3.6.3/lib64:/common/software/install/migrated/libtiff/4.0.8/lib:/common/software/install/migrated/curl/7.59.0_gcc7.2.0/lib:/common/software/install/migrated/xz-utils/5.2.3_gcc7.2.0/lib:/common/software/install/migrated/pcre/8.42_gcc7.2.0/lib:/common/software/install/migrated/isl/0.18_gcc7.2.0/lib:/common/software/install/migrated/mpc/1.0.3_gcc7.2.0/lib:/common/software/install/migrated/mpfr/3.1.6_gcc7.2.0/lib:/common/software/install/migrated/gmp/6.1.2_gcc7.2.0/lib:/common/software/install/migrated/bzip2/1.0.6-gcc7.2.0/lib:/common/software/install/migrated/zlib/1.2.11_gcc7.2.0/lib:/home/lmnp/knut0297/software/modules/zlib/1.3.1/build/lib:/common/software/install/migrated/libgd/2.1.0/lib:/common/software/install/migrated/java/openjdk-8_202/lib:/common/software/install/migrated/java/openjdk-8_202/jre/lib/amd64/server:/common/software/install/migrated/cuda/11.2/lib64:/common/software/install/migrated/openmpi/el6/3.1.6/gnu-8.2.0-cuda/lib:/common/software/install/migrated/java/openjdk-11.0.2/lib:/common/software/install/migrated/java/openjdk-11.0.2/lib/jli:/common/software/install/migrated/java/openjdk-11.0.2/lib/server:/common/software/install/migrated/gcc/8.2.0/lib64:/common/software/install/migrated/isl/0.19_gcc8.1.0/lib:/common/software/install/migrated/mpc/1.1.0_gcc8.1.0/lib:/common/software/install/migrated/mpfr/4.0.1_gcc8.1.0/lib:/common/software/install/migrated/gmp/6.1.2_gcc8.1.0/lib:/common/software/install/migrated/gcc/8.1.0/lib64:/common/software/install/migrated/amber/amber20/lib:/common/software/install/migrated/gcc/7.2.0/lib64:/common/software/install/migrated/gcc/6.1.0/lib64'\''' 'LD_LIBRARY_PATH='\'''\''' 'LD_PRELOAD='\'''\''' __MODULES_QUARANTINE_SET=1 /usr/bin/tclsh /usr/share/Modules/libexec/modulecmd.tcl bash '"$@"'
++++ __MODULES_QUAR_LD_LIBRARY_PATH=/common/software/install/migrated/htslib/1.9_gcc-7.2.0_haswell/lib:/common/software/install/migrated/xz-utils/5.2.2_gcc6.1.0/lib:/common/software/install/migrated/isl/0.16.1_gcc6.1.0/lib:/common/software/install/migrated/mpc/1.0.3_gcc6.1.0/lib:/common/software/install/migrated/mpfr/3.1.4-p1_gcc6.1.0/lib:/common/software/install/migrated/gmp/6.1.0_gcc6.1.0/lib:/common/software/install/migrated/bzip2/1.0.6-gnu6.1.0_PIC/lib:/common/software/install/migrated/R/3.6.3/lib64/R/lib:/common/software/install/migrated/R/3.6.3/lib64:/common/software/install/migrated/libtiff/4.0.8/lib:/common/software/install/migrated/curl/7.59.0_gcc7.2.0/lib:/common/software/install/migrated/xz-utils/5.2.3_gcc7.2.0/lib:/common/software/install/migrated/pcre/8.42_gcc7.2.0/lib:/common/software/install/migrated/isl/0.18_gcc7.2.0/lib:/common/software/install/migrated/mpc/1.0.3_gcc7.2.0/lib:/common/software/install/migrated/mpfr/3.1.6_gcc7.2.0/lib:/common/software/install/migrated/gmp/6.1.2_gcc7.2.0/lib:/common/software/install/migrated/bzip2/1.0.6-gcc7.2.0/lib:/common/software/install/migrated/zlib/1.2.11_gcc7.2.0/lib:/home/lmnp/knut0297/software/modules/zlib/1.3.1/build/lib:/common/software/install/migrated/libgd/2.1.0/lib:/common/software/install/migrated/java/openjdk-8_202/lib:/common/software/install/migrated/java/openjdk-8_202/jre/lib/amd64/server:/common/software/install/migrated/cuda/11.2/lib64:/common/software/install/migrated/openmpi/el6/3.1.6/gnu-8.2.0-cuda/lib:/common/software/install/migrated/java/openjdk-11.0.2/lib:/common/software/install/migrated/java/openjdk-11.0.2/lib/jli:/common/software/install/migrated/java/openjdk-11.0.2/lib/server:/common/software/install/migrated/gcc/8.2.0/lib64:/common/software/install/migrated/isl/0.19_gcc8.1.0/lib:/common/software/install/migrated/mpc/1.1.0_gcc8.1.0/lib:/common/software/install/migrated/mpfr/4.0.1_gcc8.1.0/lib:/common/software/install/migrated/gmp/6.1.2_gcc8.1.0/lib:/common/software/install/migrated/gcc/8.1.0/lib64:/common/software/install/migrated/amber/amber20/lib:/common/software/install/migrated/gcc/7.2.0/lib64:/common/software/install/migrated/gcc/6.1.0/lib64
++++ LD_LIBRARY_PATH=
++++ LD_PRELOAD=
++++ __MODULES_QUARANTINE_SET=1
++++ /usr/bin/tclsh /usr/share/Modules/libexec/modulecmd.tcl bash load gatk/4.1.2
gatk is set to write temporary files to /tmp/pier0273.gatk_temp
++ eval '_JAVA_OPTIONS=-Djava.io.tmpdir=/tmp/pier0273.gatk_temp; export _JAVA_OPTIONS;
__MODULES_LMALTNAME=gcc/8.2.0\&gcc/default\&gcc:cuda/11.2\&cuda\&as\|cuda/default:conda/4.4.7-py36_0\&conda/default\&conda\&as\|conda/latest:java/openjdk-8_202\&java\&as\|java/default:fastqc/0.12.1\&as\|fastqc/default\&as\|fastqc/latest:parallel/20210822\&parallel/default\&parallel\&as\|parallel/latest:fastx_toolkit/0.0.14\&fastx_toolkit/default\&fastx_toolkit\&as\|fastx_toolkit/latest:libgd/2.1.0\&as\|libgd/default\&as\|libgd/latest:zlib/1.3.1\&zlib/default\&zlib\&as\|zlib/latest:riss_util/1.0\&as\|riss_util/default\&as\|riss_util/latest:xz-utils/5.2.3_gcc7.2.0\&as\|xz-utils/default\&as\|xz-utils/latest:curl/7.59.0_gcc7.2.0\&as\|curl/default\&as\|curl/latest:libtiff/4.0.8\&as\|libtiff/default\&as\|libtiff/latest:bwa/0.7.17\&bwa/default\&bwa\&as\|bwa/latest:htslib/1.9\&as\|htslib/default\&as\|htslib/latest:python2/2.7.12_anaconda4.2\&python2\&as\|python2/default:gatk/4.1.2\&gatk/default\&gatk; export __MODULES_LMALTNAME;
PATH=/common/software/install/migrated/gatk/4.1.2:/common/software/install/migrated/anaconda/anaconda2-4.2/bin:/common/software/install/migrated/htslib/1.9_gcc-7.2.0_haswell/bin:/common/software/install/migrated/xz-utils/5.2.2_gcc6.1.0/bin:/common/software/install/migrated/gcc/6.1.0/bin:/common/software/install/migrated/bedtools/2.17.0/bin:/home/lmnp/knut0297/software/modules/samtools/1.9/bin:/common/software/install/migrated/bzip2/1.0.6-gnu6.1.0_PIC/bin:/home/lmnp/knut0297/software/modules/bwa/0.7.17/bin:/common/software/install/migrated/R/3.6.3/bin:/common/software/install/migrated/libtiff/4.0.8/bin:/common/software/install/migrated/gcc/8.1.0/bin:/common/software/install/migrated/curl/7.59.0_gcc7.2.0/bin:/common/software/install/migrated/xz-utils/5.2.3_gcc7.2.0/bin:/common/software/install/migrated/pcre/8.42_gcc7.2.0/bin:/common/software/install/migrated/gcc/7.2.0/bin:/common/software/install/migrated/bzip2/1.0.6-gcc7.2.0/bin:/common/software/install/migrated/riss_util/1.0/bin:/common/software/install/migrated/libgd/2.1.0/bin:/users/3/pier0273/morrell_lab:/home/lmnp/knut0297/software/modules/fastx_toolkit/0.0.14/bin:/common/software/install/migrated/parallel/20190122/bin:/common/software/install/migrated/parallel/20210822/bin:/common/software/install/manual/fastqc/0.12.1:/common/software/install/migrated/java/openjdk-8_202/bin:/users/3/pier0273/bin:/users/3/pier0273/vim/bin:/home/lmnp/knut0297/software/modules/conda/4.4.7-py36_0/bin:/common/software/install/migrated/cuda/11.2/bin:/common/software/install/migrated/openmpi/el6/3.1.6/gnu-8.2.0-cuda/bin:/common/software/install/migrated/java/openjdk-11.0.2/bin:/common/software/install/migrated/gcc/8.2.0/bin:/users/3/pier0273/vim/bin:/opt/msi/bin:/usr/share/Modules/bin:/usr/local/bin:/usr/bin:/usr/local/sbin:/usr/sbin:/opt/puppetlabs/bin:/common/software/install/migrated/amber/amber20/bin; export PATH;
_LMFILES_=/common/software/modulefiles/migrated/common/gmp/6.1.2_gcc8.1.0:/common/software/modulefiles/migrated/common/mpfr/4.0.1_gcc8.1.0:/common/software/modulefiles/migrated/common/mpc/1.1.0_gcc8.1.0:/common/software/modulefiles/migrated/common/isl/0.19_gcc8.1.0:/common/software/modulefiles/migrated/hpc/gcc/8.2.0:/common/software/modulefiles/migrated/common/java/openjdk-11.0.2:/common/software/modulefiles/migrated/hpc/ompi/3.1.6/gnu-8.2.0-cuda:/common/software/modulefiles/migrated/hpc/cuda/11.2:/common/software/modulefiles/migrated/hpc/amber/20:/home/lmnp/knut0297/software/modulesfiles/conda/4.4.7-py36_0:/common/software/modulefiles/migrated/common/java/openjdk-8_202:/common/software/modulefiles/manual/common/fastqc/0.12.1:/common/software/modulefiles/migrated/common/parallel/20210822:/common/software/modulefiles/migrated/common/parallel/20190122:/home/lmnp/knut0297/software/modulesfiles/libgtextutils/0.6:/home/lmnp/knut0297/software/modulesfiles/fastx_toolkit/0.0.14:/common/software/modulefiles/migrated/hpc/libgd/2.1.0:/home/lmnp/knut0297/software/modulesfiles/zlib/1.3.1:/common/software/modulefiles/migrated/common/riss_util/1.0:/common/software/modulefiles/migrated/common/zlib/1.2.11_gcc7.2.0:/common/software/modulefiles/migrated/common/bzip2/1.0.6-gnu7.2.0_PIC:/common/software/modulefiles/migrated/common/gmp/6.1.2_gcc7.2.0:/common/software/modulefiles/migrated/common/mpfr/3.1.6_gcc7.2.0:/common/software/modulefiles/migrated/common/mpc/1.0.3_gcc7.2.0:/common/software/modulefiles/migrated/common/isl/0.18_gcc7.2.0:/common/software/modulefiles/migrated/common/gcc/7.2.0:/common/software/modulefiles/migrated/common/pcre/8.42_gcc7.2.0:/common/software/modulefiles/migrated/common/xz-utils/5.2.3_gcc7.2.0:/common/software/modulefiles/migrated/common/curl/7.59.0_gcc7.2.0:/common/software/modulefiles/migrated/common/gcc/8.1.0:/common/software/modulefiles/migrated/common/libtiff/4.0.8:/common/software/modulefiles/migrated/common/R/3.6.3:/home/lmnp/knut0297/software/modulesfiles/bwa/0.7.17:/common/software/modulefiles/migrated/common/bzip2/1.0.6-gnu6.1.0_PIC:/home/lmnp/knut0297/software/modulesfiles/samtools/1.9:/common/software/modulefiles/migrated/common/bedtools/2.17.0:/common/software/modulefiles/migrated/common/gmp/6.1.0_gcc6.1.0:/common/software/modulefiles/migrated/common/mpfr/3.1.4-p1_gcc6.1.0:/common/software/modulefiles/migrated/common/mpc/1.0.3_gcc6.1.0:/common/software/modulefiles/migrated/common/isl/0.16.1_gcc6.1.0:/common/software/modulefiles/migrated/common/gcc/6.1.0:/common/software/modulefiles/migrated/common/xz-utils/5.2.2_gcc6.1.0:/common/software/modulefiles/migrated/hpc/htslib/1.9:/common/software/modulefiles/migrated/common/python2/2.7.12_anaconda4.2:/common/software/modulefiles/migrated/common/gatk/4.1.2; export _LMFILES_;
LOADEDMODULES=gmp/6.1.2_gcc8.1.0:mpfr/4.0.1_gcc8.1.0:mpc/1.1.0_gcc8.1.0:isl/0.19_gcc8.1.0:gcc/8.2.0:java/openjdk-11.0.2:ompi/3.1.6/gnu-8.2.0-cuda:cuda/11.2:amber/20:conda/4.4.7-py36_0:java/openjdk-8_202:fastqc/0.12.1:parallel/20210822:parallel/20190122:/home/lmnp/knut0297/software/modulesfiles/libgtextutils/0.6:fastx_toolkit/0.0.14:libgd/2.1.0:zlib/1.3.1:riss_util/1.0:zlib/1.2.11_gcc7.2.0:bzip2/1.0.6-gnu7.2.0_PIC:gmp/6.1.2_gcc7.2.0:mpfr/3.1.6_gcc7.2.0:mpc/1.0.3_gcc7.2.0:isl/0.18_gcc7.2.0:gcc/7.2.0:pcre/8.42_gcc7.2.0:xz-utils/5.2.3_gcc7.2.0:curl/7.59.0_gcc7.2.0:gcc/8.1.0:libtiff/4.0.8:R/3.6.3:bwa/0.7.17:bzip2/1.0.6-gnu6.1.0_PIC:samtools/1.9:bedtools/2.17.0:gmp/6.1.0_gcc6.1.0:mpfr/3.1.4-p1_gcc6.1.0:mpc/1.0.3_gcc6.1.0:isl/0.16.1_gcc6.1.0:gcc/6.1.0:xz-utils/5.2.2_gcc6.1.0:htslib/1.9:python2/2.7.12_anaconda4.2:gatk/4.1.2; export LOADEDMODULES;
__MODULES_LMTAG=gmp/6.1.2_gcc8.1.0\&auto-loaded:mpfr/4.0.1_gcc8.1.0\&auto-loaded:mpc/1.1.0_gcc8.1.0\&auto-loaded:isl/0.19_gcc8.1.0\&auto-loaded:gcc/8.2.0\&auto-loaded:java/openjdk-11.0.2\&auto-loaded:ompi/3.1.6/gnu-8.2.0-cuda\&auto-loaded:cuda/11.2\&auto-loaded:java/openjdk-8_202\&auto-loaded:/home/lmnp/knut0297/software/modulesfiles/libgtextutils/0.6\&auto-loaded:libgd/2.1.0\&auto-loaded:zlib/1.3.1\&auto-loaded:zlib/1.2.11_gcc7.2.0\&auto-loaded:bzip2/1.0.6-gnu7.2.0_PIC\&auto-loaded:gmp/6.1.2_gcc7.2.0\&auto-loaded:mpfr/3.1.6_gcc7.2.0\&auto-loaded:mpc/1.0.3_gcc7.2.0\&auto-loaded:isl/0.18_gcc7.2.0\&auto-loaded:gcc/7.2.0\&auto-loaded:pcre/8.42_gcc7.2.0\&auto-loaded:xz-utils/5.2.3_gcc7.2.0\&auto-loaded:curl/7.59.0_gcc7.2.0\&auto-loaded:gcc/8.1.0\&auto-loaded:libtiff/4.0.8\&auto-loaded:bzip2/1.0.6-gnu6.1.0_PIC\&auto-loaded:gmp/6.1.0_gcc6.1.0\&auto-loaded:mpfr/3.1.4-p1_gcc6.1.0\&auto-loaded:mpc/1.0.3_gcc6.1.0\&auto-loaded:isl/0.16.1_gcc6.1.0\&auto-loaded:gcc/6.1.0\&auto-loaded:xz-utils/5.2.2_gcc6.1.0\&auto-loaded:python2/2.7.12_anaconda4.2\&auto-loaded; export __MODULES_LMTAG;
test 0;'
+++ _JAVA_OPTIONS=-Djava.io.tmpdir=/tmp/pier0273.gatk_temp
+++ export _JAVA_OPTIONS
+++ __MODULES_LMALTNAME='gcc/8.2.0&gcc/default&gcc:cuda/11.2&cuda&as|cuda/default:conda/4.4.7-py36_0&conda/default&conda&as|conda/latest:java/openjdk-8_202&java&as|java/default:fastqc/0.12.1&as|fastqc/default&as|fastqc/latest:parallel/20210822&parallel/default&parallel&as|parallel/latest:fastx_toolkit/0.0.14&fastx_toolkit/default&fastx_toolkit&as|fastx_toolkit/latest:libgd/2.1.0&as|libgd/default&as|libgd/latest:zlib/1.3.1&zlib/default&zlib&as|zlib/latest:riss_util/1.0&as|riss_util/default&as|riss_util/latest:xz-utils/5.2.3_gcc7.2.0&as|xz-utils/default&as|xz-utils/latest:curl/7.59.0_gcc7.2.0&as|curl/default&as|curl/latest:libtiff/4.0.8&as|libtiff/default&as|libtiff/latest:bwa/0.7.17&bwa/default&bwa&as|bwa/latest:htslib/1.9&as|htslib/default&as|htslib/latest:python2/2.7.12_anaconda4.2&python2&as|python2/default:gatk/4.1.2&gatk/default&gatk'
+++ export __MODULES_LMALTNAME
+++ PATH=/common/software/install/migrated/gatk/4.1.2:/common/software/install/migrated/anaconda/anaconda2-4.2/bin:/common/software/install/migrated/htslib/1.9_gcc-7.2.0_haswell/bin:/common/software/install/migrated/xz-utils/5.2.2_gcc6.1.0/bin:/common/software/install/migrated/gcc/6.1.0/bin:/common/software/install/migrated/bedtools/2.17.0/bin:/home/lmnp/knut0297/software/modules/samtools/1.9/bin:/common/software/install/migrated/bzip2/1.0.6-gnu6.1.0_PIC/bin:/home/lmnp/knut0297/software/modules/bwa/0.7.17/bin:/common/software/install/migrated/R/3.6.3/bin:/common/software/install/migrated/libtiff/4.0.8/bin:/common/software/install/migrated/gcc/8.1.0/bin:/common/software/install/migrated/curl/7.59.0_gcc7.2.0/bin:/common/software/install/migrated/xz-utils/5.2.3_gcc7.2.0/bin:/common/software/install/migrated/pcre/8.42_gcc7.2.0/bin:/common/software/install/migrated/gcc/7.2.0/bin:/common/software/install/migrated/bzip2/1.0.6-gcc7.2.0/bin:/common/software/install/migrated/riss_util/1.0/bin:/common/software/install/migrated/libgd/2.1.0/bin:/users/3/pier0273/morrell_lab:/home/lmnp/knut0297/software/modules/fastx_toolkit/0.0.14/bin:/common/software/install/migrated/parallel/20190122/bin:/common/software/install/migrated/parallel/20210822/bin:/common/software/install/manual/fastqc/0.12.1:/common/software/install/migrated/java/openjdk-8_202/bin:/users/3/pier0273/bin:/users/3/pier0273/vim/bin:/home/lmnp/knut0297/software/modules/conda/4.4.7-py36_0/bin:/common/software/install/migrated/cuda/11.2/bin:/common/software/install/migrated/openmpi/el6/3.1.6/gnu-8.2.0-cuda/bin:/common/software/install/migrated/java/openjdk-11.0.2/bin:/common/software/install/migrated/gcc/8.2.0/bin:/users/3/pier0273/vim/bin:/opt/msi/bin:/usr/share/Modules/bin:/usr/local/bin:/usr/bin:/usr/local/sbin:/usr/sbin:/opt/puppetlabs/bin:/common/software/install/migrated/amber/amber20/bin
+++ export PATH
+++ _LMFILES_=/common/software/modulefiles/migrated/common/gmp/6.1.2_gcc8.1.0:/common/software/modulefiles/migrated/common/mpfr/4.0.1_gcc8.1.0:/common/software/modulefiles/migrated/common/mpc/1.1.0_gcc8.1.0:/common/software/modulefiles/migrated/common/isl/0.19_gcc8.1.0:/common/software/modulefiles/migrated/hpc/gcc/8.2.0:/common/software/modulefiles/migrated/common/java/openjdk-11.0.2:/common/software/modulefiles/migrated/hpc/ompi/3.1.6/gnu-8.2.0-cuda:/common/software/modulefiles/migrated/hpc/cuda/11.2:/common/software/modulefiles/migrated/hpc/amber/20:/home/lmnp/knut0297/software/modulesfiles/conda/4.4.7-py36_0:/common/software/modulefiles/migrated/common/java/openjdk-8_202:/common/software/modulefiles/manual/common/fastqc/0.12.1:/common/software/modulefiles/migrated/common/parallel/20210822:/common/software/modulefiles/migrated/common/parallel/20190122:/home/lmnp/knut0297/software/modulesfiles/libgtextutils/0.6:/home/lmnp/knut0297/software/modulesfiles/fastx_toolkit/0.0.14:/common/software/modulefiles/migrated/hpc/libgd/2.1.0:/home/lmnp/knut0297/software/modulesfiles/zlib/1.3.1:/common/software/modulefiles/migrated/common/riss_util/1.0:/common/software/modulefiles/migrated/common/zlib/1.2.11_gcc7.2.0:/common/software/modulefiles/migrated/common/bzip2/1.0.6-gnu7.2.0_PIC:/common/software/modulefiles/migrated/common/gmp/6.1.2_gcc7.2.0:/common/software/modulefiles/migrated/common/mpfr/3.1.6_gcc7.2.0:/common/software/modulefiles/migrated/common/mpc/1.0.3_gcc7.2.0:/common/software/modulefiles/migrated/common/isl/0.18_gcc7.2.0:/common/software/modulefiles/migrated/common/gcc/7.2.0:/common/software/modulefiles/migrated/common/pcre/8.42_gcc7.2.0:/common/software/modulefiles/migrated/common/xz-utils/5.2.3_gcc7.2.0:/common/software/modulefiles/migrated/common/curl/7.59.0_gcc7.2.0:/common/software/modulefiles/migrated/common/gcc/8.1.0:/common/software/modulefiles/migrated/common/libtiff/4.0.8:/common/software/modulefiles/migrated/common/R/3.6.3:/home/lmnp/knut0297/software/modulesfiles/bwa/0.7.17:/common/software/modulefiles/migrated/common/bzip2/1.0.6-gnu6.1.0_PIC:/home/lmnp/knut0297/software/modulesfiles/samtools/1.9:/common/software/modulefiles/migrated/common/bedtools/2.17.0:/common/software/modulefiles/migrated/common/gmp/6.1.0_gcc6.1.0:/common/software/modulefiles/migrated/common/mpfr/3.1.4-p1_gcc6.1.0:/common/software/modulefiles/migrated/common/mpc/1.0.3_gcc6.1.0:/common/software/modulefiles/migrated/common/isl/0.16.1_gcc6.1.0:/common/software/modulefiles/migrated/common/gcc/6.1.0:/common/software/modulefiles/migrated/common/xz-utils/5.2.2_gcc6.1.0:/common/software/modulefiles/migrated/hpc/htslib/1.9:/common/software/modulefiles/migrated/common/python2/2.7.12_anaconda4.2:/common/software/modulefiles/migrated/common/gatk/4.1.2
+++ export _LMFILES_
+++ LOADEDMODULES=gmp/6.1.2_gcc8.1.0:mpfr/4.0.1_gcc8.1.0:mpc/1.1.0_gcc8.1.0:isl/0.19_gcc8.1.0:gcc/8.2.0:java/openjdk-11.0.2:ompi/3.1.6/gnu-8.2.0-cuda:cuda/11.2:amber/20:conda/4.4.7-py36_0:java/openjdk-8_202:fastqc/0.12.1:parallel/20210822:parallel/20190122:/home/lmnp/knut0297/software/modulesfiles/libgtextutils/0.6:fastx_toolkit/0.0.14:libgd/2.1.0:zlib/1.3.1:riss_util/1.0:zlib/1.2.11_gcc7.2.0:bzip2/1.0.6-gnu7.2.0_PIC:gmp/6.1.2_gcc7.2.0:mpfr/3.1.6_gcc7.2.0:mpc/1.0.3_gcc7.2.0:isl/0.18_gcc7.2.0:gcc/7.2.0:pcre/8.42_gcc7.2.0:xz-utils/5.2.3_gcc7.2.0:curl/7.59.0_gcc7.2.0:gcc/8.1.0:libtiff/4.0.8:R/3.6.3:bwa/0.7.17:bzip2/1.0.6-gnu6.1.0_PIC:samtools/1.9:bedtools/2.17.0:gmp/6.1.0_gcc6.1.0:mpfr/3.1.4-p1_gcc6.1.0:mpc/1.0.3_gcc6.1.0:isl/0.16.1_gcc6.1.0:gcc/6.1.0:xz-utils/5.2.2_gcc6.1.0:htslib/1.9:python2/2.7.12_anaconda4.2:gatk/4.1.2
+++ export LOADEDMODULES
+++ __MODULES_LMTAG='gmp/6.1.2_gcc8.1.0&auto-loaded:mpfr/4.0.1_gcc8.1.0&auto-loaded:mpc/1.1.0_gcc8.1.0&auto-loaded:isl/0.19_gcc8.1.0&auto-loaded:gcc/8.2.0&auto-loaded:java/openjdk-11.0.2&auto-loaded:ompi/3.1.6/gnu-8.2.0-cuda&auto-loaded:cuda/11.2&auto-loaded:java/openjdk-8_202&auto-loaded:/home/lmnp/knut0297/software/modulesfiles/libgtextutils/0.6&auto-loaded:libgd/2.1.0&auto-loaded:zlib/1.3.1&auto-loaded:zlib/1.2.11_gcc7.2.0&auto-loaded:bzip2/1.0.6-gnu7.2.0_PIC&auto-loaded:gmp/6.1.2_gcc7.2.0&auto-loaded:mpfr/3.1.6_gcc7.2.0&auto-loaded:mpc/1.0.3_gcc7.2.0&auto-loaded:isl/0.18_gcc7.2.0&auto-loaded:gcc/7.2.0&auto-loaded:pcre/8.42_gcc7.2.0&auto-loaded:xz-utils/5.2.3_gcc7.2.0&auto-loaded:curl/7.59.0_gcc7.2.0&auto-loaded:gcc/8.1.0&auto-loaded:libtiff/4.0.8&auto-loaded:bzip2/1.0.6-gnu6.1.0_PIC&auto-loaded:gmp/6.1.0_gcc6.1.0&auto-loaded:mpfr/3.1.4-p1_gcc6.1.0&auto-loaded:mpc/1.0.3_gcc6.1.0&auto-loaded:isl/0.16.1_gcc6.1.0&auto-loaded:gcc/6.1.0&auto-loaded:xz-utils/5.2.2_gcc6.1.0&auto-loaded:python2/2.7.12_anaconda4.2&auto-loaded'
+++ export __MODULES_LMTAG
+++ test 0
++ _mlstatus=0
++ '[' -n x ']'
++ IFS=' 	
'
++ unset _mlre _mlv _mlrv _mlIFS
++ return 0
++ PICARD_JAR=/panfs/jay/groups/9/morrellp/public/Software/picard_ML_2.23.1/picard.jar
++ module load python3/3.7.1_anaconda
++ local _mlredir=1
++ '[' -n '' ']'
++ case " $@ " in
++ '[' 1 -eq 0 ']'
++ _module_raw load python3/3.7.1_anaconda
++ unset _mlre _mlIFS
++ '[' -n x ']'
++ _mlIFS=' 	
'
++ IFS=' '
++ for _mlv in ${MODULES_RUN_QUARANTINE:-}
++ '[' LD_LIBRARY_PATH = LD_LIBRARY_PATH ']'
++ '[' LD_LIBRARY_PATH = LD_LIBRARY_PATH ']'
+++ eval 'echo ${LD_LIBRARY_PATH+x}'
++++ echo x
++ '[' -n x ']'
+++ eval 'echo ${LD_LIBRARY_PATH}'
++++ echo /common/software/install/migrated/htslib/1.9_gcc-7.2.0_haswell/lib:/common/software/install/migrated/xz-utils/5.2.2_gcc6.1.0/lib:/common/software/install/migrated/isl/0.16.1_gcc6.1.0/lib:/common/software/install/migrated/mpc/1.0.3_gcc6.1.0/lib:/common/software/install/migrated/mpfr/3.1.4-p1_gcc6.1.0/lib:/common/software/install/migrated/gmp/6.1.0_gcc6.1.0/lib:/common/software/install/migrated/bzip2/1.0.6-gnu6.1.0_PIC/lib:/common/software/install/migrated/R/3.6.3/lib64/R/lib:/common/software/install/migrated/R/3.6.3/lib64:/common/software/install/migrated/libtiff/4.0.8/lib:/common/software/install/migrated/curl/7.59.0_gcc7.2.0/lib:/common/software/install/migrated/xz-utils/5.2.3_gcc7.2.0/lib:/common/software/install/migrated/pcre/8.42_gcc7.2.0/lib:/common/software/install/migrated/isl/0.18_gcc7.2.0/lib:/common/software/install/migrated/mpc/1.0.3_gcc7.2.0/lib:/common/software/install/migrated/mpfr/3.1.6_gcc7.2.0/lib:/common/software/install/migrated/gmp/6.1.2_gcc7.2.0/lib:/common/software/install/migrated/bzip2/1.0.6-gcc7.2.0/lib:/common/software/install/migrated/zlib/1.2.11_gcc7.2.0/lib:/home/lmnp/knut0297/software/modules/zlib/1.3.1/build/lib:/common/software/install/migrated/libgd/2.1.0/lib:/common/software/install/migrated/java/openjdk-8_202/lib:/common/software/install/migrated/java/openjdk-8_202/jre/lib/amd64/server:/common/software/install/migrated/cuda/11.2/lib64:/common/software/install/migrated/openmpi/el6/3.1.6/gnu-8.2.0-cuda/lib:/common/software/install/migrated/java/openjdk-11.0.2/lib:/common/software/install/migrated/java/openjdk-11.0.2/lib/jli:/common/software/install/migrated/java/openjdk-11.0.2/lib/server:/common/software/install/migrated/gcc/8.2.0/lib64:/common/software/install/migrated/isl/0.19_gcc8.1.0/lib:/common/software/install/migrated/mpc/1.1.0_gcc8.1.0/lib:/common/software/install/migrated/mpfr/4.0.1_gcc8.1.0/lib:/common/software/install/migrated/gmp/6.1.2_gcc8.1.0/lib:/common/software/install/migrated/gcc/8.1.0/lib64:/common/software/install/migrated/amber/amber20/lib:/common/software/install/migrated/gcc/7.2.0/lib64:/common/software/install/migrated/gcc/6.1.0/lib64
++ _mlre='__MODULES_QUAR_LD_LIBRARY_PATH='\''/common/software/install/migrated/htslib/1.9_gcc-7.2.0_haswell/lib:/common/software/install/migrated/xz-utils/5.2.2_gcc6.1.0/lib:/common/software/install/migrated/isl/0.16.1_gcc6.1.0/lib:/common/software/install/migrated/mpc/1.0.3_gcc6.1.0/lib:/common/software/install/migrated/mpfr/3.1.4-p1_gcc6.1.0/lib:/common/software/install/migrated/gmp/6.1.0_gcc6.1.0/lib:/common/software/install/migrated/bzip2/1.0.6-gnu6.1.0_PIC/lib:/common/software/install/migrated/R/3.6.3/lib64/R/lib:/common/software/install/migrated/R/3.6.3/lib64:/common/software/install/migrated/libtiff/4.0.8/lib:/common/software/install/migrated/curl/7.59.0_gcc7.2.0/lib:/common/software/install/migrated/xz-utils/5.2.3_gcc7.2.0/lib:/common/software/install/migrated/pcre/8.42_gcc7.2.0/lib:/common/software/install/migrated/isl/0.18_gcc7.2.0/lib:/common/software/install/migrated/mpc/1.0.3_gcc7.2.0/lib:/common/software/install/migrated/mpfr/3.1.6_gcc7.2.0/lib:/common/software/install/migrated/gmp/6.1.2_gcc7.2.0/lib:/common/software/install/migrated/bzip2/1.0.6-gcc7.2.0/lib:/common/software/install/migrated/zlib/1.2.11_gcc7.2.0/lib:/home/lmnp/knut0297/software/modules/zlib/1.3.1/build/lib:/common/software/install/migrated/libgd/2.1.0/lib:/common/software/install/migrated/java/openjdk-8_202/lib:/common/software/install/migrated/java/openjdk-8_202/jre/lib/amd64/server:/common/software/install/migrated/cuda/11.2/lib64:/common/software/install/migrated/openmpi/el6/3.1.6/gnu-8.2.0-cuda/lib:/common/software/install/migrated/java/openjdk-11.0.2/lib:/common/software/install/migrated/java/openjdk-11.0.2/lib/jli:/common/software/install/migrated/java/openjdk-11.0.2/lib/server:/common/software/install/migrated/gcc/8.2.0/lib64:/common/software/install/migrated/isl/0.19_gcc8.1.0/lib:/common/software/install/migrated/mpc/1.1.0_gcc8.1.0/lib:/common/software/install/migrated/mpfr/4.0.1_gcc8.1.0/lib:/common/software/install/migrated/gmp/6.1.2_gcc8.1.0/lib:/common/software/install/migrated/gcc/8.1.0/lib64:/common/software/install/migrated/amber/amber20/lib:/common/software/install/migrated/gcc/7.2.0/lib64:/common/software/install/migrated/gcc/6.1.0/lib64'\'' '
++ _mlrv=MODULES_RUNENV_LD_LIBRARY_PATH
+++ eval 'echo ${MODULES_RUNENV_LD_LIBRARY_PATH:-}'
++++ echo
++ _mlre='__MODULES_QUAR_LD_LIBRARY_PATH='\''/common/software/install/migrated/htslib/1.9_gcc-7.2.0_haswell/lib:/common/software/install/migrated/xz-utils/5.2.2_gcc6.1.0/lib:/common/software/install/migrated/isl/0.16.1_gcc6.1.0/lib:/common/software/install/migrated/mpc/1.0.3_gcc6.1.0/lib:/common/software/install/migrated/mpfr/3.1.4-p1_gcc6.1.0/lib:/common/software/install/migrated/gmp/6.1.0_gcc6.1.0/lib:/common/software/install/migrated/bzip2/1.0.6-gnu6.1.0_PIC/lib:/common/software/install/migrated/R/3.6.3/lib64/R/lib:/common/software/install/migrated/R/3.6.3/lib64:/common/software/install/migrated/libtiff/4.0.8/lib:/common/software/install/migrated/curl/7.59.0_gcc7.2.0/lib:/common/software/install/migrated/xz-utils/5.2.3_gcc7.2.0/lib:/common/software/install/migrated/pcre/8.42_gcc7.2.0/lib:/common/software/install/migrated/isl/0.18_gcc7.2.0/lib:/common/software/install/migrated/mpc/1.0.3_gcc7.2.0/lib:/common/software/install/migrated/mpfr/3.1.6_gcc7.2.0/lib:/common/software/install/migrated/gmp/6.1.2_gcc7.2.0/lib:/common/software/install/migrated/bzip2/1.0.6-gcc7.2.0/lib:/common/software/install/migrated/zlib/1.2.11_gcc7.2.0/lib:/home/lmnp/knut0297/software/modules/zlib/1.3.1/build/lib:/common/software/install/migrated/libgd/2.1.0/lib:/common/software/install/migrated/java/openjdk-8_202/lib:/common/software/install/migrated/java/openjdk-8_202/jre/lib/amd64/server:/common/software/install/migrated/cuda/11.2/lib64:/common/software/install/migrated/openmpi/el6/3.1.6/gnu-8.2.0-cuda/lib:/common/software/install/migrated/java/openjdk-11.0.2/lib:/common/software/install/migrated/java/openjdk-11.0.2/lib/jli:/common/software/install/migrated/java/openjdk-11.0.2/lib/server:/common/software/install/migrated/gcc/8.2.0/lib64:/common/software/install/migrated/isl/0.19_gcc8.1.0/lib:/common/software/install/migrated/mpc/1.1.0_gcc8.1.0/lib:/common/software/install/migrated/mpfr/4.0.1_gcc8.1.0/lib:/common/software/install/migrated/gmp/6.1.2_gcc8.1.0/lib:/common/software/install/migrated/gcc/8.1.0/lib64:/common/software/install/migrated/amber/amber20/lib:/common/software/install/migrated/gcc/7.2.0/lib64:/common/software/install/migrated/gcc/6.1.0/lib64'\'' LD_LIBRARY_PATH='\'''\'' '
++ for _mlv in ${MODULES_RUN_QUARANTINE:-}
++ '[' LD_PRELOAD = LD_PRELOAD ']'
++ '[' LD_PRELOAD = LD_PRELOAD ']'
+++ eval 'echo ${LD_PRELOAD+x}'
++++ echo
++ '[' -n '' ']'
++ _mlrv=MODULES_RUNENV_LD_PRELOAD
+++ eval 'echo ${MODULES_RUNENV_LD_PRELOAD:-}'
++++ echo
++ _mlre='__MODULES_QUAR_LD_LIBRARY_PATH='\''/common/software/install/migrated/htslib/1.9_gcc-7.2.0_haswell/lib:/common/software/install/migrated/xz-utils/5.2.2_gcc6.1.0/lib:/common/software/install/migrated/isl/0.16.1_gcc6.1.0/lib:/common/software/install/migrated/mpc/1.0.3_gcc6.1.0/lib:/common/software/install/migrated/mpfr/3.1.4-p1_gcc6.1.0/lib:/common/software/install/migrated/gmp/6.1.0_gcc6.1.0/lib:/common/software/install/migrated/bzip2/1.0.6-gnu6.1.0_PIC/lib:/common/software/install/migrated/R/3.6.3/lib64/R/lib:/common/software/install/migrated/R/3.6.3/lib64:/common/software/install/migrated/libtiff/4.0.8/lib:/common/software/install/migrated/curl/7.59.0_gcc7.2.0/lib:/common/software/install/migrated/xz-utils/5.2.3_gcc7.2.0/lib:/common/software/install/migrated/pcre/8.42_gcc7.2.0/lib:/common/software/install/migrated/isl/0.18_gcc7.2.0/lib:/common/software/install/migrated/mpc/1.0.3_gcc7.2.0/lib:/common/software/install/migrated/mpfr/3.1.6_gcc7.2.0/lib:/common/software/install/migrated/gmp/6.1.2_gcc7.2.0/lib:/common/software/install/migrated/bzip2/1.0.6-gcc7.2.0/lib:/common/software/install/migrated/zlib/1.2.11_gcc7.2.0/lib:/home/lmnp/knut0297/software/modules/zlib/1.3.1/build/lib:/common/software/install/migrated/libgd/2.1.0/lib:/common/software/install/migrated/java/openjdk-8_202/lib:/common/software/install/migrated/java/openjdk-8_202/jre/lib/amd64/server:/common/software/install/migrated/cuda/11.2/lib64:/common/software/install/migrated/openmpi/el6/3.1.6/gnu-8.2.0-cuda/lib:/common/software/install/migrated/java/openjdk-11.0.2/lib:/common/software/install/migrated/java/openjdk-11.0.2/lib/jli:/common/software/install/migrated/java/openjdk-11.0.2/lib/server:/common/software/install/migrated/gcc/8.2.0/lib64:/common/software/install/migrated/isl/0.19_gcc8.1.0/lib:/common/software/install/migrated/mpc/1.1.0_gcc8.1.0/lib:/common/software/install/migrated/mpfr/4.0.1_gcc8.1.0/lib:/common/software/install/migrated/gmp/6.1.2_gcc8.1.0/lib:/common/software/install/migrated/gcc/8.1.0/lib64:/common/software/install/migrated/amber/amber20/lib:/common/software/install/migrated/gcc/7.2.0/lib64:/common/software/install/migrated/gcc/6.1.0/lib64'\'' LD_LIBRARY_PATH='\'''\'' LD_PRELOAD='\'''\'' '
++ '[' -n '__MODULES_QUAR_LD_LIBRARY_PATH='\''/common/software/install/migrated/htslib/1.9_gcc-7.2.0_haswell/lib:/common/software/install/migrated/xz-utils/5.2.2_gcc6.1.0/lib:/common/software/install/migrated/isl/0.16.1_gcc6.1.0/lib:/common/software/install/migrated/mpc/1.0.3_gcc6.1.0/lib:/common/software/install/migrated/mpfr/3.1.4-p1_gcc6.1.0/lib:/common/software/install/migrated/gmp/6.1.0_gcc6.1.0/lib:/common/software/install/migrated/bzip2/1.0.6-gnu6.1.0_PIC/lib:/common/software/install/migrated/R/3.6.3/lib64/R/lib:/common/software/install/migrated/R/3.6.3/lib64:/common/software/install/migrated/libtiff/4.0.8/lib:/common/software/install/migrated/curl/7.59.0_gcc7.2.0/lib:/common/software/install/migrated/xz-utils/5.2.3_gcc7.2.0/lib:/common/software/install/migrated/pcre/8.42_gcc7.2.0/lib:/common/software/install/migrated/isl/0.18_gcc7.2.0/lib:/common/software/install/migrated/mpc/1.0.3_gcc7.2.0/lib:/common/software/install/migrated/mpfr/3.1.6_gcc7.2.0/lib:/common/software/install/migrated/gmp/6.1.2_gcc7.2.0/lib:/common/software/install/migrated/bzip2/1.0.6-gcc7.2.0/lib:/common/software/install/migrated/zlib/1.2.11_gcc7.2.0/lib:/home/lmnp/knut0297/software/modules/zlib/1.3.1/build/lib:/common/software/install/migrated/libgd/2.1.0/lib:/common/software/install/migrated/java/openjdk-8_202/lib:/common/software/install/migrated/java/openjdk-8_202/jre/lib/amd64/server:/common/software/install/migrated/cuda/11.2/lib64:/common/software/install/migrated/openmpi/el6/3.1.6/gnu-8.2.0-cuda/lib:/common/software/install/migrated/java/openjdk-11.0.2/lib:/common/software/install/migrated/java/openjdk-11.0.2/lib/jli:/common/software/install/migrated/java/openjdk-11.0.2/lib/server:/common/software/install/migrated/gcc/8.2.0/lib64:/common/software/install/migrated/isl/0.19_gcc8.1.0/lib:/common/software/install/migrated/mpc/1.1.0_gcc8.1.0/lib:/common/software/install/migrated/mpfr/4.0.1_gcc8.1.0/lib:/common/software/install/migrated/gmp/6.1.2_gcc8.1.0/lib:/common/software/install/migrated/gcc/8.1.0/lib64:/common/software/install/migrated/amber/amber20/lib:/common/software/install/migrated/gcc/7.2.0/lib64:/common/software/install/migrated/gcc/6.1.0/lib64'\'' LD_LIBRARY_PATH='\'''\'' LD_PRELOAD='\'''\'' ' ']'
++ _mlre='__MODULES_QUAR_LD_LIBRARY_PATH='\''/common/software/install/migrated/htslib/1.9_gcc-7.2.0_haswell/lib:/common/software/install/migrated/xz-utils/5.2.2_gcc6.1.0/lib:/common/software/install/migrated/isl/0.16.1_gcc6.1.0/lib:/common/software/install/migrated/mpc/1.0.3_gcc6.1.0/lib:/common/software/install/migrated/mpfr/3.1.4-p1_gcc6.1.0/lib:/common/software/install/migrated/gmp/6.1.0_gcc6.1.0/lib:/common/software/install/migrated/bzip2/1.0.6-gnu6.1.0_PIC/lib:/common/software/install/migrated/R/3.6.3/lib64/R/lib:/common/software/install/migrated/R/3.6.3/lib64:/common/software/install/migrated/libtiff/4.0.8/lib:/common/software/install/migrated/curl/7.59.0_gcc7.2.0/lib:/common/software/install/migrated/xz-utils/5.2.3_gcc7.2.0/lib:/common/software/install/migrated/pcre/8.42_gcc7.2.0/lib:/common/software/install/migrated/isl/0.18_gcc7.2.0/lib:/common/software/install/migrated/mpc/1.0.3_gcc7.2.0/lib:/common/software/install/migrated/mpfr/3.1.6_gcc7.2.0/lib:/common/software/install/migrated/gmp/6.1.2_gcc7.2.0/lib:/common/software/install/migrated/bzip2/1.0.6-gcc7.2.0/lib:/common/software/install/migrated/zlib/1.2.11_gcc7.2.0/lib:/home/lmnp/knut0297/software/modules/zlib/1.3.1/build/lib:/common/software/install/migrated/libgd/2.1.0/lib:/common/software/install/migrated/java/openjdk-8_202/lib:/common/software/install/migrated/java/openjdk-8_202/jre/lib/amd64/server:/common/software/install/migrated/cuda/11.2/lib64:/common/software/install/migrated/openmpi/el6/3.1.6/gnu-8.2.0-cuda/lib:/common/software/install/migrated/java/openjdk-11.0.2/lib:/common/software/install/migrated/java/openjdk-11.0.2/lib/jli:/common/software/install/migrated/java/openjdk-11.0.2/lib/server:/common/software/install/migrated/gcc/8.2.0/lib64:/common/software/install/migrated/isl/0.19_gcc8.1.0/lib:/common/software/install/migrated/mpc/1.1.0_gcc8.1.0/lib:/common/software/install/migrated/mpfr/4.0.1_gcc8.1.0/lib:/common/software/install/migrated/gmp/6.1.2_gcc8.1.0/lib:/common/software/install/migrated/gcc/8.1.0/lib64:/common/software/install/migrated/amber/amber20/lib:/common/software/install/migrated/gcc/7.2.0/lib64:/common/software/install/migrated/gcc/6.1.0/lib64'\'' LD_LIBRARY_PATH='\'''\'' LD_PRELOAD='\'''\'' __MODULES_QUARANTINE_SET=1 '
+++ eval '__MODULES_QUAR_LD_LIBRARY_PATH='\''/common/software/install/migrated/htslib/1.9_gcc-7.2.0_haswell/lib:/common/software/install/migrated/xz-utils/5.2.2_gcc6.1.0/lib:/common/software/install/migrated/isl/0.16.1_gcc6.1.0/lib:/common/software/install/migrated/mpc/1.0.3_gcc6.1.0/lib:/common/software/install/migrated/mpfr/3.1.4-p1_gcc6.1.0/lib:/common/software/install/migrated/gmp/6.1.0_gcc6.1.0/lib:/common/software/install/migrated/bzip2/1.0.6-gnu6.1.0_PIC/lib:/common/software/install/migrated/R/3.6.3/lib64/R/lib:/common/software/install/migrated/R/3.6.3/lib64:/common/software/install/migrated/libtiff/4.0.8/lib:/common/software/install/migrated/curl/7.59.0_gcc7.2.0/lib:/common/software/install/migrated/xz-utils/5.2.3_gcc7.2.0/lib:/common/software/install/migrated/pcre/8.42_gcc7.2.0/lib:/common/software/install/migrated/isl/0.18_gcc7.2.0/lib:/common/software/install/migrated/mpc/1.0.3_gcc7.2.0/lib:/common/software/install/migrated/mpfr/3.1.6_gcc7.2.0/lib:/common/software/install/migrated/gmp/6.1.2_gcc7.2.0/lib:/common/software/install/migrated/bzip2/1.0.6-gcc7.2.0/lib:/common/software/install/migrated/zlib/1.2.11_gcc7.2.0/lib:/home/lmnp/knut0297/software/modules/zlib/1.3.1/build/lib:/common/software/install/migrated/libgd/2.1.0/lib:/common/software/install/migrated/java/openjdk-8_202/lib:/common/software/install/migrated/java/openjdk-8_202/jre/lib/amd64/server:/common/software/install/migrated/cuda/11.2/lib64:/common/software/install/migrated/openmpi/el6/3.1.6/gnu-8.2.0-cuda/lib:/common/software/install/migrated/java/openjdk-11.0.2/lib:/common/software/install/migrated/java/openjdk-11.0.2/lib/jli:/common/software/install/migrated/java/openjdk-11.0.2/lib/server:/common/software/install/migrated/gcc/8.2.0/lib64:/common/software/install/migrated/isl/0.19_gcc8.1.0/lib:/common/software/install/migrated/mpc/1.1.0_gcc8.1.0/lib:/common/software/install/migrated/mpfr/4.0.1_gcc8.1.0/lib:/common/software/install/migrated/gmp/6.1.2_gcc8.1.0/lib:/common/software/install/migrated/gcc/8.1.0/lib64:/common/software/install/migrated/amber/amber20/lib:/common/software/install/migrated/gcc/7.2.0/lib64:/common/software/install/migrated/gcc/6.1.0/lib64'\''' 'LD_LIBRARY_PATH='\'''\''' 'LD_PRELOAD='\'''\''' __MODULES_QUARANTINE_SET=1 /usr/bin/tclsh /usr/share/Modules/libexec/modulecmd.tcl bash '"$@"'
++++ __MODULES_QUAR_LD_LIBRARY_PATH=/common/software/install/migrated/htslib/1.9_gcc-7.2.0_haswell/lib:/common/software/install/migrated/xz-utils/5.2.2_gcc6.1.0/lib:/common/software/install/migrated/isl/0.16.1_gcc6.1.0/lib:/common/software/install/migrated/mpc/1.0.3_gcc6.1.0/lib:/common/software/install/migrated/mpfr/3.1.4-p1_gcc6.1.0/lib:/common/software/install/migrated/gmp/6.1.0_gcc6.1.0/lib:/common/software/install/migrated/bzip2/1.0.6-gnu6.1.0_PIC/lib:/common/software/install/migrated/R/3.6.3/lib64/R/lib:/common/software/install/migrated/R/3.6.3/lib64:/common/software/install/migrated/libtiff/4.0.8/lib:/common/software/install/migrated/curl/7.59.0_gcc7.2.0/lib:/common/software/install/migrated/xz-utils/5.2.3_gcc7.2.0/lib:/common/software/install/migrated/pcre/8.42_gcc7.2.0/lib:/common/software/install/migrated/isl/0.18_gcc7.2.0/lib:/common/software/install/migrated/mpc/1.0.3_gcc7.2.0/lib:/common/software/install/migrated/mpfr/3.1.6_gcc7.2.0/lib:/common/software/install/migrated/gmp/6.1.2_gcc7.2.0/lib:/common/software/install/migrated/bzip2/1.0.6-gcc7.2.0/lib:/common/software/install/migrated/zlib/1.2.11_gcc7.2.0/lib:/home/lmnp/knut0297/software/modules/zlib/1.3.1/build/lib:/common/software/install/migrated/libgd/2.1.0/lib:/common/software/install/migrated/java/openjdk-8_202/lib:/common/software/install/migrated/java/openjdk-8_202/jre/lib/amd64/server:/common/software/install/migrated/cuda/11.2/lib64:/common/software/install/migrated/openmpi/el6/3.1.6/gnu-8.2.0-cuda/lib:/common/software/install/migrated/java/openjdk-11.0.2/lib:/common/software/install/migrated/java/openjdk-11.0.2/lib/jli:/common/software/install/migrated/java/openjdk-11.0.2/lib/server:/common/software/install/migrated/gcc/8.2.0/lib64:/common/software/install/migrated/isl/0.19_gcc8.1.0/lib:/common/software/install/migrated/mpc/1.1.0_gcc8.1.0/lib:/common/software/install/migrated/mpfr/4.0.1_gcc8.1.0/lib:/common/software/install/migrated/gmp/6.1.2_gcc8.1.0/lib:/common/software/install/migrated/gcc/8.1.0/lib64:/common/software/install/migrated/amber/amber20/lib:/common/software/install/migrated/gcc/7.2.0/lib64:/common/software/install/migrated/gcc/6.1.0/lib64
++++ LD_LIBRARY_PATH=
++++ LD_PRELOAD=
++++ __MODULES_QUARANTINE_SET=1
++++ /usr/bin/tclsh /usr/share/Modules/libexec/modulecmd.tcl bash load python3/3.7.1_anaconda
++ eval 'PATH=/common/software/install/migrated/anaconda/anaconda3-2018.12/bin:/common/software/install/migrated/gatk/4.1.2:/common/software/install/migrated/anaconda/anaconda2-4.2/bin:/common/software/install/migrated/htslib/1.9_gcc-7.2.0_haswell/bin:/common/software/install/migrated/xz-utils/5.2.2_gcc6.1.0/bin:/common/software/install/migrated/gcc/6.1.0/bin:/common/software/install/migrated/bedtools/2.17.0/bin:/home/lmnp/knut0297/software/modules/samtools/1.9/bin:/common/software/install/migrated/bzip2/1.0.6-gnu6.1.0_PIC/bin:/home/lmnp/knut0297/software/modules/bwa/0.7.17/bin:/common/software/install/migrated/R/3.6.3/bin:/common/software/install/migrated/libtiff/4.0.8/bin:/common/software/install/migrated/gcc/8.1.0/bin:/common/software/install/migrated/curl/7.59.0_gcc7.2.0/bin:/common/software/install/migrated/xz-utils/5.2.3_gcc7.2.0/bin:/common/software/install/migrated/pcre/8.42_gcc7.2.0/bin:/common/software/install/migrated/gcc/7.2.0/bin:/common/software/install/migrated/bzip2/1.0.6-gcc7.2.0/bin:/common/software/install/migrated/riss_util/1.0/bin:/common/software/install/migrated/libgd/2.1.0/bin:/users/3/pier0273/morrell_lab:/home/lmnp/knut0297/software/modules/fastx_toolkit/0.0.14/bin:/common/software/install/migrated/parallel/20190122/bin:/common/software/install/migrated/parallel/20210822/bin:/common/software/install/manual/fastqc/0.12.1:/common/software/install/migrated/java/openjdk-8_202/bin:/users/3/pier0273/bin:/users/3/pier0273/vim/bin:/home/lmnp/knut0297/software/modules/conda/4.4.7-py36_0/bin:/common/software/install/migrated/cuda/11.2/bin:/common/software/install/migrated/openmpi/el6/3.1.6/gnu-8.2.0-cuda/bin:/common/software/install/migrated/java/openjdk-11.0.2/bin:/common/software/install/migrated/gcc/8.2.0/bin:/users/3/pier0273/vim/bin:/opt/msi/bin:/usr/share/Modules/bin:/usr/local/bin:/usr/bin:/usr/local/sbin:/usr/sbin:/opt/puppetlabs/bin:/common/software/install/migrated/amber/amber20/bin; export PATH;
_LMFILES_=/common/software/modulefiles/migrated/common/gmp/6.1.2_gcc8.1.0:/common/software/modulefiles/migrated/common/mpfr/4.0.1_gcc8.1.0:/common/software/modulefiles/migrated/common/mpc/1.1.0_gcc8.1.0:/common/software/modulefiles/migrated/common/isl/0.19_gcc8.1.0:/common/software/modulefiles/migrated/hpc/gcc/8.2.0:/common/software/modulefiles/migrated/common/java/openjdk-11.0.2:/common/software/modulefiles/migrated/hpc/ompi/3.1.6/gnu-8.2.0-cuda:/common/software/modulefiles/migrated/hpc/cuda/11.2:/common/software/modulefiles/migrated/hpc/amber/20:/home/lmnp/knut0297/software/modulesfiles/conda/4.4.7-py36_0:/common/software/modulefiles/migrated/common/java/openjdk-8_202:/common/software/modulefiles/manual/common/fastqc/0.12.1:/common/software/modulefiles/migrated/common/parallel/20210822:/common/software/modulefiles/migrated/common/parallel/20190122:/home/lmnp/knut0297/software/modulesfiles/libgtextutils/0.6:/home/lmnp/knut0297/software/modulesfiles/fastx_toolkit/0.0.14:/common/software/modulefiles/migrated/hpc/libgd/2.1.0:/home/lmnp/knut0297/software/modulesfiles/zlib/1.3.1:/common/software/modulefiles/migrated/common/riss_util/1.0:/common/software/modulefiles/migrated/common/zlib/1.2.11_gcc7.2.0:/common/software/modulefiles/migrated/common/bzip2/1.0.6-gnu7.2.0_PIC:/common/software/modulefiles/migrated/common/gmp/6.1.2_gcc7.2.0:/common/software/modulefiles/migrated/common/mpfr/3.1.6_gcc7.2.0:/common/software/modulefiles/migrated/common/mpc/1.0.3_gcc7.2.0:/common/software/modulefiles/migrated/common/isl/0.18_gcc7.2.0:/common/software/modulefiles/migrated/common/gcc/7.2.0:/common/software/modulefiles/migrated/common/pcre/8.42_gcc7.2.0:/common/software/modulefiles/migrated/common/xz-utils/5.2.3_gcc7.2.0:/common/software/modulefiles/migrated/common/curl/7.59.0_gcc7.2.0:/common/software/modulefiles/migrated/common/gcc/8.1.0:/common/software/modulefiles/migrated/common/libtiff/4.0.8:/common/software/modulefiles/migrated/common/R/3.6.3:/home/lmnp/knut0297/software/modulesfiles/bwa/0.7.17:/common/software/modulefiles/migrated/common/bzip2/1.0.6-gnu6.1.0_PIC:/home/lmnp/knut0297/software/modulesfiles/samtools/1.9:/common/software/modulefiles/migrated/common/bedtools/2.17.0:/common/software/modulefiles/migrated/common/gmp/6.1.0_gcc6.1.0:/common/software/modulefiles/migrated/common/mpfr/3.1.4-p1_gcc6.1.0:/common/software/modulefiles/migrated/common/mpc/1.0.3_gcc6.1.0:/common/software/modulefiles/migrated/common/isl/0.16.1_gcc6.1.0:/common/software/modulefiles/migrated/common/gcc/6.1.0:/common/software/modulefiles/migrated/common/xz-utils/5.2.2_gcc6.1.0:/common/software/modulefiles/migrated/hpc/htslib/1.9:/common/software/modulefiles/migrated/common/python2/2.7.12_anaconda4.2:/common/software/modulefiles/migrated/common/gatk/4.1.2:/common/software/modulefiles/migrated/hpc/python3/3.7.1_anaconda; export _LMFILES_;
LOADEDMODULES=gmp/6.1.2_gcc8.1.0:mpfr/4.0.1_gcc8.1.0:mpc/1.1.0_gcc8.1.0:isl/0.19_gcc8.1.0:gcc/8.2.0:java/openjdk-11.0.2:ompi/3.1.6/gnu-8.2.0-cuda:cuda/11.2:amber/20:conda/4.4.7-py36_0:java/openjdk-8_202:fastqc/0.12.1:parallel/20210822:parallel/20190122:/home/lmnp/knut0297/software/modulesfiles/libgtextutils/0.6:fastx_toolkit/0.0.14:libgd/2.1.0:zlib/1.3.1:riss_util/1.0:zlib/1.2.11_gcc7.2.0:bzip2/1.0.6-gnu7.2.0_PIC:gmp/6.1.2_gcc7.2.0:mpfr/3.1.6_gcc7.2.0:mpc/1.0.3_gcc7.2.0:isl/0.18_gcc7.2.0:gcc/7.2.0:pcre/8.42_gcc7.2.0:xz-utils/5.2.3_gcc7.2.0:curl/7.59.0_gcc7.2.0:gcc/8.1.0:libtiff/4.0.8:R/3.6.3:bwa/0.7.17:bzip2/1.0.6-gnu6.1.0_PIC:samtools/1.9:bedtools/2.17.0:gmp/6.1.0_gcc6.1.0:mpfr/3.1.4-p1_gcc6.1.0:mpc/1.0.3_gcc6.1.0:isl/0.16.1_gcc6.1.0:gcc/6.1.0:xz-utils/5.2.2_gcc6.1.0:htslib/1.9:python2/2.7.12_anaconda4.2:gatk/4.1.2:python3/3.7.1_anaconda; export LOADEDMODULES;
test 0;'
+++ PATH=/common/software/install/migrated/anaconda/anaconda3-2018.12/bin:/common/software/install/migrated/gatk/4.1.2:/common/software/install/migrated/anaconda/anaconda2-4.2/bin:/common/software/install/migrated/htslib/1.9_gcc-7.2.0_haswell/bin:/common/software/install/migrated/xz-utils/5.2.2_gcc6.1.0/bin:/common/software/install/migrated/gcc/6.1.0/bin:/common/software/install/migrated/bedtools/2.17.0/bin:/home/lmnp/knut0297/software/modules/samtools/1.9/bin:/common/software/install/migrated/bzip2/1.0.6-gnu6.1.0_PIC/bin:/home/lmnp/knut0297/software/modules/bwa/0.7.17/bin:/common/software/install/migrated/R/3.6.3/bin:/common/software/install/migrated/libtiff/4.0.8/bin:/common/software/install/migrated/gcc/8.1.0/bin:/common/software/install/migrated/curl/7.59.0_gcc7.2.0/bin:/common/software/install/migrated/xz-utils/5.2.3_gcc7.2.0/bin:/common/software/install/migrated/pcre/8.42_gcc7.2.0/bin:/common/software/install/migrated/gcc/7.2.0/bin:/common/software/install/migrated/bzip2/1.0.6-gcc7.2.0/bin:/common/software/install/migrated/riss_util/1.0/bin:/common/software/install/migrated/libgd/2.1.0/bin:/users/3/pier0273/morrell_lab:/home/lmnp/knut0297/software/modules/fastx_toolkit/0.0.14/bin:/common/software/install/migrated/parallel/20190122/bin:/common/software/install/migrated/parallel/20210822/bin:/common/software/install/manual/fastqc/0.12.1:/common/software/install/migrated/java/openjdk-8_202/bin:/users/3/pier0273/bin:/users/3/pier0273/vim/bin:/home/lmnp/knut0297/software/modules/conda/4.4.7-py36_0/bin:/common/software/install/migrated/cuda/11.2/bin:/common/software/install/migrated/openmpi/el6/3.1.6/gnu-8.2.0-cuda/bin:/common/software/install/migrated/java/openjdk-11.0.2/bin:/common/software/install/migrated/gcc/8.2.0/bin:/users/3/pier0273/vim/bin:/opt/msi/bin:/usr/share/Modules/bin:/usr/local/bin:/usr/bin:/usr/local/sbin:/usr/sbin:/opt/puppetlabs/bin:/common/software/install/migrated/amber/amber20/bin
+++ export PATH
+++ _LMFILES_=/common/software/modulefiles/migrated/common/gmp/6.1.2_gcc8.1.0:/common/software/modulefiles/migrated/common/mpfr/4.0.1_gcc8.1.0:/common/software/modulefiles/migrated/common/mpc/1.1.0_gcc8.1.0:/common/software/modulefiles/migrated/common/isl/0.19_gcc8.1.0:/common/software/modulefiles/migrated/hpc/gcc/8.2.0:/common/software/modulefiles/migrated/common/java/openjdk-11.0.2:/common/software/modulefiles/migrated/hpc/ompi/3.1.6/gnu-8.2.0-cuda:/common/software/modulefiles/migrated/hpc/cuda/11.2:/common/software/modulefiles/migrated/hpc/amber/20:/home/lmnp/knut0297/software/modulesfiles/conda/4.4.7-py36_0:/common/software/modulefiles/migrated/common/java/openjdk-8_202:/common/software/modulefiles/manual/common/fastqc/0.12.1:/common/software/modulefiles/migrated/common/parallel/20210822:/common/software/modulefiles/migrated/common/parallel/20190122:/home/lmnp/knut0297/software/modulesfiles/libgtextutils/0.6:/home/lmnp/knut0297/software/modulesfiles/fastx_toolkit/0.0.14:/common/software/modulefiles/migrated/hpc/libgd/2.1.0:/home/lmnp/knut0297/software/modulesfiles/zlib/1.3.1:/common/software/modulefiles/migrated/common/riss_util/1.0:/common/software/modulefiles/migrated/common/zlib/1.2.11_gcc7.2.0:/common/software/modulefiles/migrated/common/bzip2/1.0.6-gnu7.2.0_PIC:/common/software/modulefiles/migrated/common/gmp/6.1.2_gcc7.2.0:/common/software/modulefiles/migrated/common/mpfr/3.1.6_gcc7.2.0:/common/software/modulefiles/migrated/common/mpc/1.0.3_gcc7.2.0:/common/software/modulefiles/migrated/common/isl/0.18_gcc7.2.0:/common/software/modulefiles/migrated/common/gcc/7.2.0:/common/software/modulefiles/migrated/common/pcre/8.42_gcc7.2.0:/common/software/modulefiles/migrated/common/xz-utils/5.2.3_gcc7.2.0:/common/software/modulefiles/migrated/common/curl/7.59.0_gcc7.2.0:/common/software/modulefiles/migrated/common/gcc/8.1.0:/common/software/modulefiles/migrated/common/libtiff/4.0.8:/common/software/modulefiles/migrated/common/R/3.6.3:/home/lmnp/knut0297/software/modulesfiles/bwa/0.7.17:/common/software/modulefiles/migrated/common/bzip2/1.0.6-gnu6.1.0_PIC:/home/lmnp/knut0297/software/modulesfiles/samtools/1.9:/common/software/modulefiles/migrated/common/bedtools/2.17.0:/common/software/modulefiles/migrated/common/gmp/6.1.0_gcc6.1.0:/common/software/modulefiles/migrated/common/mpfr/3.1.4-p1_gcc6.1.0:/common/software/modulefiles/migrated/common/mpc/1.0.3_gcc6.1.0:/common/software/modulefiles/migrated/common/isl/0.16.1_gcc6.1.0:/common/software/modulefiles/migrated/common/gcc/6.1.0:/common/software/modulefiles/migrated/common/xz-utils/5.2.2_gcc6.1.0:/common/software/modulefiles/migrated/hpc/htslib/1.9:/common/software/modulefiles/migrated/common/python2/2.7.12_anaconda4.2:/common/software/modulefiles/migrated/common/gatk/4.1.2:/common/software/modulefiles/migrated/hpc/python3/3.7.1_anaconda
+++ export _LMFILES_
+++ LOADEDMODULES=gmp/6.1.2_gcc8.1.0:mpfr/4.0.1_gcc8.1.0:mpc/1.1.0_gcc8.1.0:isl/0.19_gcc8.1.0:gcc/8.2.0:java/openjdk-11.0.2:ompi/3.1.6/gnu-8.2.0-cuda:cuda/11.2:amber/20:conda/4.4.7-py36_0:java/openjdk-8_202:fastqc/0.12.1:parallel/20210822:parallel/20190122:/home/lmnp/knut0297/software/modulesfiles/libgtextutils/0.6:fastx_toolkit/0.0.14:libgd/2.1.0:zlib/1.3.1:riss_util/1.0:zlib/1.2.11_gcc7.2.0:bzip2/1.0.6-gnu7.2.0_PIC:gmp/6.1.2_gcc7.2.0:mpfr/3.1.6_gcc7.2.0:mpc/1.0.3_gcc7.2.0:isl/0.18_gcc7.2.0:gcc/7.2.0:pcre/8.42_gcc7.2.0:xz-utils/5.2.3_gcc7.2.0:curl/7.59.0_gcc7.2.0:gcc/8.1.0:libtiff/4.0.8:R/3.6.3:bwa/0.7.17:bzip2/1.0.6-gnu6.1.0_PIC:samtools/1.9:bedtools/2.17.0:gmp/6.1.0_gcc6.1.0:mpfr/3.1.4-p1_gcc6.1.0:mpc/1.0.3_gcc6.1.0:isl/0.16.1_gcc6.1.0:gcc/6.1.0:xz-utils/5.2.2_gcc6.1.0:htslib/1.9:python2/2.7.12_anaconda4.2:gatk/4.1.2:python3/3.7.1_anaconda
+++ export LOADEDMODULES
+++ test 0
++ _mlstatus=0
++ '[' -n x ']'
++ IFS=' 	
'
++ unset _mlre _mlv _mlrv _mlIFS
++ return 0
++ module load analysis/0.8.2
++ local _mlredir=1
++ '[' -n '' ']'
++ case " $@ " in
++ '[' 1 -eq 0 ']'
++ _module_raw load analysis/0.8.2
++ unset _mlre _mlIFS
++ '[' -n x ']'
++ _mlIFS=' 	
'
++ IFS=' '
++ for _mlv in ${MODULES_RUN_QUARANTINE:-}
++ '[' LD_LIBRARY_PATH = LD_LIBRARY_PATH ']'
++ '[' LD_LIBRARY_PATH = LD_LIBRARY_PATH ']'
+++ eval 'echo ${LD_LIBRARY_PATH+x}'
++++ echo x
++ '[' -n x ']'
+++ eval 'echo ${LD_LIBRARY_PATH}'
++++ echo /common/software/install/migrated/htslib/1.9_gcc-7.2.0_haswell/lib:/common/software/install/migrated/xz-utils/5.2.2_gcc6.1.0/lib:/common/software/install/migrated/isl/0.16.1_gcc6.1.0/lib:/common/software/install/migrated/mpc/1.0.3_gcc6.1.0/lib:/common/software/install/migrated/mpfr/3.1.4-p1_gcc6.1.0/lib:/common/software/install/migrated/gmp/6.1.0_gcc6.1.0/lib:/common/software/install/migrated/bzip2/1.0.6-gnu6.1.0_PIC/lib:/common/software/install/migrated/R/3.6.3/lib64/R/lib:/common/software/install/migrated/R/3.6.3/lib64:/common/software/install/migrated/libtiff/4.0.8/lib:/common/software/install/migrated/curl/7.59.0_gcc7.2.0/lib:/common/software/install/migrated/xz-utils/5.2.3_gcc7.2.0/lib:/common/software/install/migrated/pcre/8.42_gcc7.2.0/lib:/common/software/install/migrated/isl/0.18_gcc7.2.0/lib:/common/software/install/migrated/mpc/1.0.3_gcc7.2.0/lib:/common/software/install/migrated/mpfr/3.1.6_gcc7.2.0/lib:/common/software/install/migrated/gmp/6.1.2_gcc7.2.0/lib:/common/software/install/migrated/bzip2/1.0.6-gcc7.2.0/lib:/common/software/install/migrated/zlib/1.2.11_gcc7.2.0/lib:/home/lmnp/knut0297/software/modules/zlib/1.3.1/build/lib:/common/software/install/migrated/libgd/2.1.0/lib:/common/software/install/migrated/java/openjdk-8_202/lib:/common/software/install/migrated/java/openjdk-8_202/jre/lib/amd64/server:/common/software/install/migrated/cuda/11.2/lib64:/common/software/install/migrated/openmpi/el6/3.1.6/gnu-8.2.0-cuda/lib:/common/software/install/migrated/java/openjdk-11.0.2/lib:/common/software/install/migrated/java/openjdk-11.0.2/lib/jli:/common/software/install/migrated/java/openjdk-11.0.2/lib/server:/common/software/install/migrated/gcc/8.2.0/lib64:/common/software/install/migrated/isl/0.19_gcc8.1.0/lib:/common/software/install/migrated/mpc/1.1.0_gcc8.1.0/lib:/common/software/install/migrated/mpfr/4.0.1_gcc8.1.0/lib:/common/software/install/migrated/gmp/6.1.2_gcc8.1.0/lib:/common/software/install/migrated/gcc/8.1.0/lib64:/common/software/install/migrated/amber/amber20/lib:/common/software/install/migrated/gcc/7.2.0/lib64:/common/software/install/migrated/gcc/6.1.0/lib64
++ _mlre='__MODULES_QUAR_LD_LIBRARY_PATH='\''/common/software/install/migrated/htslib/1.9_gcc-7.2.0_haswell/lib:/common/software/install/migrated/xz-utils/5.2.2_gcc6.1.0/lib:/common/software/install/migrated/isl/0.16.1_gcc6.1.0/lib:/common/software/install/migrated/mpc/1.0.3_gcc6.1.0/lib:/common/software/install/migrated/mpfr/3.1.4-p1_gcc6.1.0/lib:/common/software/install/migrated/gmp/6.1.0_gcc6.1.0/lib:/common/software/install/migrated/bzip2/1.0.6-gnu6.1.0_PIC/lib:/common/software/install/migrated/R/3.6.3/lib64/R/lib:/common/software/install/migrated/R/3.6.3/lib64:/common/software/install/migrated/libtiff/4.0.8/lib:/common/software/install/migrated/curl/7.59.0_gcc7.2.0/lib:/common/software/install/migrated/xz-utils/5.2.3_gcc7.2.0/lib:/common/software/install/migrated/pcre/8.42_gcc7.2.0/lib:/common/software/install/migrated/isl/0.18_gcc7.2.0/lib:/common/software/install/migrated/mpc/1.0.3_gcc7.2.0/lib:/common/software/install/migrated/mpfr/3.1.6_gcc7.2.0/lib:/common/software/install/migrated/gmp/6.1.2_gcc7.2.0/lib:/common/software/install/migrated/bzip2/1.0.6-gcc7.2.0/lib:/common/software/install/migrated/zlib/1.2.11_gcc7.2.0/lib:/home/lmnp/knut0297/software/modules/zlib/1.3.1/build/lib:/common/software/install/migrated/libgd/2.1.0/lib:/common/software/install/migrated/java/openjdk-8_202/lib:/common/software/install/migrated/java/openjdk-8_202/jre/lib/amd64/server:/common/software/install/migrated/cuda/11.2/lib64:/common/software/install/migrated/openmpi/el6/3.1.6/gnu-8.2.0-cuda/lib:/common/software/install/migrated/java/openjdk-11.0.2/lib:/common/software/install/migrated/java/openjdk-11.0.2/lib/jli:/common/software/install/migrated/java/openjdk-11.0.2/lib/server:/common/software/install/migrated/gcc/8.2.0/lib64:/common/software/install/migrated/isl/0.19_gcc8.1.0/lib:/common/software/install/migrated/mpc/1.1.0_gcc8.1.0/lib:/common/software/install/migrated/mpfr/4.0.1_gcc8.1.0/lib:/common/software/install/migrated/gmp/6.1.2_gcc8.1.0/lib:/common/software/install/migrated/gcc/8.1.0/lib64:/common/software/install/migrated/amber/amber20/lib:/common/software/install/migrated/gcc/7.2.0/lib64:/common/software/install/migrated/gcc/6.1.0/lib64'\'' '
++ _mlrv=MODULES_RUNENV_LD_LIBRARY_PATH
+++ eval 'echo ${MODULES_RUNENV_LD_LIBRARY_PATH:-}'
++++ echo
++ _mlre='__MODULES_QUAR_LD_LIBRARY_PATH='\''/common/software/install/migrated/htslib/1.9_gcc-7.2.0_haswell/lib:/common/software/install/migrated/xz-utils/5.2.2_gcc6.1.0/lib:/common/software/install/migrated/isl/0.16.1_gcc6.1.0/lib:/common/software/install/migrated/mpc/1.0.3_gcc6.1.0/lib:/common/software/install/migrated/mpfr/3.1.4-p1_gcc6.1.0/lib:/common/software/install/migrated/gmp/6.1.0_gcc6.1.0/lib:/common/software/install/migrated/bzip2/1.0.6-gnu6.1.0_PIC/lib:/common/software/install/migrated/R/3.6.3/lib64/R/lib:/common/software/install/migrated/R/3.6.3/lib64:/common/software/install/migrated/libtiff/4.0.8/lib:/common/software/install/migrated/curl/7.59.0_gcc7.2.0/lib:/common/software/install/migrated/xz-utils/5.2.3_gcc7.2.0/lib:/common/software/install/migrated/pcre/8.42_gcc7.2.0/lib:/common/software/install/migrated/isl/0.18_gcc7.2.0/lib:/common/software/install/migrated/mpc/1.0.3_gcc7.2.0/lib:/common/software/install/migrated/mpfr/3.1.6_gcc7.2.0/lib:/common/software/install/migrated/gmp/6.1.2_gcc7.2.0/lib:/common/software/install/migrated/bzip2/1.0.6-gcc7.2.0/lib:/common/software/install/migrated/zlib/1.2.11_gcc7.2.0/lib:/home/lmnp/knut0297/software/modules/zlib/1.3.1/build/lib:/common/software/install/migrated/libgd/2.1.0/lib:/common/software/install/migrated/java/openjdk-8_202/lib:/common/software/install/migrated/java/openjdk-8_202/jre/lib/amd64/server:/common/software/install/migrated/cuda/11.2/lib64:/common/software/install/migrated/openmpi/el6/3.1.6/gnu-8.2.0-cuda/lib:/common/software/install/migrated/java/openjdk-11.0.2/lib:/common/software/install/migrated/java/openjdk-11.0.2/lib/jli:/common/software/install/migrated/java/openjdk-11.0.2/lib/server:/common/software/install/migrated/gcc/8.2.0/lib64:/common/software/install/migrated/isl/0.19_gcc8.1.0/lib:/common/software/install/migrated/mpc/1.1.0_gcc8.1.0/lib:/common/software/install/migrated/mpfr/4.0.1_gcc8.1.0/lib:/common/software/install/migrated/gmp/6.1.2_gcc8.1.0/lib:/common/software/install/migrated/gcc/8.1.0/lib64:/common/software/install/migrated/amber/amber20/lib:/common/software/install/migrated/gcc/7.2.0/lib64:/common/software/install/migrated/gcc/6.1.0/lib64'\'' LD_LIBRARY_PATH='\'''\'' '
++ for _mlv in ${MODULES_RUN_QUARANTINE:-}
++ '[' LD_PRELOAD = LD_PRELOAD ']'
++ '[' LD_PRELOAD = LD_PRELOAD ']'
+++ eval 'echo ${LD_PRELOAD+x}'
++++ echo
++ '[' -n '' ']'
++ _mlrv=MODULES_RUNENV_LD_PRELOAD
+++ eval 'echo ${MODULES_RUNENV_LD_PRELOAD:-}'
++++ echo
++ _mlre='__MODULES_QUAR_LD_LIBRARY_PATH='\''/common/software/install/migrated/htslib/1.9_gcc-7.2.0_haswell/lib:/common/software/install/migrated/xz-utils/5.2.2_gcc6.1.0/lib:/common/software/install/migrated/isl/0.16.1_gcc6.1.0/lib:/common/software/install/migrated/mpc/1.0.3_gcc6.1.0/lib:/common/software/install/migrated/mpfr/3.1.4-p1_gcc6.1.0/lib:/common/software/install/migrated/gmp/6.1.0_gcc6.1.0/lib:/common/software/install/migrated/bzip2/1.0.6-gnu6.1.0_PIC/lib:/common/software/install/migrated/R/3.6.3/lib64/R/lib:/common/software/install/migrated/R/3.6.3/lib64:/common/software/install/migrated/libtiff/4.0.8/lib:/common/software/install/migrated/curl/7.59.0_gcc7.2.0/lib:/common/software/install/migrated/xz-utils/5.2.3_gcc7.2.0/lib:/common/software/install/migrated/pcre/8.42_gcc7.2.0/lib:/common/software/install/migrated/isl/0.18_gcc7.2.0/lib:/common/software/install/migrated/mpc/1.0.3_gcc7.2.0/lib:/common/software/install/migrated/mpfr/3.1.6_gcc7.2.0/lib:/common/software/install/migrated/gmp/6.1.2_gcc7.2.0/lib:/common/software/install/migrated/bzip2/1.0.6-gcc7.2.0/lib:/common/software/install/migrated/zlib/1.2.11_gcc7.2.0/lib:/home/lmnp/knut0297/software/modules/zlib/1.3.1/build/lib:/common/software/install/migrated/libgd/2.1.0/lib:/common/software/install/migrated/java/openjdk-8_202/lib:/common/software/install/migrated/java/openjdk-8_202/jre/lib/amd64/server:/common/software/install/migrated/cuda/11.2/lib64:/common/software/install/migrated/openmpi/el6/3.1.6/gnu-8.2.0-cuda/lib:/common/software/install/migrated/java/openjdk-11.0.2/lib:/common/software/install/migrated/java/openjdk-11.0.2/lib/jli:/common/software/install/migrated/java/openjdk-11.0.2/lib/server:/common/software/install/migrated/gcc/8.2.0/lib64:/common/software/install/migrated/isl/0.19_gcc8.1.0/lib:/common/software/install/migrated/mpc/1.1.0_gcc8.1.0/lib:/common/software/install/migrated/mpfr/4.0.1_gcc8.1.0/lib:/common/software/install/migrated/gmp/6.1.2_gcc8.1.0/lib:/common/software/install/migrated/gcc/8.1.0/lib64:/common/software/install/migrated/amber/amber20/lib:/common/software/install/migrated/gcc/7.2.0/lib64:/common/software/install/migrated/gcc/6.1.0/lib64'\'' LD_LIBRARY_PATH='\'''\'' LD_PRELOAD='\'''\'' '
++ '[' -n '__MODULES_QUAR_LD_LIBRARY_PATH='\''/common/software/install/migrated/htslib/1.9_gcc-7.2.0_haswell/lib:/common/software/install/migrated/xz-utils/5.2.2_gcc6.1.0/lib:/common/software/install/migrated/isl/0.16.1_gcc6.1.0/lib:/common/software/install/migrated/mpc/1.0.3_gcc6.1.0/lib:/common/software/install/migrated/mpfr/3.1.4-p1_gcc6.1.0/lib:/common/software/install/migrated/gmp/6.1.0_gcc6.1.0/lib:/common/software/install/migrated/bzip2/1.0.6-gnu6.1.0_PIC/lib:/common/software/install/migrated/R/3.6.3/lib64/R/lib:/common/software/install/migrated/R/3.6.3/lib64:/common/software/install/migrated/libtiff/4.0.8/lib:/common/software/install/migrated/curl/7.59.0_gcc7.2.0/lib:/common/software/install/migrated/xz-utils/5.2.3_gcc7.2.0/lib:/common/software/install/migrated/pcre/8.42_gcc7.2.0/lib:/common/software/install/migrated/isl/0.18_gcc7.2.0/lib:/common/software/install/migrated/mpc/1.0.3_gcc7.2.0/lib:/common/software/install/migrated/mpfr/3.1.6_gcc7.2.0/lib:/common/software/install/migrated/gmp/6.1.2_gcc7.2.0/lib:/common/software/install/migrated/bzip2/1.0.6-gcc7.2.0/lib:/common/software/install/migrated/zlib/1.2.11_gcc7.2.0/lib:/home/lmnp/knut0297/software/modules/zlib/1.3.1/build/lib:/common/software/install/migrated/libgd/2.1.0/lib:/common/software/install/migrated/java/openjdk-8_202/lib:/common/software/install/migrated/java/openjdk-8_202/jre/lib/amd64/server:/common/software/install/migrated/cuda/11.2/lib64:/common/software/install/migrated/openmpi/el6/3.1.6/gnu-8.2.0-cuda/lib:/common/software/install/migrated/java/openjdk-11.0.2/lib:/common/software/install/migrated/java/openjdk-11.0.2/lib/jli:/common/software/install/migrated/java/openjdk-11.0.2/lib/server:/common/software/install/migrated/gcc/8.2.0/lib64:/common/software/install/migrated/isl/0.19_gcc8.1.0/lib:/common/software/install/migrated/mpc/1.1.0_gcc8.1.0/lib:/common/software/install/migrated/mpfr/4.0.1_gcc8.1.0/lib:/common/software/install/migrated/gmp/6.1.2_gcc8.1.0/lib:/common/software/install/migrated/gcc/8.1.0/lib64:/common/software/install/migrated/amber/amber20/lib:/common/software/install/migrated/gcc/7.2.0/lib64:/common/software/install/migrated/gcc/6.1.0/lib64'\'' LD_LIBRARY_PATH='\'''\'' LD_PRELOAD='\'''\'' ' ']'
++ _mlre='__MODULES_QUAR_LD_LIBRARY_PATH='\''/common/software/install/migrated/htslib/1.9_gcc-7.2.0_haswell/lib:/common/software/install/migrated/xz-utils/5.2.2_gcc6.1.0/lib:/common/software/install/migrated/isl/0.16.1_gcc6.1.0/lib:/common/software/install/migrated/mpc/1.0.3_gcc6.1.0/lib:/common/software/install/migrated/mpfr/3.1.4-p1_gcc6.1.0/lib:/common/software/install/migrated/gmp/6.1.0_gcc6.1.0/lib:/common/software/install/migrated/bzip2/1.0.6-gnu6.1.0_PIC/lib:/common/software/install/migrated/R/3.6.3/lib64/R/lib:/common/software/install/migrated/R/3.6.3/lib64:/common/software/install/migrated/libtiff/4.0.8/lib:/common/software/install/migrated/curl/7.59.0_gcc7.2.0/lib:/common/software/install/migrated/xz-utils/5.2.3_gcc7.2.0/lib:/common/software/install/migrated/pcre/8.42_gcc7.2.0/lib:/common/software/install/migrated/isl/0.18_gcc7.2.0/lib:/common/software/install/migrated/mpc/1.0.3_gcc7.2.0/lib:/common/software/install/migrated/mpfr/3.1.6_gcc7.2.0/lib:/common/software/install/migrated/gmp/6.1.2_gcc7.2.0/lib:/common/software/install/migrated/bzip2/1.0.6-gcc7.2.0/lib:/common/software/install/migrated/zlib/1.2.11_gcc7.2.0/lib:/home/lmnp/knut0297/software/modules/zlib/1.3.1/build/lib:/common/software/install/migrated/libgd/2.1.0/lib:/common/software/install/migrated/java/openjdk-8_202/lib:/common/software/install/migrated/java/openjdk-8_202/jre/lib/amd64/server:/common/software/install/migrated/cuda/11.2/lib64:/common/software/install/migrated/openmpi/el6/3.1.6/gnu-8.2.0-cuda/lib:/common/software/install/migrated/java/openjdk-11.0.2/lib:/common/software/install/migrated/java/openjdk-11.0.2/lib/jli:/common/software/install/migrated/java/openjdk-11.0.2/lib/server:/common/software/install/migrated/gcc/8.2.0/lib64:/common/software/install/migrated/isl/0.19_gcc8.1.0/lib:/common/software/install/migrated/mpc/1.1.0_gcc8.1.0/lib:/common/software/install/migrated/mpfr/4.0.1_gcc8.1.0/lib:/common/software/install/migrated/gmp/6.1.2_gcc8.1.0/lib:/common/software/install/migrated/gcc/8.1.0/lib64:/common/software/install/migrated/amber/amber20/lib:/common/software/install/migrated/gcc/7.2.0/lib64:/common/software/install/migrated/gcc/6.1.0/lib64'\'' LD_LIBRARY_PATH='\'''\'' LD_PRELOAD='\'''\'' __MODULES_QUARANTINE_SET=1 '
+++ eval '__MODULES_QUAR_LD_LIBRARY_PATH='\''/common/software/install/migrated/htslib/1.9_gcc-7.2.0_haswell/lib:/common/software/install/migrated/xz-utils/5.2.2_gcc6.1.0/lib:/common/software/install/migrated/isl/0.16.1_gcc6.1.0/lib:/common/software/install/migrated/mpc/1.0.3_gcc6.1.0/lib:/common/software/install/migrated/mpfr/3.1.4-p1_gcc6.1.0/lib:/common/software/install/migrated/gmp/6.1.0_gcc6.1.0/lib:/common/software/install/migrated/bzip2/1.0.6-gnu6.1.0_PIC/lib:/common/software/install/migrated/R/3.6.3/lib64/R/lib:/common/software/install/migrated/R/3.6.3/lib64:/common/software/install/migrated/libtiff/4.0.8/lib:/common/software/install/migrated/curl/7.59.0_gcc7.2.0/lib:/common/software/install/migrated/xz-utils/5.2.3_gcc7.2.0/lib:/common/software/install/migrated/pcre/8.42_gcc7.2.0/lib:/common/software/install/migrated/isl/0.18_gcc7.2.0/lib:/common/software/install/migrated/mpc/1.0.3_gcc7.2.0/lib:/common/software/install/migrated/mpfr/3.1.6_gcc7.2.0/lib:/common/software/install/migrated/gmp/6.1.2_gcc7.2.0/lib:/common/software/install/migrated/bzip2/1.0.6-gcc7.2.0/lib:/common/software/install/migrated/zlib/1.2.11_gcc7.2.0/lib:/home/lmnp/knut0297/software/modules/zlib/1.3.1/build/lib:/common/software/install/migrated/libgd/2.1.0/lib:/common/software/install/migrated/java/openjdk-8_202/lib:/common/software/install/migrated/java/openjdk-8_202/jre/lib/amd64/server:/common/software/install/migrated/cuda/11.2/lib64:/common/software/install/migrated/openmpi/el6/3.1.6/gnu-8.2.0-cuda/lib:/common/software/install/migrated/java/openjdk-11.0.2/lib:/common/software/install/migrated/java/openjdk-11.0.2/lib/jli:/common/software/install/migrated/java/openjdk-11.0.2/lib/server:/common/software/install/migrated/gcc/8.2.0/lib64:/common/software/install/migrated/isl/0.19_gcc8.1.0/lib:/common/software/install/migrated/mpc/1.1.0_gcc8.1.0/lib:/common/software/install/migrated/mpfr/4.0.1_gcc8.1.0/lib:/common/software/install/migrated/gmp/6.1.2_gcc8.1.0/lib:/common/software/install/migrated/gcc/8.1.0/lib64:/common/software/install/migrated/amber/amber20/lib:/common/software/install/migrated/gcc/7.2.0/lib64:/common/software/install/migrated/gcc/6.1.0/lib64'\''' 'LD_LIBRARY_PATH='\'''\''' 'LD_PRELOAD='\'''\''' __MODULES_QUARANTINE_SET=1 /usr/bin/tclsh /usr/share/Modules/libexec/modulecmd.tcl bash '"$@"'
++++ __MODULES_QUAR_LD_LIBRARY_PATH=/common/software/install/migrated/htslib/1.9_gcc-7.2.0_haswell/lib:/common/software/install/migrated/xz-utils/5.2.2_gcc6.1.0/lib:/common/software/install/migrated/isl/0.16.1_gcc6.1.0/lib:/common/software/install/migrated/mpc/1.0.3_gcc6.1.0/lib:/common/software/install/migrated/mpfr/3.1.4-p1_gcc6.1.0/lib:/common/software/install/migrated/gmp/6.1.0_gcc6.1.0/lib:/common/software/install/migrated/bzip2/1.0.6-gnu6.1.0_PIC/lib:/common/software/install/migrated/R/3.6.3/lib64/R/lib:/common/software/install/migrated/R/3.6.3/lib64:/common/software/install/migrated/libtiff/4.0.8/lib:/common/software/install/migrated/curl/7.59.0_gcc7.2.0/lib:/common/software/install/migrated/xz-utils/5.2.3_gcc7.2.0/lib:/common/software/install/migrated/pcre/8.42_gcc7.2.0/lib:/common/software/install/migrated/isl/0.18_gcc7.2.0/lib:/common/software/install/migrated/mpc/1.0.3_gcc7.2.0/lib:/common/software/install/migrated/mpfr/3.1.6_gcc7.2.0/lib:/common/software/install/migrated/gmp/6.1.2_gcc7.2.0/lib:/common/software/install/migrated/bzip2/1.0.6-gcc7.2.0/lib:/common/software/install/migrated/zlib/1.2.11_gcc7.2.0/lib:/home/lmnp/knut0297/software/modules/zlib/1.3.1/build/lib:/common/software/install/migrated/libgd/2.1.0/lib:/common/software/install/migrated/java/openjdk-8_202/lib:/common/software/install/migrated/java/openjdk-8_202/jre/lib/amd64/server:/common/software/install/migrated/cuda/11.2/lib64:/common/software/install/migrated/openmpi/el6/3.1.6/gnu-8.2.0-cuda/lib:/common/software/install/migrated/java/openjdk-11.0.2/lib:/common/software/install/migrated/java/openjdk-11.0.2/lib/jli:/common/software/install/migrated/java/openjdk-11.0.2/lib/server:/common/software/install/migrated/gcc/8.2.0/lib64:/common/software/install/migrated/isl/0.19_gcc8.1.0/lib:/common/software/install/migrated/mpc/1.1.0_gcc8.1.0/lib:/common/software/install/migrated/mpfr/4.0.1_gcc8.1.0/lib:/common/software/install/migrated/gmp/6.1.2_gcc8.1.0/lib:/common/software/install/migrated/gcc/8.1.0/lib64:/common/software/install/migrated/amber/amber20/lib:/common/software/install/migrated/gcc/7.2.0/lib64:/common/software/install/migrated/gcc/6.1.0/lib64
++++ LD_LIBRARY_PATH=
++++ LD_PRELOAD=
++++ __MODULES_QUARANTINE_SET=1
++++ /usr/bin/tclsh /usr/share/Modules/libexec/modulecmd.tcl bash load analysis/0.8.2
++ eval 'LD_LIBRARY_PATH=/common/software/install/migrated/libsequence/1.7.3/lib:/common/software/install/migrated/htslib/1.9_gcc-7.2.0_haswell/lib:/common/software/install/migrated/xz-utils/5.2.2_gcc6.1.0/lib:/common/software/install/migrated/isl/0.16.1_gcc6.1.0/lib:/common/software/install/migrated/mpc/1.0.3_gcc6.1.0/lib:/common/software/install/migrated/mpfr/3.1.4-p1_gcc6.1.0/lib:/common/software/install/migrated/gmp/6.1.0_gcc6.1.0/lib:/common/software/install/migrated/bzip2/1.0.6-gnu6.1.0_PIC/lib:/common/software/install/migrated/R/3.6.3/lib64/R/lib:/common/software/install/migrated/R/3.6.3/lib64:/common/software/install/migrated/libtiff/4.0.8/lib:/common/software/install/migrated/curl/7.59.0_gcc7.2.0/lib:/common/software/install/migrated/xz-utils/5.2.3_gcc7.2.0/lib:/common/software/install/migrated/pcre/8.42_gcc7.2.0/lib:/common/software/install/migrated/isl/0.18_gcc7.2.0/lib:/common/software/install/migrated/mpc/1.0.3_gcc7.2.0/lib:/common/software/install/migrated/mpfr/3.1.6_gcc7.2.0/lib:/common/software/install/migrated/gmp/6.1.2_gcc7.2.0/lib:/common/software/install/migrated/bzip2/1.0.6-gcc7.2.0/lib:/common/software/install/migrated/zlib/1.2.11_gcc7.2.0/lib:/home/lmnp/knut0297/software/modules/zlib/1.3.1/build/lib:/common/software/install/migrated/libgd/2.1.0/lib:/common/software/install/migrated/java/openjdk-8_202/lib:/common/software/install/migrated/java/openjdk-8_202/jre/lib/amd64/server:/common/software/install/migrated/cuda/11.2/lib64:/common/software/install/migrated/openmpi/el6/3.1.6/gnu-8.2.0-cuda/lib:/common/software/install/migrated/java/openjdk-11.0.2/lib:/common/software/install/migrated/java/openjdk-11.0.2/lib/jli:/common/software/install/migrated/java/openjdk-11.0.2/lib/server:/common/software/install/migrated/gcc/8.2.0/lib64:/common/software/install/migrated/isl/0.19_gcc8.1.0/lib:/common/software/install/migrated/mpc/1.1.0_gcc8.1.0/lib:/common/software/install/migrated/mpfr/4.0.1_gcc8.1.0/lib:/common/software/install/migrated/gmp/6.1.2_gcc8.1.0/lib:/common/software/install/migrated/gcc/8.1.0/lib64:/common/software/install/migrated/amber/amber20/lib:/common/software/install/migrated/gcc/7.2.0/lib64:/common/software/install/migrated/gcc/6.1.0/lib64; export LD_LIBRARY_PATH;
CPATH=/common/software/install/migrated/libsequence/1.7.3/include:/common/software/install/migrated/htslib/1.9_gcc-7.2.0_haswell/lib:/common/software/install/migrated/xz-utils/5.2.2_gcc6.1.0/include:/common/software/install/migrated/gcc/6.1.0/include:/common/software/install/migrated/isl/0.16.1_gcc6.1.0/include:/common/software/install/migrated/mpc/1.0.3_gcc6.1.0/include:/common/software/install/migrated/mpfr/3.1.4-p1_gcc6.1.0/include:/common/software/install/migrated/gmp/6.1.0_gcc6.1.0/include:/common/software/install/migrated/bzip2/1.0.6-gnu6.1.0_PIC/include:/common/software/install/migrated/gcc/8.1.0/include:/common/software/install/migrated/curl/7.59.0_gcc7.2.0/include:/common/software/install/migrated/xz-utils/5.2.3_gcc7.2.0/include:/common/software/install/migrated/pcre/8.42_gcc7.2.0/include:/common/software/install/migrated/gcc/7.2.0/include:/common/software/install/migrated/isl/0.18_gcc7.2.0/include:/common/software/install/migrated/mpc/1.0.3_gcc7.2.0/include:/common/software/install/migrated/mpfr/3.1.6_gcc7.2.0/include:/common/software/install/migrated/gmp/6.1.2_gcc7.2.0/include:/common/software/install/migrated/bzip2/1.0.6-gcc7.2.0/include:/common/software/install/migrated/zlib/1.2.11_gcc7.2.0/include:/home/lmnp/knut0297/software/modules/zlib/1.3.1/build/include:/common/software/install/migrated/libgd/2.1.0/include:/common/software/install/migrated/java/openjdk-8_202/include:/common/software/install/migrated/cuda/11.2/include:/common/software/install/migrated/openmpi/el6/3.1.6/gnu-8.2.0-cuda/include:/common/software/install/migrated/java/openjdk-11.0.2/include:/common/software/install/migrated/gcc/8.2.0/include:/common/software/install/migrated/isl/0.19_gcc8.1.0/include:/common/software/install/migrated/mpc/1.1.0_gcc8.1.0/include:/common/software/install/migrated/mpfr/4.0.1_gcc8.1.0/include:/common/software/install/migrated/gmp/6.1.2_gcc8.1.0/include; export CPATH;
MANPATH=/common/software/install/migrated/analysis/0.8.2/share/man:/common/software/install/migrated/xz-utils/5.2.2_gcc6.1.0/share/man:/common/software/install/migrated/gcc/6.1.0/share/man:/home/lmnp/knut0297/software/modules/samtools/1.9/share/man:/common/software/install/migrated/bzip2/1.0.6-gnu6.1.0_PIC/share/man:/common/software/install/migrated/R/3.6.3/share/man:/common/software/install/migrated/gcc/8.1.0/share/man:/common/software/install/migrated/curl/7.59.0_gcc7.2.0/share/man:/common/software/install/migrated/xz-utils/5.2.3_gcc7.2.0/share/man:/common/software/install/migrated/pcre/8.42_gcc7.2.0/share/man:/common/software/install/migrated/gcc/7.2.0/share/man:/common/software/install/migrated/bzip2/1.0.6-gcc7.2.0/share/man:/common/software/install/migrated/zlib/1.2.11_gcc7.2.0/share/man:/home/lmnp/knut0297/software/modules/zlib/1.3.1/build/share/man:/common/software/install/migrated/parallel/20190122/share/man:/common/software/install/migrated/parallel/20210822/share/man:/common/software/install/migrated/java/openjdk-8_202/man:/common/software/install/migrated/openmpi/el6/3.1.6/gnu-8.2.0-cuda/share/man:/common/software/install/migrated/java/openjdk-11.0.2/man:/common/software/install/migrated/gcc/8.2.0/share/man::/opt/puppetlabs/puppet/share/man:/opt/slurm/rocky8/ofed-24.07/x86_64/23.11.8/share/man; export MANPATH;
LIBRARY_PATH=/common/software/install/migrated/libsequence/1.7.3/lib:/common/software/install/migrated/htslib/1.9_gcc-7.2.0_haswell/lib:/common/software/install/migrated/xz-utils/5.2.2_gcc6.1.0/lib:/common/software/install/migrated/gcc/6.1.0/lib64:/common/software/install/migrated/isl/0.16.1_gcc6.1.0/lib:/common/software/install/migrated/mpc/1.0.3_gcc6.1.0/lib:/common/software/install/migrated/mpfr/3.1.4-p1_gcc6.1.0/lib:/common/software/install/migrated/gmp/6.1.0_gcc6.1.0/lib:/common/software/install/migrated/bzip2/1.0.6-gnu6.1.0_PIC/lib:/common/software/install/migrated/libtiff/4.0.8/lib:/common/software/install/migrated/gcc/8.1.0/lib64:/common/software/install/migrated/curl/7.59.0_gcc7.2.0/lib:/common/software/install/migrated/xz-utils/5.2.3_gcc7.2.0/lib:/common/software/install/migrated/pcre/8.42_gcc7.2.0/lib:/common/software/install/migrated/gcc/7.2.0/lib64:/common/software/install/migrated/isl/0.18_gcc7.2.0/lib:/common/software/install/migrated/mpc/1.0.3_gcc7.2.0/lib:/common/software/install/migrated/mpfr/3.1.6_gcc7.2.0/lib:/common/software/install/migrated/gmp/6.1.2_gcc7.2.0/lib:/common/software/install/migrated/bzip2/1.0.6-gcc7.2.0/lib:/common/software/install/migrated/zlib/1.2.11_gcc7.2.0/lib:/home/lmnp/knut0297/software/modules/zlib/1.3.1/build/lib:/common/software/install/migrated/cuda/11.2/lib64:/common/software/install/migrated/openmpi/el6/3.1.6/gnu-8.2.0-cuda/lib:/common/software/install/migrated/gcc/8.2.0/lib64:/common/software/install/migrated/isl/0.19_gcc8.1.0/lib:/common/software/install/migrated/mpc/1.1.0_gcc8.1.0/lib:/common/software/install/migrated/mpfr/4.0.1_gcc8.1.0/lib:/common/software/install/migrated/gmp/6.1.2_gcc8.1.0/lib; export LIBRARY_PATH;
LOADEDMODULES=gmp/6.1.2_gcc8.1.0:mpfr/4.0.1_gcc8.1.0:mpc/1.1.0_gcc8.1.0:isl/0.19_gcc8.1.0:gcc/8.2.0:java/openjdk-11.0.2:ompi/3.1.6/gnu-8.2.0-cuda:cuda/11.2:amber/20:conda/4.4.7-py36_0:java/openjdk-8_202:fastqc/0.12.1:parallel/20210822:parallel/20190122:/home/lmnp/knut0297/software/modulesfiles/libgtextutils/0.6:fastx_toolkit/0.0.14:libgd/2.1.0:zlib/1.3.1:riss_util/1.0:zlib/1.2.11_gcc7.2.0:bzip2/1.0.6-gnu7.2.0_PIC:gmp/6.1.2_gcc7.2.0:mpfr/3.1.6_gcc7.2.0:mpc/1.0.3_gcc7.2.0:isl/0.18_gcc7.2.0:gcc/7.2.0:pcre/8.42_gcc7.2.0:xz-utils/5.2.3_gcc7.2.0:curl/7.59.0_gcc7.2.0:gcc/8.1.0:libtiff/4.0.8:R/3.6.3:bwa/0.7.17:bzip2/1.0.6-gnu6.1.0_PIC:samtools/1.9:bedtools/2.17.0:gmp/6.1.0_gcc6.1.0:mpfr/3.1.4-p1_gcc6.1.0:mpc/1.0.3_gcc6.1.0:isl/0.16.1_gcc6.1.0:gcc/6.1.0:xz-utils/5.2.2_gcc6.1.0:htslib/1.9:python2/2.7.12_anaconda4.2:gatk/4.1.2:python3/3.7.1_anaconda:libsequence/1.7.3:analysis/0.8.2; export LOADEDMODULES;
_LMFILES_=/common/software/modulefiles/migrated/common/gmp/6.1.2_gcc8.1.0:/common/software/modulefiles/migrated/common/mpfr/4.0.1_gcc8.1.0:/common/software/modulefiles/migrated/common/mpc/1.1.0_gcc8.1.0:/common/software/modulefiles/migrated/common/isl/0.19_gcc8.1.0:/common/software/modulefiles/migrated/hpc/gcc/8.2.0:/common/software/modulefiles/migrated/common/java/openjdk-11.0.2:/common/software/modulefiles/migrated/hpc/ompi/3.1.6/gnu-8.2.0-cuda:/common/software/modulefiles/migrated/hpc/cuda/11.2:/common/software/modulefiles/migrated/hpc/amber/20:/home/lmnp/knut0297/software/modulesfiles/conda/4.4.7-py36_0:/common/software/modulefiles/migrated/common/java/openjdk-8_202:/common/software/modulefiles/manual/common/fastqc/0.12.1:/common/software/modulefiles/migrated/common/parallel/20210822:/common/software/modulefiles/migrated/common/parallel/20190122:/home/lmnp/knut0297/software/modulesfiles/libgtextutils/0.6:/home/lmnp/knut0297/software/modulesfiles/fastx_toolkit/0.0.14:/common/software/modulefiles/migrated/hpc/libgd/2.1.0:/home/lmnp/knut0297/software/modulesfiles/zlib/1.3.1:/common/software/modulefiles/migrated/common/riss_util/1.0:/common/software/modulefiles/migrated/common/zlib/1.2.11_gcc7.2.0:/common/software/modulefiles/migrated/common/bzip2/1.0.6-gnu7.2.0_PIC:/common/software/modulefiles/migrated/common/gmp/6.1.2_gcc7.2.0:/common/software/modulefiles/migrated/common/mpfr/3.1.6_gcc7.2.0:/common/software/modulefiles/migrated/common/mpc/1.0.3_gcc7.2.0:/common/software/modulefiles/migrated/common/isl/0.18_gcc7.2.0:/common/software/modulefiles/migrated/common/gcc/7.2.0:/common/software/modulefiles/migrated/common/pcre/8.42_gcc7.2.0:/common/software/modulefiles/migrated/common/xz-utils/5.2.3_gcc7.2.0:/common/software/modulefiles/migrated/common/curl/7.59.0_gcc7.2.0:/common/software/modulefiles/migrated/common/gcc/8.1.0:/common/software/modulefiles/migrated/common/libtiff/4.0.8:/common/software/modulefiles/migrated/common/R/3.6.3:/home/lmnp/knut0297/software/modulesfiles/bwa/0.7.17:/common/software/modulefiles/migrated/common/bzip2/1.0.6-gnu6.1.0_PIC:/home/lmnp/knut0297/software/modulesfiles/samtools/1.9:/common/software/modulefiles/migrated/common/bedtools/2.17.0:/common/software/modulefiles/migrated/common/gmp/6.1.0_gcc6.1.0:/common/software/modulefiles/migrated/common/mpfr/3.1.4-p1_gcc6.1.0:/common/software/modulefiles/migrated/common/mpc/1.0.3_gcc6.1.0:/common/software/modulefiles/migrated/common/isl/0.16.1_gcc6.1.0:/common/software/modulefiles/migrated/common/gcc/6.1.0:/common/software/modulefiles/migrated/common/xz-utils/5.2.2_gcc6.1.0:/common/software/modulefiles/migrated/hpc/htslib/1.9:/common/software/modulefiles/migrated/common/python2/2.7.12_anaconda4.2:/common/software/modulefiles/migrated/common/gatk/4.1.2:/common/software/modulefiles/migrated/hpc/python3/3.7.1_anaconda:/common/software/modulefiles/migrated/common/libsequence/1.7.3:/common/software/modulefiles/migrated/common/analysis/0.8.2; export _LMFILES_;
FPATH=/common/software/install/migrated/libsequence/1.7.3/include:/common/software/install/migrated/htslib/1.9_gcc-7.2.0_haswell/include/htslib:/common/software/install/migrated/htslib/1.9_gcc-7.2.0_haswell/include:/common/software/install/migrated/xz-utils/5.2.2_gcc6.1.0/include:/common/software/install/migrated/gcc/6.1.0/include:/common/software/install/migrated/isl/0.16.1_gcc6.1.0/include:/common/software/install/migrated/mpc/1.0.3_gcc6.1.0/include:/common/software/install/migrated/mpfr/3.1.4-p1_gcc6.1.0/include:/common/software/install/migrated/gmp/6.1.0_gcc6.1.0/include:/common/software/install/migrated/gcc/8.1.0/include:/common/software/install/migrated/curl/7.59.0_gcc7.2.0/include:/common/software/install/migrated/xz-utils/5.2.3_gcc7.2.0/include:/common/software/install/migrated/pcre/8.42_gcc7.2.0/include:/common/software/install/migrated/gcc/7.2.0/include:/common/software/install/migrated/isl/0.18_gcc7.2.0/include:/common/software/install/migrated/mpc/1.0.3_gcc7.2.0/include:/common/software/install/migrated/mpfr/3.1.6_gcc7.2.0/include:/common/software/install/migrated/gmp/6.1.2_gcc7.2.0/include:/common/software/install/migrated/zlib/1.2.11_gcc7.2.0/include:/home/lmnp/knut0297/software/modules/zlib/1.3.1/build/include:/common/software/install/migrated/libgd/2.1.0/include:/common/software/install/migrated/cuda/11.2/include:/common/software/install/migrated/openmpi/el6/3.1.6/gnu-8.2.0-cuda/include:/common/software/install/migrated/gcc/8.2.0/include:/common/software/install/migrated/isl/0.19_gcc8.1.0/include:/common/software/install/migrated/mpc/1.1.0_gcc8.1.0/include:/common/software/install/migrated/mpfr/4.0.1_gcc8.1.0/include:/common/software/install/migrated/gmp/6.1.2_gcc8.1.0/include; export FPATH;
__MODULES_LMTAG=gmp/6.1.2_gcc8.1.0\&auto-loaded:mpfr/4.0.1_gcc8.1.0\&auto-loaded:mpc/1.1.0_gcc8.1.0\&auto-loaded:isl/0.19_gcc8.1.0\&auto-loaded:gcc/8.2.0\&auto-loaded:java/openjdk-11.0.2\&auto-loaded:ompi/3.1.6/gnu-8.2.0-cuda\&auto-loaded:cuda/11.2\&auto-loaded:java/openjdk-8_202\&auto-loaded:/home/lmnp/knut0297/software/modulesfiles/libgtextutils/0.6\&auto-loaded:libgd/2.1.0\&auto-loaded:zlib/1.3.1\&auto-loaded:zlib/1.2.11_gcc7.2.0\&auto-loaded:bzip2/1.0.6-gnu7.2.0_PIC\&auto-loaded:gmp/6.1.2_gcc7.2.0\&auto-loaded:mpfr/3.1.6_gcc7.2.0\&auto-loaded:mpc/1.0.3_gcc7.2.0\&auto-loaded:isl/0.18_gcc7.2.0\&auto-loaded:gcc/7.2.0\&auto-loaded:pcre/8.42_gcc7.2.0\&auto-loaded:xz-utils/5.2.3_gcc7.2.0\&auto-loaded:curl/7.59.0_gcc7.2.0\&auto-loaded:gcc/8.1.0\&auto-loaded:libtiff/4.0.8\&auto-loaded:bzip2/1.0.6-gnu6.1.0_PIC\&auto-loaded:gmp/6.1.0_gcc6.1.0\&auto-loaded:mpfr/3.1.4-p1_gcc6.1.0\&auto-loaded:mpc/1.0.3_gcc6.1.0\&auto-loaded:isl/0.16.1_gcc6.1.0\&auto-loaded:gcc/6.1.0\&auto-loaded:xz-utils/5.2.2_gcc6.1.0\&auto-loaded:python2/2.7.12_anaconda4.2\&auto-loaded:libsequence/1.7.3\&auto-loaded; export __MODULES_LMTAG;
INCLUDE=/common/software/install/migrated/libsequence/1.7.3/include:/common/software/install/migrated/htslib/1.9_gcc-7.2.0_haswell/include/htslib:/common/software/install/migrated/htslib/1.9_gcc-7.2.0_haswell/include:/common/software/install/migrated/xz-utils/5.2.2_gcc6.1.0/include:/common/software/install/migrated/gcc/6.1.0/include:/common/software/install/migrated/isl/0.16.1_gcc6.1.0/include:/common/software/install/migrated/mpc/1.0.3_gcc6.1.0/include:/common/software/install/migrated/mpfr/3.1.4-p1_gcc6.1.0/include:/common/software/install/migrated/gmp/6.1.0_gcc6.1.0/include:/common/software/install/migrated/bzip2/1.0.6-gnu6.1.0_PIC/include:/common/software/install/migrated/libtiff/4.0.8/include:/common/software/install/migrated/gcc/8.1.0/include:/common/software/install/migrated/curl/7.59.0_gcc7.2.0/include:/common/software/install/migrated/xz-utils/5.2.3_gcc7.2.0/include:/common/software/install/migrated/pcre/8.42_gcc7.2.0/include:/common/software/install/migrated/gcc/7.2.0/include:/common/software/install/migrated/isl/0.18_gcc7.2.0/include:/common/software/install/migrated/mpc/1.0.3_gcc7.2.0/include:/common/software/install/migrated/mpfr/3.1.6_gcc7.2.0/include:/common/software/install/migrated/gmp/6.1.2_gcc7.2.0/include:/common/software/install/migrated/bzip2/1.0.6-gcc7.2.0/include:/common/software/install/migrated/zlib/1.2.11_gcc7.2.0/include:/home/lmnp/knut0297/software/modules/zlib/1.3.1/build/include:/common/software/install/migrated/libgd/2.1.0/include:/common/software/install/migrated/java/openjdk-8_202/include:/common/software/install/migrated/cuda/11.2/include:/common/software/install/migrated/openmpi/el6/3.1.6/gnu-8.2.0-cuda/include:/common/software/install/migrated/java/openjdk-11.0.2/include:/common/software/install/migrated/gcc/8.2.0/include:/common/software/install/migrated/isl/0.19_gcc8.1.0/include:/common/software/install/migrated/mpc/1.1.0_gcc8.1.0/include:/common/software/install/migrated/mpfr/4.0.1_gcc8.1.0/include:/common/software/install/migrated/gmp/6.1.2_gcc8.1.0/include; export INCLUDE;
CPLUS_INCLUDE_PATH=/common/software/install/migrated/libsequence/1.7.3/include:/common/software/install/migrated/htslib/1.9_gcc-7.2.0_haswell/include/htslib:/common/software/install/migrated/htslib/1.9_gcc-7.2.0_haswell/include:/common/software/install/migrated/xz-utils/5.2.2_gcc6.1.0/include:/common/software/install/migrated/gcc/6.1.0/include:/common/software/install/migrated/isl/0.16.1_gcc6.1.0/include:/common/software/install/migrated/mpc/1.0.3_gcc6.1.0/include:/common/software/install/migrated/mpfr/3.1.4-p1_gcc6.1.0/include:/common/software/install/migrated/gmp/6.1.0_gcc6.1.0/include:/common/software/install/migrated/bzip2/1.0.6-gnu6.1.0_PIC/include:/common/software/install/migrated/libtiff/4.0.8/include:/common/software/install/migrated/gcc/8.1.0/include:/common/software/install/migrated/curl/7.59.0_gcc7.2.0/include:/common/software/install/migrated/xz-utils/5.2.3_gcc7.2.0/include:/common/software/install/migrated/pcre/8.42_gcc7.2.0/include:/common/software/install/migrated/gcc/7.2.0/include:/common/software/install/migrated/isl/0.18_gcc7.2.0/include:/common/software/install/migrated/mpc/1.0.3_gcc7.2.0/include:/common/software/install/migrated/mpfr/3.1.6_gcc7.2.0/include:/common/software/install/migrated/gmp/6.1.2_gcc7.2.0/include:/common/software/install/migrated/bzip2/1.0.6-gcc7.2.0/include:/common/software/install/migrated/zlib/1.2.11_gcc7.2.0/include:/home/lmnp/knut0297/software/modules/zlib/1.3.1/build/include:/common/software/install/migrated/libgd/2.1.0/include:/common/software/install/migrated/java/openjdk-8_202/include:/common/software/install/migrated/cuda/11.2/include:/common/software/install/migrated/openmpi/el6/3.1.6/gnu-8.2.0-cuda/include:/common/software/install/migrated/java/openjdk-11.0.2/include:/common/software/install/migrated/gcc/8.2.0/include:/common/software/install/migrated/isl/0.19_gcc8.1.0/include:/common/software/install/migrated/mpc/1.1.0_gcc8.1.0/include:/common/software/install/migrated/mpfr/4.0.1_gcc8.1.0/include:/common/software/install/migrated/gmp/6.1.2_gcc8.1.0/include; export CPLUS_INCLUDE_PATH;
__MODULES_SHARE_LD_LIBRARY_PATH=/common/software/install/migrated/gcc/6.1.0/lib64:2:/common/software/install/migrated/gcc/8.1.0/lib64:2:/common/software/install/migrated/gcc/7.2.0/lib64:2; export __MODULES_SHARE_LD_LIBRARY_PATH;
__MODULES_LMALTNAME=gcc/8.2.0\&gcc/default\&gcc:cuda/11.2\&cuda\&as\|cuda/default:conda/4.4.7-py36_0\&conda/default\&conda\&as\|conda/latest:java/openjdk-8_202\&java\&as\|java/default:fastqc/0.12.1\&as\|fastqc/default\&as\|fastqc/latest:parallel/20210822\&parallel/default\&parallel\&as\|parallel/latest:fastx_toolkit/0.0.14\&fastx_toolkit/default\&fastx_toolkit\&as\|fastx_toolkit/latest:libgd/2.1.0\&as\|libgd/default\&as\|libgd/latest:zlib/1.3.1\&zlib/default\&zlib\&as\|zlib/latest:riss_util/1.0\&as\|riss_util/default\&as\|riss_util/latest:xz-utils/5.2.3_gcc7.2.0\&as\|xz-utils/default\&as\|xz-utils/latest:curl/7.59.0_gcc7.2.0\&as\|curl/default\&as\|curl/latest:libtiff/4.0.8\&as\|libtiff/default\&as\|libtiff/latest:bwa/0.7.17\&bwa/default\&bwa\&as\|bwa/latest:htslib/1.9\&as\|htslib/default\&as\|htslib/latest:python2/2.7.12_anaconda4.2\&python2\&as\|python2/default:gatk/4.1.2\&gatk/default\&gatk:analysis/0.8.2\&as\|analysis/latest; export __MODULES_LMALTNAME;
__MODULES_SHARE_MANPATH=:1; export __MODULES_SHARE_MANPATH;
C_INCLUDE_PATH=/common/software/install/migrated/libsequence/1.7.3/include:/common/software/install/migrated/htslib/1.9_gcc-7.2.0_haswell/include/htslib:/common/software/install/migrated/htslib/1.9_gcc-7.2.0_haswell/include:/common/software/install/migrated/xz-utils/5.2.2_gcc6.1.0/include:/common/software/install/migrated/gcc/6.1.0/include:/common/software/install/migrated/isl/0.16.1_gcc6.1.0/include:/common/software/install/migrated/mpc/1.0.3_gcc6.1.0/include:/common/software/install/migrated/mpfr/3.1.4-p1_gcc6.1.0/include:/common/software/install/migrated/gmp/6.1.0_gcc6.1.0/include:/common/software/install/migrated/bzip2/1.0.6-gnu6.1.0_PIC/include:/common/software/install/migrated/libtiff/4.0.8/include:/common/software/install/migrated/gcc/8.1.0/include:/common/software/install/migrated/curl/7.59.0_gcc7.2.0/include:/common/software/install/migrated/xz-utils/5.2.3_gcc7.2.0/include:/common/software/install/migrated/pcre/8.42_gcc7.2.0/include:/common/software/install/migrated/gcc/7.2.0/include:/common/software/install/migrated/isl/0.18_gcc7.2.0/include:/common/software/install/migrated/mpc/1.0.3_gcc7.2.0/include:/common/software/install/migrated/mpfr/3.1.6_gcc7.2.0/include:/common/software/install/migrated/gmp/6.1.2_gcc7.2.0/include:/common/software/install/migrated/bzip2/1.0.6-gcc7.2.0/include:/common/software/install/migrated/zlib/1.2.11_gcc7.2.0/include:/home/lmnp/knut0297/software/modules/zlib/1.3.1/build/include:/common/software/install/migrated/libgd/2.1.0/include:/common/software/install/migrated/java/openjdk-8_202/include:/common/software/install/migrated/cuda/11.2/include:/common/software/install/migrated/openmpi/el6/3.1.6/gnu-8.2.0-cuda/include:/common/software/install/migrated/java/openjdk-11.0.2/include:/common/software/install/migrated/gcc/8.2.0/include:/common/software/install/migrated/isl/0.19_gcc8.1.0/include:/common/software/install/migrated/mpc/1.1.0_gcc8.1.0/include:/common/software/install/migrated/mpfr/4.0.1_gcc8.1.0/include:/common/software/install/migrated/gmp/6.1.2_gcc8.1.0/include; export C_INCLUDE_PATH;
PATH=/common/software/install/migrated/analysis/0.8.2/bin:/common/software/install/migrated/libsequence/1.7.3/bin:/common/software/install/migrated/anaconda/anaconda3-2018.12/bin:/common/software/install/migrated/gatk/4.1.2:/common/software/install/migrated/anaconda/anaconda2-4.2/bin:/common/software/install/migrated/htslib/1.9_gcc-7.2.0_haswell/bin:/common/software/install/migrated/xz-utils/5.2.2_gcc6.1.0/bin:/common/software/install/migrated/gcc/6.1.0/bin:/common/software/install/migrated/bedtools/2.17.0/bin:/home/lmnp/knut0297/software/modules/samtools/1.9/bin:/common/software/install/migrated/bzip2/1.0.6-gnu6.1.0_PIC/bin:/home/lmnp/knut0297/software/modules/bwa/0.7.17/bin:/common/software/install/migrated/R/3.6.3/bin:/common/software/install/migrated/libtiff/4.0.8/bin:/common/software/install/migrated/gcc/8.1.0/bin:/common/software/install/migrated/curl/7.59.0_gcc7.2.0/bin:/common/software/install/migrated/xz-utils/5.2.3_gcc7.2.0/bin:/common/software/install/migrated/pcre/8.42_gcc7.2.0/bin:/common/software/install/migrated/gcc/7.2.0/bin:/common/software/install/migrated/bzip2/1.0.6-gcc7.2.0/bin:/common/software/install/migrated/riss_util/1.0/bin:/common/software/install/migrated/libgd/2.1.0/bin:/users/3/pier0273/morrell_lab:/home/lmnp/knut0297/software/modules/fastx_toolkit/0.0.14/bin:/common/software/install/migrated/parallel/20190122/bin:/common/software/install/migrated/parallel/20210822/bin:/common/software/install/manual/fastqc/0.12.1:/common/software/install/migrated/java/openjdk-8_202/bin:/users/3/pier0273/bin:/users/3/pier0273/vim/bin:/home/lmnp/knut0297/software/modules/conda/4.4.7-py36_0/bin:/common/software/install/migrated/cuda/11.2/bin:/common/software/install/migrated/openmpi/el6/3.1.6/gnu-8.2.0-cuda/bin:/common/software/install/migrated/java/openjdk-11.0.2/bin:/common/software/install/migrated/gcc/8.2.0/bin:/users/3/pier0273/vim/bin:/opt/msi/bin:/usr/share/Modules/bin:/usr/local/bin:/usr/bin:/usr/local/sbin:/usr/sbin:/opt/puppetlabs/bin:/common/software/install/migrated/amber/amber20/bin; export PATH;
test 0;'
+++ LD_LIBRARY_PATH=/common/software/install/migrated/libsequence/1.7.3/lib:/common/software/install/migrated/htslib/1.9_gcc-7.2.0_haswell/lib:/common/software/install/migrated/xz-utils/5.2.2_gcc6.1.0/lib:/common/software/install/migrated/isl/0.16.1_gcc6.1.0/lib:/common/software/install/migrated/mpc/1.0.3_gcc6.1.0/lib:/common/software/install/migrated/mpfr/3.1.4-p1_gcc6.1.0/lib:/common/software/install/migrated/gmp/6.1.0_gcc6.1.0/lib:/common/software/install/migrated/bzip2/1.0.6-gnu6.1.0_PIC/lib:/common/software/install/migrated/R/3.6.3/lib64/R/lib:/common/software/install/migrated/R/3.6.3/lib64:/common/software/install/migrated/libtiff/4.0.8/lib:/common/software/install/migrated/curl/7.59.0_gcc7.2.0/lib:/common/software/install/migrated/xz-utils/5.2.3_gcc7.2.0/lib:/common/software/install/migrated/pcre/8.42_gcc7.2.0/lib:/common/software/install/migrated/isl/0.18_gcc7.2.0/lib:/common/software/install/migrated/mpc/1.0.3_gcc7.2.0/lib:/common/software/install/migrated/mpfr/3.1.6_gcc7.2.0/lib:/common/software/install/migrated/gmp/6.1.2_gcc7.2.0/lib:/common/software/install/migrated/bzip2/1.0.6-gcc7.2.0/lib:/common/software/install/migrated/zlib/1.2.11_gcc7.2.0/lib:/home/lmnp/knut0297/software/modules/zlib/1.3.1/build/lib:/common/software/install/migrated/libgd/2.1.0/lib:/common/software/install/migrated/java/openjdk-8_202/lib:/common/software/install/migrated/java/openjdk-8_202/jre/lib/amd64/server:/common/software/install/migrated/cuda/11.2/lib64:/common/software/install/migrated/openmpi/el6/3.1.6/gnu-8.2.0-cuda/lib:/common/software/install/migrated/java/openjdk-11.0.2/lib:/common/software/install/migrated/java/openjdk-11.0.2/lib/jli:/common/software/install/migrated/java/openjdk-11.0.2/lib/server:/common/software/install/migrated/gcc/8.2.0/lib64:/common/software/install/migrated/isl/0.19_gcc8.1.0/lib:/common/software/install/migrated/mpc/1.1.0_gcc8.1.0/lib:/common/software/install/migrated/mpfr/4.0.1_gcc8.1.0/lib:/common/software/install/migrated/gmp/6.1.2_gcc8.1.0/lib:/common/software/install/migrated/gcc/8.1.0/lib64:/common/software/install/migrated/amber/amber20/lib:/common/software/install/migrated/gcc/7.2.0/lib64:/common/software/install/migrated/gcc/6.1.0/lib64
+++ export LD_LIBRARY_PATH
+++ CPATH=/common/software/install/migrated/libsequence/1.7.3/include:/common/software/install/migrated/htslib/1.9_gcc-7.2.0_haswell/lib:/common/software/install/migrated/xz-utils/5.2.2_gcc6.1.0/include:/common/software/install/migrated/gcc/6.1.0/include:/common/software/install/migrated/isl/0.16.1_gcc6.1.0/include:/common/software/install/migrated/mpc/1.0.3_gcc6.1.0/include:/common/software/install/migrated/mpfr/3.1.4-p1_gcc6.1.0/include:/common/software/install/migrated/gmp/6.1.0_gcc6.1.0/include:/common/software/install/migrated/bzip2/1.0.6-gnu6.1.0_PIC/include:/common/software/install/migrated/gcc/8.1.0/include:/common/software/install/migrated/curl/7.59.0_gcc7.2.0/include:/common/software/install/migrated/xz-utils/5.2.3_gcc7.2.0/include:/common/software/install/migrated/pcre/8.42_gcc7.2.0/include:/common/software/install/migrated/gcc/7.2.0/include:/common/software/install/migrated/isl/0.18_gcc7.2.0/include:/common/software/install/migrated/mpc/1.0.3_gcc7.2.0/include:/common/software/install/migrated/mpfr/3.1.6_gcc7.2.0/include:/common/software/install/migrated/gmp/6.1.2_gcc7.2.0/include:/common/software/install/migrated/bzip2/1.0.6-gcc7.2.0/include:/common/software/install/migrated/zlib/1.2.11_gcc7.2.0/include:/home/lmnp/knut0297/software/modules/zlib/1.3.1/build/include:/common/software/install/migrated/libgd/2.1.0/include:/common/software/install/migrated/java/openjdk-8_202/include:/common/software/install/migrated/cuda/11.2/include:/common/software/install/migrated/openmpi/el6/3.1.6/gnu-8.2.0-cuda/include:/common/software/install/migrated/java/openjdk-11.0.2/include:/common/software/install/migrated/gcc/8.2.0/include:/common/software/install/migrated/isl/0.19_gcc8.1.0/include:/common/software/install/migrated/mpc/1.1.0_gcc8.1.0/include:/common/software/install/migrated/mpfr/4.0.1_gcc8.1.0/include:/common/software/install/migrated/gmp/6.1.2_gcc8.1.0/include
+++ export CPATH
+++ MANPATH=/common/software/install/migrated/analysis/0.8.2/share/man:/common/software/install/migrated/xz-utils/5.2.2_gcc6.1.0/share/man:/common/software/install/migrated/gcc/6.1.0/share/man:/home/lmnp/knut0297/software/modules/samtools/1.9/share/man:/common/software/install/migrated/bzip2/1.0.6-gnu6.1.0_PIC/share/man:/common/software/install/migrated/R/3.6.3/share/man:/common/software/install/migrated/gcc/8.1.0/share/man:/common/software/install/migrated/curl/7.59.0_gcc7.2.0/share/man:/common/software/install/migrated/xz-utils/5.2.3_gcc7.2.0/share/man:/common/software/install/migrated/pcre/8.42_gcc7.2.0/share/man:/common/software/install/migrated/gcc/7.2.0/share/man:/common/software/install/migrated/bzip2/1.0.6-gcc7.2.0/share/man:/common/software/install/migrated/zlib/1.2.11_gcc7.2.0/share/man:/home/lmnp/knut0297/software/modules/zlib/1.3.1/build/share/man:/common/software/install/migrated/parallel/20190122/share/man:/common/software/install/migrated/parallel/20210822/share/man:/common/software/install/migrated/java/openjdk-8_202/man:/common/software/install/migrated/openmpi/el6/3.1.6/gnu-8.2.0-cuda/share/man:/common/software/install/migrated/java/openjdk-11.0.2/man:/common/software/install/migrated/gcc/8.2.0/share/man::/opt/puppetlabs/puppet/share/man:/opt/slurm/rocky8/ofed-24.07/x86_64/23.11.8/share/man
+++ export MANPATH
+++ LIBRARY_PATH=/common/software/install/migrated/libsequence/1.7.3/lib:/common/software/install/migrated/htslib/1.9_gcc-7.2.0_haswell/lib:/common/software/install/migrated/xz-utils/5.2.2_gcc6.1.0/lib:/common/software/install/migrated/gcc/6.1.0/lib64:/common/software/install/migrated/isl/0.16.1_gcc6.1.0/lib:/common/software/install/migrated/mpc/1.0.3_gcc6.1.0/lib:/common/software/install/migrated/mpfr/3.1.4-p1_gcc6.1.0/lib:/common/software/install/migrated/gmp/6.1.0_gcc6.1.0/lib:/common/software/install/migrated/bzip2/1.0.6-gnu6.1.0_PIC/lib:/common/software/install/migrated/libtiff/4.0.8/lib:/common/software/install/migrated/gcc/8.1.0/lib64:/common/software/install/migrated/curl/7.59.0_gcc7.2.0/lib:/common/software/install/migrated/xz-utils/5.2.3_gcc7.2.0/lib:/common/software/install/migrated/pcre/8.42_gcc7.2.0/lib:/common/software/install/migrated/gcc/7.2.0/lib64:/common/software/install/migrated/isl/0.18_gcc7.2.0/lib:/common/software/install/migrated/mpc/1.0.3_gcc7.2.0/lib:/common/software/install/migrated/mpfr/3.1.6_gcc7.2.0/lib:/common/software/install/migrated/gmp/6.1.2_gcc7.2.0/lib:/common/software/install/migrated/bzip2/1.0.6-gcc7.2.0/lib:/common/software/install/migrated/zlib/1.2.11_gcc7.2.0/lib:/home/lmnp/knut0297/software/modules/zlib/1.3.1/build/lib:/common/software/install/migrated/cuda/11.2/lib64:/common/software/install/migrated/openmpi/el6/3.1.6/gnu-8.2.0-cuda/lib:/common/software/install/migrated/gcc/8.2.0/lib64:/common/software/install/migrated/isl/0.19_gcc8.1.0/lib:/common/software/install/migrated/mpc/1.1.0_gcc8.1.0/lib:/common/software/install/migrated/mpfr/4.0.1_gcc8.1.0/lib:/common/software/install/migrated/gmp/6.1.2_gcc8.1.0/lib
+++ export LIBRARY_PATH
+++ LOADEDMODULES=gmp/6.1.2_gcc8.1.0:mpfr/4.0.1_gcc8.1.0:mpc/1.1.0_gcc8.1.0:isl/0.19_gcc8.1.0:gcc/8.2.0:java/openjdk-11.0.2:ompi/3.1.6/gnu-8.2.0-cuda:cuda/11.2:amber/20:conda/4.4.7-py36_0:java/openjdk-8_202:fastqc/0.12.1:parallel/20210822:parallel/20190122:/home/lmnp/knut0297/software/modulesfiles/libgtextutils/0.6:fastx_toolkit/0.0.14:libgd/2.1.0:zlib/1.3.1:riss_util/1.0:zlib/1.2.11_gcc7.2.0:bzip2/1.0.6-gnu7.2.0_PIC:gmp/6.1.2_gcc7.2.0:mpfr/3.1.6_gcc7.2.0:mpc/1.0.3_gcc7.2.0:isl/0.18_gcc7.2.0:gcc/7.2.0:pcre/8.42_gcc7.2.0:xz-utils/5.2.3_gcc7.2.0:curl/7.59.0_gcc7.2.0:gcc/8.1.0:libtiff/4.0.8:R/3.6.3:bwa/0.7.17:bzip2/1.0.6-gnu6.1.0_PIC:samtools/1.9:bedtools/2.17.0:gmp/6.1.0_gcc6.1.0:mpfr/3.1.4-p1_gcc6.1.0:mpc/1.0.3_gcc6.1.0:isl/0.16.1_gcc6.1.0:gcc/6.1.0:xz-utils/5.2.2_gcc6.1.0:htslib/1.9:python2/2.7.12_anaconda4.2:gatk/4.1.2:python3/3.7.1_anaconda:libsequence/1.7.3:analysis/0.8.2
+++ export LOADEDMODULES
+++ _LMFILES_=/common/software/modulefiles/migrated/common/gmp/6.1.2_gcc8.1.0:/common/software/modulefiles/migrated/common/mpfr/4.0.1_gcc8.1.0:/common/software/modulefiles/migrated/common/mpc/1.1.0_gcc8.1.0:/common/software/modulefiles/migrated/common/isl/0.19_gcc8.1.0:/common/software/modulefiles/migrated/hpc/gcc/8.2.0:/common/software/modulefiles/migrated/common/java/openjdk-11.0.2:/common/software/modulefiles/migrated/hpc/ompi/3.1.6/gnu-8.2.0-cuda:/common/software/modulefiles/migrated/hpc/cuda/11.2:/common/software/modulefiles/migrated/hpc/amber/20:/home/lmnp/knut0297/software/modulesfiles/conda/4.4.7-py36_0:/common/software/modulefiles/migrated/common/java/openjdk-8_202:/common/software/modulefiles/manual/common/fastqc/0.12.1:/common/software/modulefiles/migrated/common/parallel/20210822:/common/software/modulefiles/migrated/common/parallel/20190122:/home/lmnp/knut0297/software/modulesfiles/libgtextutils/0.6:/home/lmnp/knut0297/software/modulesfiles/fastx_toolkit/0.0.14:/common/software/modulefiles/migrated/hpc/libgd/2.1.0:/home/lmnp/knut0297/software/modulesfiles/zlib/1.3.1:/common/software/modulefiles/migrated/common/riss_util/1.0:/common/software/modulefiles/migrated/common/zlib/1.2.11_gcc7.2.0:/common/software/modulefiles/migrated/common/bzip2/1.0.6-gnu7.2.0_PIC:/common/software/modulefiles/migrated/common/gmp/6.1.2_gcc7.2.0:/common/software/modulefiles/migrated/common/mpfr/3.1.6_gcc7.2.0:/common/software/modulefiles/migrated/common/mpc/1.0.3_gcc7.2.0:/common/software/modulefiles/migrated/common/isl/0.18_gcc7.2.0:/common/software/modulefiles/migrated/common/gcc/7.2.0:/common/software/modulefiles/migrated/common/pcre/8.42_gcc7.2.0:/common/software/modulefiles/migrated/common/xz-utils/5.2.3_gcc7.2.0:/common/software/modulefiles/migrated/common/curl/7.59.0_gcc7.2.0:/common/software/modulefiles/migrated/common/gcc/8.1.0:/common/software/modulefiles/migrated/common/libtiff/4.0.8:/common/software/modulefiles/migrated/common/R/3.6.3:/home/lmnp/knut0297/software/modulesfiles/bwa/0.7.17:/common/software/modulefiles/migrated/common/bzip2/1.0.6-gnu6.1.0_PIC:/home/lmnp/knut0297/software/modulesfiles/samtools/1.9:/common/software/modulefiles/migrated/common/bedtools/2.17.0:/common/software/modulefiles/migrated/common/gmp/6.1.0_gcc6.1.0:/common/software/modulefiles/migrated/common/mpfr/3.1.4-p1_gcc6.1.0:/common/software/modulefiles/migrated/common/mpc/1.0.3_gcc6.1.0:/common/software/modulefiles/migrated/common/isl/0.16.1_gcc6.1.0:/common/software/modulefiles/migrated/common/gcc/6.1.0:/common/software/modulefiles/migrated/common/xz-utils/5.2.2_gcc6.1.0:/common/software/modulefiles/migrated/hpc/htslib/1.9:/common/software/modulefiles/migrated/common/python2/2.7.12_anaconda4.2:/common/software/modulefiles/migrated/common/gatk/4.1.2:/common/software/modulefiles/migrated/hpc/python3/3.7.1_anaconda:/common/software/modulefiles/migrated/common/libsequence/1.7.3:/common/software/modulefiles/migrated/common/analysis/0.8.2
+++ export _LMFILES_
+++ FPATH=/common/software/install/migrated/libsequence/1.7.3/include:/common/software/install/migrated/htslib/1.9_gcc-7.2.0_haswell/include/htslib:/common/software/install/migrated/htslib/1.9_gcc-7.2.0_haswell/include:/common/software/install/migrated/xz-utils/5.2.2_gcc6.1.0/include:/common/software/install/migrated/gcc/6.1.0/include:/common/software/install/migrated/isl/0.16.1_gcc6.1.0/include:/common/software/install/migrated/mpc/1.0.3_gcc6.1.0/include:/common/software/install/migrated/mpfr/3.1.4-p1_gcc6.1.0/include:/common/software/install/migrated/gmp/6.1.0_gcc6.1.0/include:/common/software/install/migrated/gcc/8.1.0/include:/common/software/install/migrated/curl/7.59.0_gcc7.2.0/include:/common/software/install/migrated/xz-utils/5.2.3_gcc7.2.0/include:/common/software/install/migrated/pcre/8.42_gcc7.2.0/include:/common/software/install/migrated/gcc/7.2.0/include:/common/software/install/migrated/isl/0.18_gcc7.2.0/include:/common/software/install/migrated/mpc/1.0.3_gcc7.2.0/include:/common/software/install/migrated/mpfr/3.1.6_gcc7.2.0/include:/common/software/install/migrated/gmp/6.1.2_gcc7.2.0/include:/common/software/install/migrated/zlib/1.2.11_gcc7.2.0/include:/home/lmnp/knut0297/software/modules/zlib/1.3.1/build/include:/common/software/install/migrated/libgd/2.1.0/include:/common/software/install/migrated/cuda/11.2/include:/common/software/install/migrated/openmpi/el6/3.1.6/gnu-8.2.0-cuda/include:/common/software/install/migrated/gcc/8.2.0/include:/common/software/install/migrated/isl/0.19_gcc8.1.0/include:/common/software/install/migrated/mpc/1.1.0_gcc8.1.0/include:/common/software/install/migrated/mpfr/4.0.1_gcc8.1.0/include:/common/software/install/migrated/gmp/6.1.2_gcc8.1.0/include
+++ export FPATH
+++ __MODULES_LMTAG='gmp/6.1.2_gcc8.1.0&auto-loaded:mpfr/4.0.1_gcc8.1.0&auto-loaded:mpc/1.1.0_gcc8.1.0&auto-loaded:isl/0.19_gcc8.1.0&auto-loaded:gcc/8.2.0&auto-loaded:java/openjdk-11.0.2&auto-loaded:ompi/3.1.6/gnu-8.2.0-cuda&auto-loaded:cuda/11.2&auto-loaded:java/openjdk-8_202&auto-loaded:/home/lmnp/knut0297/software/modulesfiles/libgtextutils/0.6&auto-loaded:libgd/2.1.0&auto-loaded:zlib/1.3.1&auto-loaded:zlib/1.2.11_gcc7.2.0&auto-loaded:bzip2/1.0.6-gnu7.2.0_PIC&auto-loaded:gmp/6.1.2_gcc7.2.0&auto-loaded:mpfr/3.1.6_gcc7.2.0&auto-loaded:mpc/1.0.3_gcc7.2.0&auto-loaded:isl/0.18_gcc7.2.0&auto-loaded:gcc/7.2.0&auto-loaded:pcre/8.42_gcc7.2.0&auto-loaded:xz-utils/5.2.3_gcc7.2.0&auto-loaded:curl/7.59.0_gcc7.2.0&auto-loaded:gcc/8.1.0&auto-loaded:libtiff/4.0.8&auto-loaded:bzip2/1.0.6-gnu6.1.0_PIC&auto-loaded:gmp/6.1.0_gcc6.1.0&auto-loaded:mpfr/3.1.4-p1_gcc6.1.0&auto-loaded:mpc/1.0.3_gcc6.1.0&auto-loaded:isl/0.16.1_gcc6.1.0&auto-loaded:gcc/6.1.0&auto-loaded:xz-utils/5.2.2_gcc6.1.0&auto-loaded:python2/2.7.12_anaconda4.2&auto-loaded:libsequence/1.7.3&auto-loaded'
+++ export __MODULES_LMTAG
+++ INCLUDE=/common/software/install/migrated/libsequence/1.7.3/include:/common/software/install/migrated/htslib/1.9_gcc-7.2.0_haswell/include/htslib:/common/software/install/migrated/htslib/1.9_gcc-7.2.0_haswell/include:/common/software/install/migrated/xz-utils/5.2.2_gcc6.1.0/include:/common/software/install/migrated/gcc/6.1.0/include:/common/software/install/migrated/isl/0.16.1_gcc6.1.0/include:/common/software/install/migrated/mpc/1.0.3_gcc6.1.0/include:/common/software/install/migrated/mpfr/3.1.4-p1_gcc6.1.0/include:/common/software/install/migrated/gmp/6.1.0_gcc6.1.0/include:/common/software/install/migrated/bzip2/1.0.6-gnu6.1.0_PIC/include:/common/software/install/migrated/libtiff/4.0.8/include:/common/software/install/migrated/gcc/8.1.0/include:/common/software/install/migrated/curl/7.59.0_gcc7.2.0/include:/common/software/install/migrated/xz-utils/5.2.3_gcc7.2.0/include:/common/software/install/migrated/pcre/8.42_gcc7.2.0/include:/common/software/install/migrated/gcc/7.2.0/include:/common/software/install/migrated/isl/0.18_gcc7.2.0/include:/common/software/install/migrated/mpc/1.0.3_gcc7.2.0/include:/common/software/install/migrated/mpfr/3.1.6_gcc7.2.0/include:/common/software/install/migrated/gmp/6.1.2_gcc7.2.0/include:/common/software/install/migrated/bzip2/1.0.6-gcc7.2.0/include:/common/software/install/migrated/zlib/1.2.11_gcc7.2.0/include:/home/lmnp/knut0297/software/modules/zlib/1.3.1/build/include:/common/software/install/migrated/libgd/2.1.0/include:/common/software/install/migrated/java/openjdk-8_202/include:/common/software/install/migrated/cuda/11.2/include:/common/software/install/migrated/openmpi/el6/3.1.6/gnu-8.2.0-cuda/include:/common/software/install/migrated/java/openjdk-11.0.2/include:/common/software/install/migrated/gcc/8.2.0/include:/common/software/install/migrated/isl/0.19_gcc8.1.0/include:/common/software/install/migrated/mpc/1.1.0_gcc8.1.0/include:/common/software/install/migrated/mpfr/4.0.1_gcc8.1.0/include:/common/software/install/migrated/gmp/6.1.2_gcc8.1.0/include
+++ export INCLUDE
+++ CPLUS_INCLUDE_PATH=/common/software/install/migrated/libsequence/1.7.3/include:/common/software/install/migrated/htslib/1.9_gcc-7.2.0_haswell/include/htslib:/common/software/install/migrated/htslib/1.9_gcc-7.2.0_haswell/include:/common/software/install/migrated/xz-utils/5.2.2_gcc6.1.0/include:/common/software/install/migrated/gcc/6.1.0/include:/common/software/install/migrated/isl/0.16.1_gcc6.1.0/include:/common/software/install/migrated/mpc/1.0.3_gcc6.1.0/include:/common/software/install/migrated/mpfr/3.1.4-p1_gcc6.1.0/include:/common/software/install/migrated/gmp/6.1.0_gcc6.1.0/include:/common/software/install/migrated/bzip2/1.0.6-gnu6.1.0_PIC/include:/common/software/install/migrated/libtiff/4.0.8/include:/common/software/install/migrated/gcc/8.1.0/include:/common/software/install/migrated/curl/7.59.0_gcc7.2.0/include:/common/software/install/migrated/xz-utils/5.2.3_gcc7.2.0/include:/common/software/install/migrated/pcre/8.42_gcc7.2.0/include:/common/software/install/migrated/gcc/7.2.0/include:/common/software/install/migrated/isl/0.18_gcc7.2.0/include:/common/software/install/migrated/mpc/1.0.3_gcc7.2.0/include:/common/software/install/migrated/mpfr/3.1.6_gcc7.2.0/include:/common/software/install/migrated/gmp/6.1.2_gcc7.2.0/include:/common/software/install/migrated/bzip2/1.0.6-gcc7.2.0/include:/common/software/install/migrated/zlib/1.2.11_gcc7.2.0/include:/home/lmnp/knut0297/software/modules/zlib/1.3.1/build/include:/common/software/install/migrated/libgd/2.1.0/include:/common/software/install/migrated/java/openjdk-8_202/include:/common/software/install/migrated/cuda/11.2/include:/common/software/install/migrated/openmpi/el6/3.1.6/gnu-8.2.0-cuda/include:/common/software/install/migrated/java/openjdk-11.0.2/include:/common/software/install/migrated/gcc/8.2.0/include:/common/software/install/migrated/isl/0.19_gcc8.1.0/include:/common/software/install/migrated/mpc/1.1.0_gcc8.1.0/include:/common/software/install/migrated/mpfr/4.0.1_gcc8.1.0/include:/common/software/install/migrated/gmp/6.1.2_gcc8.1.0/include
+++ export CPLUS_INCLUDE_PATH
+++ __MODULES_SHARE_LD_LIBRARY_PATH=/common/software/install/migrated/gcc/6.1.0/lib64:2:/common/software/install/migrated/gcc/8.1.0/lib64:2:/common/software/install/migrated/gcc/7.2.0/lib64:2
+++ export __MODULES_SHARE_LD_LIBRARY_PATH
+++ __MODULES_LMALTNAME='gcc/8.2.0&gcc/default&gcc:cuda/11.2&cuda&as|cuda/default:conda/4.4.7-py36_0&conda/default&conda&as|conda/latest:java/openjdk-8_202&java&as|java/default:fastqc/0.12.1&as|fastqc/default&as|fastqc/latest:parallel/20210822&parallel/default&parallel&as|parallel/latest:fastx_toolkit/0.0.14&fastx_toolkit/default&fastx_toolkit&as|fastx_toolkit/latest:libgd/2.1.0&as|libgd/default&as|libgd/latest:zlib/1.3.1&zlib/default&zlib&as|zlib/latest:riss_util/1.0&as|riss_util/default&as|riss_util/latest:xz-utils/5.2.3_gcc7.2.0&as|xz-utils/default&as|xz-utils/latest:curl/7.59.0_gcc7.2.0&as|curl/default&as|curl/latest:libtiff/4.0.8&as|libtiff/default&as|libtiff/latest:bwa/0.7.17&bwa/default&bwa&as|bwa/latest:htslib/1.9&as|htslib/default&as|htslib/latest:python2/2.7.12_anaconda4.2&python2&as|python2/default:gatk/4.1.2&gatk/default&gatk:analysis/0.8.2&as|analysis/latest'
+++ export __MODULES_LMALTNAME
+++ __MODULES_SHARE_MANPATH=:1
+++ export __MODULES_SHARE_MANPATH
+++ C_INCLUDE_PATH=/common/software/install/migrated/libsequence/1.7.3/include:/common/software/install/migrated/htslib/1.9_gcc-7.2.0_haswell/include/htslib:/common/software/install/migrated/htslib/1.9_gcc-7.2.0_haswell/include:/common/software/install/migrated/xz-utils/5.2.2_gcc6.1.0/include:/common/software/install/migrated/gcc/6.1.0/include:/common/software/install/migrated/isl/0.16.1_gcc6.1.0/include:/common/software/install/migrated/mpc/1.0.3_gcc6.1.0/include:/common/software/install/migrated/mpfr/3.1.4-p1_gcc6.1.0/include:/common/software/install/migrated/gmp/6.1.0_gcc6.1.0/include:/common/software/install/migrated/bzip2/1.0.6-gnu6.1.0_PIC/include:/common/software/install/migrated/libtiff/4.0.8/include:/common/software/install/migrated/gcc/8.1.0/include:/common/software/install/migrated/curl/7.59.0_gcc7.2.0/include:/common/software/install/migrated/xz-utils/5.2.3_gcc7.2.0/include:/common/software/install/migrated/pcre/8.42_gcc7.2.0/include:/common/software/install/migrated/gcc/7.2.0/include:/common/software/install/migrated/isl/0.18_gcc7.2.0/include:/common/software/install/migrated/mpc/1.0.3_gcc7.2.0/include:/common/software/install/migrated/mpfr/3.1.6_gcc7.2.0/include:/common/software/install/migrated/gmp/6.1.2_gcc7.2.0/include:/common/software/install/migrated/bzip2/1.0.6-gcc7.2.0/include:/common/software/install/migrated/zlib/1.2.11_gcc7.2.0/include:/home/lmnp/knut0297/software/modules/zlib/1.3.1/build/include:/common/software/install/migrated/libgd/2.1.0/include:/common/software/install/migrated/java/openjdk-8_202/include:/common/software/install/migrated/cuda/11.2/include:/common/software/install/migrated/openmpi/el6/3.1.6/gnu-8.2.0-cuda/include:/common/software/install/migrated/java/openjdk-11.0.2/include:/common/software/install/migrated/gcc/8.2.0/include:/common/software/install/migrated/isl/0.19_gcc8.1.0/include:/common/software/install/migrated/mpc/1.1.0_gcc8.1.0/include:/common/software/install/migrated/mpfr/4.0.1_gcc8.1.0/include:/common/software/install/migrated/gmp/6.1.2_gcc8.1.0/include
+++ export C_INCLUDE_PATH
+++ PATH=/common/software/install/migrated/analysis/0.8.2/bin:/common/software/install/migrated/libsequence/1.7.3/bin:/common/software/install/migrated/anaconda/anaconda3-2018.12/bin:/common/software/install/migrated/gatk/4.1.2:/common/software/install/migrated/anaconda/anaconda2-4.2/bin:/common/software/install/migrated/htslib/1.9_gcc-7.2.0_haswell/bin:/common/software/install/migrated/xz-utils/5.2.2_gcc6.1.0/bin:/common/software/install/migrated/gcc/6.1.0/bin:/common/software/install/migrated/bedtools/2.17.0/bin:/home/lmnp/knut0297/software/modules/samtools/1.9/bin:/common/software/install/migrated/bzip2/1.0.6-gnu6.1.0_PIC/bin:/home/lmnp/knut0297/software/modules/bwa/0.7.17/bin:/common/software/install/migrated/R/3.6.3/bin:/common/software/install/migrated/libtiff/4.0.8/bin:/common/software/install/migrated/gcc/8.1.0/bin:/common/software/install/migrated/curl/7.59.0_gcc7.2.0/bin:/common/software/install/migrated/xz-utils/5.2.3_gcc7.2.0/bin:/common/software/install/migrated/pcre/8.42_gcc7.2.0/bin:/common/software/install/migrated/gcc/7.2.0/bin:/common/software/install/migrated/bzip2/1.0.6-gcc7.2.0/bin:/common/software/install/migrated/riss_util/1.0/bin:/common/software/install/migrated/libgd/2.1.0/bin:/users/3/pier0273/morrell_lab:/home/lmnp/knut0297/software/modules/fastx_toolkit/0.0.14/bin:/common/software/install/migrated/parallel/20190122/bin:/common/software/install/migrated/parallel/20210822/bin:/common/software/install/manual/fastqc/0.12.1:/common/software/install/migrated/java/openjdk-8_202/bin:/users/3/pier0273/bin:/users/3/pier0273/vim/bin:/home/lmnp/knut0297/software/modules/conda/4.4.7-py36_0/bin:/common/software/install/migrated/cuda/11.2/bin:/common/software/install/migrated/openmpi/el6/3.1.6/gnu-8.2.0-cuda/bin:/common/software/install/migrated/java/openjdk-11.0.2/bin:/common/software/install/migrated/gcc/8.2.0/bin:/users/3/pier0273/vim/bin:/opt/msi/bin:/usr/share/Modules/bin:/usr/local/bin:/usr/bin:/usr/local/sbin:/usr/sbin:/opt/puppetlabs/bin:/common/software/install/migrated/amber/amber20/bin
+++ export PATH
+++ test 0
++ _mlstatus=0
++ '[' -n x ']'
++ IFS=' 	
'
++ unset _mlre _mlv _mlrv _mlIFS
++ return 0
++ module unload R/3.4.4-tiff
++ local _mlredir=1
++ '[' -n '' ']'
++ case " $@ " in
++ '[' 1 -eq 0 ']'
++ _module_raw unload R/3.4.4-tiff
++ unset _mlre _mlIFS
++ '[' -n x ']'
++ _mlIFS=' 	
'
++ IFS=' '
++ for _mlv in ${MODULES_RUN_QUARANTINE:-}
++ '[' LD_LIBRARY_PATH = LD_LIBRARY_PATH ']'
++ '[' LD_LIBRARY_PATH = LD_LIBRARY_PATH ']'
+++ eval 'echo ${LD_LIBRARY_PATH+x}'
++++ echo x
++ '[' -n x ']'
+++ eval 'echo ${LD_LIBRARY_PATH}'
++++ echo /common/software/install/migrated/libsequence/1.7.3/lib:/common/software/install/migrated/htslib/1.9_gcc-7.2.0_haswell/lib:/common/software/install/migrated/xz-utils/5.2.2_gcc6.1.0/lib:/common/software/install/migrated/isl/0.16.1_gcc6.1.0/lib:/common/software/install/migrated/mpc/1.0.3_gcc6.1.0/lib:/common/software/install/migrated/mpfr/3.1.4-p1_gcc6.1.0/lib:/common/software/install/migrated/gmp/6.1.0_gcc6.1.0/lib:/common/software/install/migrated/bzip2/1.0.6-gnu6.1.0_PIC/lib:/common/software/install/migrated/R/3.6.3/lib64/R/lib:/common/software/install/migrated/R/3.6.3/lib64:/common/software/install/migrated/libtiff/4.0.8/lib:/common/software/install/migrated/curl/7.59.0_gcc7.2.0/lib:/common/software/install/migrated/xz-utils/5.2.3_gcc7.2.0/lib:/common/software/install/migrated/pcre/8.42_gcc7.2.0/lib:/common/software/install/migrated/isl/0.18_gcc7.2.0/lib:/common/software/install/migrated/mpc/1.0.3_gcc7.2.0/lib:/common/software/install/migrated/mpfr/3.1.6_gcc7.2.0/lib:/common/software/install/migrated/gmp/6.1.2_gcc7.2.0/lib:/common/software/install/migrated/bzip2/1.0.6-gcc7.2.0/lib:/common/software/install/migrated/zlib/1.2.11_gcc7.2.0/lib:/home/lmnp/knut0297/software/modules/zlib/1.3.1/build/lib:/common/software/install/migrated/libgd/2.1.0/lib:/common/software/install/migrated/java/openjdk-8_202/lib:/common/software/install/migrated/java/openjdk-8_202/jre/lib/amd64/server:/common/software/install/migrated/cuda/11.2/lib64:/common/software/install/migrated/openmpi/el6/3.1.6/gnu-8.2.0-cuda/lib:/common/software/install/migrated/java/openjdk-11.0.2/lib:/common/software/install/migrated/java/openjdk-11.0.2/lib/jli:/common/software/install/migrated/java/openjdk-11.0.2/lib/server:/common/software/install/migrated/gcc/8.2.0/lib64:/common/software/install/migrated/isl/0.19_gcc8.1.0/lib:/common/software/install/migrated/mpc/1.1.0_gcc8.1.0/lib:/common/software/install/migrated/mpfr/4.0.1_gcc8.1.0/lib:/common/software/install/migrated/gmp/6.1.2_gcc8.1.0/lib:/common/software/install/migrated/gcc/8.1.0/lib64:/common/software/install/migrated/amber/amber20/lib:/common/software/install/migrated/gcc/7.2.0/lib64:/common/software/install/migrated/gcc/6.1.0/lib64
++ _mlre='__MODULES_QUAR_LD_LIBRARY_PATH='\''/common/software/install/migrated/libsequence/1.7.3/lib:/common/software/install/migrated/htslib/1.9_gcc-7.2.0_haswell/lib:/common/software/install/migrated/xz-utils/5.2.2_gcc6.1.0/lib:/common/software/install/migrated/isl/0.16.1_gcc6.1.0/lib:/common/software/install/migrated/mpc/1.0.3_gcc6.1.0/lib:/common/software/install/migrated/mpfr/3.1.4-p1_gcc6.1.0/lib:/common/software/install/migrated/gmp/6.1.0_gcc6.1.0/lib:/common/software/install/migrated/bzip2/1.0.6-gnu6.1.0_PIC/lib:/common/software/install/migrated/R/3.6.3/lib64/R/lib:/common/software/install/migrated/R/3.6.3/lib64:/common/software/install/migrated/libtiff/4.0.8/lib:/common/software/install/migrated/curl/7.59.0_gcc7.2.0/lib:/common/software/install/migrated/xz-utils/5.2.3_gcc7.2.0/lib:/common/software/install/migrated/pcre/8.42_gcc7.2.0/lib:/common/software/install/migrated/isl/0.18_gcc7.2.0/lib:/common/software/install/migrated/mpc/1.0.3_gcc7.2.0/lib:/common/software/install/migrated/mpfr/3.1.6_gcc7.2.0/lib:/common/software/install/migrated/gmp/6.1.2_gcc7.2.0/lib:/common/software/install/migrated/bzip2/1.0.6-gcc7.2.0/lib:/common/software/install/migrated/zlib/1.2.11_gcc7.2.0/lib:/home/lmnp/knut0297/software/modules/zlib/1.3.1/build/lib:/common/software/install/migrated/libgd/2.1.0/lib:/common/software/install/migrated/java/openjdk-8_202/lib:/common/software/install/migrated/java/openjdk-8_202/jre/lib/amd64/server:/common/software/install/migrated/cuda/11.2/lib64:/common/software/install/migrated/openmpi/el6/3.1.6/gnu-8.2.0-cuda/lib:/common/software/install/migrated/java/openjdk-11.0.2/lib:/common/software/install/migrated/java/openjdk-11.0.2/lib/jli:/common/software/install/migrated/java/openjdk-11.0.2/lib/server:/common/software/install/migrated/gcc/8.2.0/lib64:/common/software/install/migrated/isl/0.19_gcc8.1.0/lib:/common/software/install/migrated/mpc/1.1.0_gcc8.1.0/lib:/common/software/install/migrated/mpfr/4.0.1_gcc8.1.0/lib:/common/software/install/migrated/gmp/6.1.2_gcc8.1.0/lib:/common/software/install/migrated/gcc/8.1.0/lib64:/common/software/install/migrated/amber/amber20/lib:/common/software/install/migrated/gcc/7.2.0/lib64:/common/software/install/migrated/gcc/6.1.0/lib64'\'' '
++ _mlrv=MODULES_RUNENV_LD_LIBRARY_PATH
+++ eval 'echo ${MODULES_RUNENV_LD_LIBRARY_PATH:-}'
++++ echo
++ _mlre='__MODULES_QUAR_LD_LIBRARY_PATH='\''/common/software/install/migrated/libsequence/1.7.3/lib:/common/software/install/migrated/htslib/1.9_gcc-7.2.0_haswell/lib:/common/software/install/migrated/xz-utils/5.2.2_gcc6.1.0/lib:/common/software/install/migrated/isl/0.16.1_gcc6.1.0/lib:/common/software/install/migrated/mpc/1.0.3_gcc6.1.0/lib:/common/software/install/migrated/mpfr/3.1.4-p1_gcc6.1.0/lib:/common/software/install/migrated/gmp/6.1.0_gcc6.1.0/lib:/common/software/install/migrated/bzip2/1.0.6-gnu6.1.0_PIC/lib:/common/software/install/migrated/R/3.6.3/lib64/R/lib:/common/software/install/migrated/R/3.6.3/lib64:/common/software/install/migrated/libtiff/4.0.8/lib:/common/software/install/migrated/curl/7.59.0_gcc7.2.0/lib:/common/software/install/migrated/xz-utils/5.2.3_gcc7.2.0/lib:/common/software/install/migrated/pcre/8.42_gcc7.2.0/lib:/common/software/install/migrated/isl/0.18_gcc7.2.0/lib:/common/software/install/migrated/mpc/1.0.3_gcc7.2.0/lib:/common/software/install/migrated/mpfr/3.1.6_gcc7.2.0/lib:/common/software/install/migrated/gmp/6.1.2_gcc7.2.0/lib:/common/software/install/migrated/bzip2/1.0.6-gcc7.2.0/lib:/common/software/install/migrated/zlib/1.2.11_gcc7.2.0/lib:/home/lmnp/knut0297/software/modules/zlib/1.3.1/build/lib:/common/software/install/migrated/libgd/2.1.0/lib:/common/software/install/migrated/java/openjdk-8_202/lib:/common/software/install/migrated/java/openjdk-8_202/jre/lib/amd64/server:/common/software/install/migrated/cuda/11.2/lib64:/common/software/install/migrated/openmpi/el6/3.1.6/gnu-8.2.0-cuda/lib:/common/software/install/migrated/java/openjdk-11.0.2/lib:/common/software/install/migrated/java/openjdk-11.0.2/lib/jli:/common/software/install/migrated/java/openjdk-11.0.2/lib/server:/common/software/install/migrated/gcc/8.2.0/lib64:/common/software/install/migrated/isl/0.19_gcc8.1.0/lib:/common/software/install/migrated/mpc/1.1.0_gcc8.1.0/lib:/common/software/install/migrated/mpfr/4.0.1_gcc8.1.0/lib:/common/software/install/migrated/gmp/6.1.2_gcc8.1.0/lib:/common/software/install/migrated/gcc/8.1.0/lib64:/common/software/install/migrated/amber/amber20/lib:/common/software/install/migrated/gcc/7.2.0/lib64:/common/software/install/migrated/gcc/6.1.0/lib64'\'' LD_LIBRARY_PATH='\'''\'' '
++ for _mlv in ${MODULES_RUN_QUARANTINE:-}
++ '[' LD_PRELOAD = LD_PRELOAD ']'
++ '[' LD_PRELOAD = LD_PRELOAD ']'
+++ eval 'echo ${LD_PRELOAD+x}'
++++ echo
++ '[' -n '' ']'
++ _mlrv=MODULES_RUNENV_LD_PRELOAD
+++ eval 'echo ${MODULES_RUNENV_LD_PRELOAD:-}'
++++ echo
++ _mlre='__MODULES_QUAR_LD_LIBRARY_PATH='\''/common/software/install/migrated/libsequence/1.7.3/lib:/common/software/install/migrated/htslib/1.9_gcc-7.2.0_haswell/lib:/common/software/install/migrated/xz-utils/5.2.2_gcc6.1.0/lib:/common/software/install/migrated/isl/0.16.1_gcc6.1.0/lib:/common/software/install/migrated/mpc/1.0.3_gcc6.1.0/lib:/common/software/install/migrated/mpfr/3.1.4-p1_gcc6.1.0/lib:/common/software/install/migrated/gmp/6.1.0_gcc6.1.0/lib:/common/software/install/migrated/bzip2/1.0.6-gnu6.1.0_PIC/lib:/common/software/install/migrated/R/3.6.3/lib64/R/lib:/common/software/install/migrated/R/3.6.3/lib64:/common/software/install/migrated/libtiff/4.0.8/lib:/common/software/install/migrated/curl/7.59.0_gcc7.2.0/lib:/common/software/install/migrated/xz-utils/5.2.3_gcc7.2.0/lib:/common/software/install/migrated/pcre/8.42_gcc7.2.0/lib:/common/software/install/migrated/isl/0.18_gcc7.2.0/lib:/common/software/install/migrated/mpc/1.0.3_gcc7.2.0/lib:/common/software/install/migrated/mpfr/3.1.6_gcc7.2.0/lib:/common/software/install/migrated/gmp/6.1.2_gcc7.2.0/lib:/common/software/install/migrated/bzip2/1.0.6-gcc7.2.0/lib:/common/software/install/migrated/zlib/1.2.11_gcc7.2.0/lib:/home/lmnp/knut0297/software/modules/zlib/1.3.1/build/lib:/common/software/install/migrated/libgd/2.1.0/lib:/common/software/install/migrated/java/openjdk-8_202/lib:/common/software/install/migrated/java/openjdk-8_202/jre/lib/amd64/server:/common/software/install/migrated/cuda/11.2/lib64:/common/software/install/migrated/openmpi/el6/3.1.6/gnu-8.2.0-cuda/lib:/common/software/install/migrated/java/openjdk-11.0.2/lib:/common/software/install/migrated/java/openjdk-11.0.2/lib/jli:/common/software/install/migrated/java/openjdk-11.0.2/lib/server:/common/software/install/migrated/gcc/8.2.0/lib64:/common/software/install/migrated/isl/0.19_gcc8.1.0/lib:/common/software/install/migrated/mpc/1.1.0_gcc8.1.0/lib:/common/software/install/migrated/mpfr/4.0.1_gcc8.1.0/lib:/common/software/install/migrated/gmp/6.1.2_gcc8.1.0/lib:/common/software/install/migrated/gcc/8.1.0/lib64:/common/software/install/migrated/amber/amber20/lib:/common/software/install/migrated/gcc/7.2.0/lib64:/common/software/install/migrated/gcc/6.1.0/lib64'\'' LD_LIBRARY_PATH='\'''\'' LD_PRELOAD='\'''\'' '
++ '[' -n '__MODULES_QUAR_LD_LIBRARY_PATH='\''/common/software/install/migrated/libsequence/1.7.3/lib:/common/software/install/migrated/htslib/1.9_gcc-7.2.0_haswell/lib:/common/software/install/migrated/xz-utils/5.2.2_gcc6.1.0/lib:/common/software/install/migrated/isl/0.16.1_gcc6.1.0/lib:/common/software/install/migrated/mpc/1.0.3_gcc6.1.0/lib:/common/software/install/migrated/mpfr/3.1.4-p1_gcc6.1.0/lib:/common/software/install/migrated/gmp/6.1.0_gcc6.1.0/lib:/common/software/install/migrated/bzip2/1.0.6-gnu6.1.0_PIC/lib:/common/software/install/migrated/R/3.6.3/lib64/R/lib:/common/software/install/migrated/R/3.6.3/lib64:/common/software/install/migrated/libtiff/4.0.8/lib:/common/software/install/migrated/curl/7.59.0_gcc7.2.0/lib:/common/software/install/migrated/xz-utils/5.2.3_gcc7.2.0/lib:/common/software/install/migrated/pcre/8.42_gcc7.2.0/lib:/common/software/install/migrated/isl/0.18_gcc7.2.0/lib:/common/software/install/migrated/mpc/1.0.3_gcc7.2.0/lib:/common/software/install/migrated/mpfr/3.1.6_gcc7.2.0/lib:/common/software/install/migrated/gmp/6.1.2_gcc7.2.0/lib:/common/software/install/migrated/bzip2/1.0.6-gcc7.2.0/lib:/common/software/install/migrated/zlib/1.2.11_gcc7.2.0/lib:/home/lmnp/knut0297/software/modules/zlib/1.3.1/build/lib:/common/software/install/migrated/libgd/2.1.0/lib:/common/software/install/migrated/java/openjdk-8_202/lib:/common/software/install/migrated/java/openjdk-8_202/jre/lib/amd64/server:/common/software/install/migrated/cuda/11.2/lib64:/common/software/install/migrated/openmpi/el6/3.1.6/gnu-8.2.0-cuda/lib:/common/software/install/migrated/java/openjdk-11.0.2/lib:/common/software/install/migrated/java/openjdk-11.0.2/lib/jli:/common/software/install/migrated/java/openjdk-11.0.2/lib/server:/common/software/install/migrated/gcc/8.2.0/lib64:/common/software/install/migrated/isl/0.19_gcc8.1.0/lib:/common/software/install/migrated/mpc/1.1.0_gcc8.1.0/lib:/common/software/install/migrated/mpfr/4.0.1_gcc8.1.0/lib:/common/software/install/migrated/gmp/6.1.2_gcc8.1.0/lib:/common/software/install/migrated/gcc/8.1.0/lib64:/common/software/install/migrated/amber/amber20/lib:/common/software/install/migrated/gcc/7.2.0/lib64:/common/software/install/migrated/gcc/6.1.0/lib64'\'' LD_LIBRARY_PATH='\'''\'' LD_PRELOAD='\'''\'' ' ']'
++ _mlre='__MODULES_QUAR_LD_LIBRARY_PATH='\''/common/software/install/migrated/libsequence/1.7.3/lib:/common/software/install/migrated/htslib/1.9_gcc-7.2.0_haswell/lib:/common/software/install/migrated/xz-utils/5.2.2_gcc6.1.0/lib:/common/software/install/migrated/isl/0.16.1_gcc6.1.0/lib:/common/software/install/migrated/mpc/1.0.3_gcc6.1.0/lib:/common/software/install/migrated/mpfr/3.1.4-p1_gcc6.1.0/lib:/common/software/install/migrated/gmp/6.1.0_gcc6.1.0/lib:/common/software/install/migrated/bzip2/1.0.6-gnu6.1.0_PIC/lib:/common/software/install/migrated/R/3.6.3/lib64/R/lib:/common/software/install/migrated/R/3.6.3/lib64:/common/software/install/migrated/libtiff/4.0.8/lib:/common/software/install/migrated/curl/7.59.0_gcc7.2.0/lib:/common/software/install/migrated/xz-utils/5.2.3_gcc7.2.0/lib:/common/software/install/migrated/pcre/8.42_gcc7.2.0/lib:/common/software/install/migrated/isl/0.18_gcc7.2.0/lib:/common/software/install/migrated/mpc/1.0.3_gcc7.2.0/lib:/common/software/install/migrated/mpfr/3.1.6_gcc7.2.0/lib:/common/software/install/migrated/gmp/6.1.2_gcc7.2.0/lib:/common/software/install/migrated/bzip2/1.0.6-gcc7.2.0/lib:/common/software/install/migrated/zlib/1.2.11_gcc7.2.0/lib:/home/lmnp/knut0297/software/modules/zlib/1.3.1/build/lib:/common/software/install/migrated/libgd/2.1.0/lib:/common/software/install/migrated/java/openjdk-8_202/lib:/common/software/install/migrated/java/openjdk-8_202/jre/lib/amd64/server:/common/software/install/migrated/cuda/11.2/lib64:/common/software/install/migrated/openmpi/el6/3.1.6/gnu-8.2.0-cuda/lib:/common/software/install/migrated/java/openjdk-11.0.2/lib:/common/software/install/migrated/java/openjdk-11.0.2/lib/jli:/common/software/install/migrated/java/openjdk-11.0.2/lib/server:/common/software/install/migrated/gcc/8.2.0/lib64:/common/software/install/migrated/isl/0.19_gcc8.1.0/lib:/common/software/install/migrated/mpc/1.1.0_gcc8.1.0/lib:/common/software/install/migrated/mpfr/4.0.1_gcc8.1.0/lib:/common/software/install/migrated/gmp/6.1.2_gcc8.1.0/lib:/common/software/install/migrated/gcc/8.1.0/lib64:/common/software/install/migrated/amber/amber20/lib:/common/software/install/migrated/gcc/7.2.0/lib64:/common/software/install/migrated/gcc/6.1.0/lib64'\'' LD_LIBRARY_PATH='\'''\'' LD_PRELOAD='\'''\'' __MODULES_QUARANTINE_SET=1 '
+++ eval '__MODULES_QUAR_LD_LIBRARY_PATH='\''/common/software/install/migrated/libsequence/1.7.3/lib:/common/software/install/migrated/htslib/1.9_gcc-7.2.0_haswell/lib:/common/software/install/migrated/xz-utils/5.2.2_gcc6.1.0/lib:/common/software/install/migrated/isl/0.16.1_gcc6.1.0/lib:/common/software/install/migrated/mpc/1.0.3_gcc6.1.0/lib:/common/software/install/migrated/mpfr/3.1.4-p1_gcc6.1.0/lib:/common/software/install/migrated/gmp/6.1.0_gcc6.1.0/lib:/common/software/install/migrated/bzip2/1.0.6-gnu6.1.0_PIC/lib:/common/software/install/migrated/R/3.6.3/lib64/R/lib:/common/software/install/migrated/R/3.6.3/lib64:/common/software/install/migrated/libtiff/4.0.8/lib:/common/software/install/migrated/curl/7.59.0_gcc7.2.0/lib:/common/software/install/migrated/xz-utils/5.2.3_gcc7.2.0/lib:/common/software/install/migrated/pcre/8.42_gcc7.2.0/lib:/common/software/install/migrated/isl/0.18_gcc7.2.0/lib:/common/software/install/migrated/mpc/1.0.3_gcc7.2.0/lib:/common/software/install/migrated/mpfr/3.1.6_gcc7.2.0/lib:/common/software/install/migrated/gmp/6.1.2_gcc7.2.0/lib:/common/software/install/migrated/bzip2/1.0.6-gcc7.2.0/lib:/common/software/install/migrated/zlib/1.2.11_gcc7.2.0/lib:/home/lmnp/knut0297/software/modules/zlib/1.3.1/build/lib:/common/software/install/migrated/libgd/2.1.0/lib:/common/software/install/migrated/java/openjdk-8_202/lib:/common/software/install/migrated/java/openjdk-8_202/jre/lib/amd64/server:/common/software/install/migrated/cuda/11.2/lib64:/common/software/install/migrated/openmpi/el6/3.1.6/gnu-8.2.0-cuda/lib:/common/software/install/migrated/java/openjdk-11.0.2/lib:/common/software/install/migrated/java/openjdk-11.0.2/lib/jli:/common/software/install/migrated/java/openjdk-11.0.2/lib/server:/common/software/install/migrated/gcc/8.2.0/lib64:/common/software/install/migrated/isl/0.19_gcc8.1.0/lib:/common/software/install/migrated/mpc/1.1.0_gcc8.1.0/lib:/common/software/install/migrated/mpfr/4.0.1_gcc8.1.0/lib:/common/software/install/migrated/gmp/6.1.2_gcc8.1.0/lib:/common/software/install/migrated/gcc/8.1.0/lib64:/common/software/install/migrated/amber/amber20/lib:/common/software/install/migrated/gcc/7.2.0/lib64:/common/software/install/migrated/gcc/6.1.0/lib64'\''' 'LD_LIBRARY_PATH='\'''\''' 'LD_PRELOAD='\'''\''' __MODULES_QUARANTINE_SET=1 /usr/bin/tclsh /usr/share/Modules/libexec/modulecmd.tcl bash '"$@"'
++++ __MODULES_QUAR_LD_LIBRARY_PATH=/common/software/install/migrated/libsequence/1.7.3/lib:/common/software/install/migrated/htslib/1.9_gcc-7.2.0_haswell/lib:/common/software/install/migrated/xz-utils/5.2.2_gcc6.1.0/lib:/common/software/install/migrated/isl/0.16.1_gcc6.1.0/lib:/common/software/install/migrated/mpc/1.0.3_gcc6.1.0/lib:/common/software/install/migrated/mpfr/3.1.4-p1_gcc6.1.0/lib:/common/software/install/migrated/gmp/6.1.0_gcc6.1.0/lib:/common/software/install/migrated/bzip2/1.0.6-gnu6.1.0_PIC/lib:/common/software/install/migrated/R/3.6.3/lib64/R/lib:/common/software/install/migrated/R/3.6.3/lib64:/common/software/install/migrated/libtiff/4.0.8/lib:/common/software/install/migrated/curl/7.59.0_gcc7.2.0/lib:/common/software/install/migrated/xz-utils/5.2.3_gcc7.2.0/lib:/common/software/install/migrated/pcre/8.42_gcc7.2.0/lib:/common/software/install/migrated/isl/0.18_gcc7.2.0/lib:/common/software/install/migrated/mpc/1.0.3_gcc7.2.0/lib:/common/software/install/migrated/mpfr/3.1.6_gcc7.2.0/lib:/common/software/install/migrated/gmp/6.1.2_gcc7.2.0/lib:/common/software/install/migrated/bzip2/1.0.6-gcc7.2.0/lib:/common/software/install/migrated/zlib/1.2.11_gcc7.2.0/lib:/home/lmnp/knut0297/software/modules/zlib/1.3.1/build/lib:/common/software/install/migrated/libgd/2.1.0/lib:/common/software/install/migrated/java/openjdk-8_202/lib:/common/software/install/migrated/java/openjdk-8_202/jre/lib/amd64/server:/common/software/install/migrated/cuda/11.2/lib64:/common/software/install/migrated/openmpi/el6/3.1.6/gnu-8.2.0-cuda/lib:/common/software/install/migrated/java/openjdk-11.0.2/lib:/common/software/install/migrated/java/openjdk-11.0.2/lib/jli:/common/software/install/migrated/java/openjdk-11.0.2/lib/server:/common/software/install/migrated/gcc/8.2.0/lib64:/common/software/install/migrated/isl/0.19_gcc8.1.0/lib:/common/software/install/migrated/mpc/1.1.0_gcc8.1.0/lib:/common/software/install/migrated/mpfr/4.0.1_gcc8.1.0/lib:/common/software/install/migrated/gmp/6.1.2_gcc8.1.0/lib:/common/software/install/migrated/gcc/8.1.0/lib64:/common/software/install/migrated/amber/amber20/lib:/common/software/install/migrated/gcc/7.2.0/lib64:/common/software/install/migrated/gcc/6.1.0/lib64
++++ LD_LIBRARY_PATH=
++++ LD_PRELOAD=
++++ __MODULES_QUARANTINE_SET=1
++++ /usr/bin/tclsh /usr/share/Modules/libexec/modulecmd.tcl bash unload R/3.4.4-tiff
++ eval ''
++ _mlstatus=0
++ '[' -n x ']'
++ IFS=' 	
'
++ unset _mlre _mlv _mlrv _mlIFS
++ return 0
+ bash /users/3/pier0273/morrell_lab/sequence_handling/Config_fastp
+ source /users/3/pier0273/morrell_lab/sequence_handling/HelperScripts/utils.sh
++ export -f checkSamples
++ export -f checkSamplesCustomJobArrRM
++ export -f checkDependencies
++ export -f compare_versions
++ export -f checkVersion
++ export -f getMemory
++ export -f getThreads
++ export -f checkPicard
++ export -f checkGATK
++ export -f checkVCF
++ export -f createDict
++ export -f checkDict
++ export -f checkBaiIndex
++ export -f checkMinimap2Index
++ export -f checkGvcfIndex
+ mkdir -p /users/3/pier0273/morrell_lab/drosphila
+ [[ -w /users/3/pier0273/morrell_lab/drosphila ]]
+ case "$3" in
+ ERROR=/users/3/pier0273/morrell_lab/drosphila/Error_Files
+ mkdir -p /users/3/pier0273/morrell_lab/drosphila/Error_Files
+ case "${ROUTINE}" in
++ basename sequence_handling_fastp
+ echo 'sequence_handling_fastp: Running fastp handler...'
sequence_handling_fastp: Running fastp handler...
+ source /users/3/pier0273/morrell_lab/sequence_handling/Handlers/Fastp.sh
++ set -o pipefail
++ Fastp_Handler_Dependencies=(fastp parallel)
++ declare -a Fastp_Handler_Dependencies
++ export -f runFastpPaired
++ export -f runFastpSingle
+ checkDependencies 'Fastp_Handler_Dependencies[@]'
+ dependencies=("${!1}")
+ local dependencies
+ for dep in "${dependencies[@]}"
++ command -v fastp
+ for dep in "${dependencies[@]}"
++ command -v parallel
+ [[ 0 -ne 0 ]]
+ [[ true == true ]]
+ sbatch --job-name=drosophila_full_dataset_Fastp_Handler --nodes=1 --ntasks-per-node=4 --mem=20gb --tmp=10gb -t 06:00:00 --mail-type=ALL --mail-user=pier0273@umn.edu -p msismall -o /users/3/pier0273/morrell_lab/drosphila/Error_Files/drosophila_full_dataset_Fastp_Handler.%j.out -e /users/3/pier0273/morrell_lab/drosphila/Error_Files/drosophila_full_dataset_Fastp_Handler.%j.err /users/3/pier0273/morrell_lab/sequence_handling/SlurmJobScripts/Fastp_Handler.job /users/3/pier0273/morrell_lab/sequence_handling/Config_fastp /users/3/pier0273/morrell_lab/sequence_handling
sbatch: Setting account: schmidtd
Submitted batch job 35195028
